candidate_identity_key,eccv_first_author_name,eccv_first_author_affiliation_raw,eccv_selected_paper_count,eccv_virtual_poster_ids,eccv_titles,source_policy,scholar_status,scholar_profile_url,scholar_search_url,scholar_identity_evidence_url,unknown_reason,eligible_prior_work_count,first_listed_unmarked_count,explicit_equal_contribution_first_count,contribution_marker_unknown_count
cai_1018n5o,Jini Yang,KAIST AI,1,3139,TETO: Tracking Events with Teacher Observation for Motion Estimation and Frame Interpolation,google_scholar_only,matched,https://scholar.google.com/citations?user=yofPRtwAAAAJ&hl=ko&oi=sra,https://scholar.google.com/scholar?q=TETO%3A+Tracking+Events+with+Teacher+Observation+for+Motion+Estimation+and+Frame+Interpolation,https://scholar.google.com/citations?user=yofPRtwAAAAJ&hl=ko&oi=sra,,0,0,0,0
cai_1054qqb,Suyoung Yang,Yonsei University,1,5723,Attention-Logit Steering to Compositional Generalization for Continual VQA,google_scholar_only,unknown,,https://scholar.google.com/scholar?q=Attention-Logit+Steering+to+Compositional+Generalization+for+Continual+VQA,,no_verified_profile_title_match,,,,
cai_10csqcn,Jouwon Song,LG Corporation,1,5909,Structured Redundancy Modeling for Efficient Visual Token Pruning in High-Resolution MLLMs,google_scholar_only,matched,https://scholar.google.com/citations?user=H5vn5JIAAAAJ&hl=ko&oi=sra,https://scholar.google.com/scholar?q=Structured+Redundancy+Modeling+for+Efficient+Visual+Token+Pruning+in+High-Resolution+MLLMs,https://scholar.google.com/citations?user=H5vn5JIAAAAJ&hl=ko&oi=sra,,0,0,0,0
cai_10dcrrm,Seonmi Park,Gwangju Institute of Science and Technology,1,3674,Bridging Online and Offline Handwriting via Differentiable Physical Rendering,google_scholar_only,matched,https://scholar.google.com/citations?user=_jdAVpYAAAAJ&hl=ko&oi=sra,https://scholar.google.com/scholar?q=Bridging+Online+and+Offline+Handwriting+via+Differentiable+Physical+Rendering,https://scholar.google.com/citations?user=_jdAVpYAAAAJ&hl=ko&oi=sra,,1,1,0,0
cai_10q2myd,Mingyeong Song,Ewha Women's University,1,5007,JointHOI: Jointly Generating Contact Maps Enhances Hand Object Interaction Generation,google_scholar_only,unknown,,https://scholar.google.com/scholar?q=JointHOI%3A+Jointly+Generating+Contact+Maps+Enhances+Hand+Object+Interaction+Generation,,scholar_access_blocked,,,,
cai_112zspb,Youngsik Yun,Yonsei University,1,3745,Do Flat Minima Improve Sparse Novel View Synthesis?,google_scholar_only,unknown,,https://scholar.google.com/scholar?q=Do+Flat+Minima+Improve+Sparse+Novel+View+Synthesis%3F,,scholar_access_blocked,,,,
cai_11rcyvl,Sungjune Kim,Korea University,1,3528,Path-level Hindsight Instructions for Semantic Exploration in Vision-Language Navigation,google_scholar_only,unknown,,https://scholar.google.com/scholar?q=Path-level+Hindsight+Instructions+for+Semantic+Exploration+in+Vision-Language+Navigation,,scholar_access_blocked,,,,
cai_11z16or,Moonyeon Jeong,"Computer Vision Lab, University of Seoul",1,3759,ViewSplat: View-Adaptive Dynamic Gaussian Splatting for Feed-Forward Synthesis,google_scholar_only,unknown,,https://scholar.google.com/scholar?q=ViewSplat%3A+View-Adaptive+Dynamic+Gaussian+Splatting+for+Feed-Forward+Synthesis,,scholar_access_blocked,,,,
cai_12doui9,Saad Wazir,"Korea Advanced Institute of Science & Technology (KAIST), Daejeon",1,4399,MedCAGD: Context-Aware Gated Decoder for Robust Medical Image Segmentation,google_scholar_only,matched,https://scholar.google.com/citations?user=hMSbyCoAAAAJ&hl=ko&oi=sra,https://scholar.google.com/scholar?q=MedCAGD%3A+Context-Aware+Gated+Decoder+for+Robust+Medical+Image+Segmentation,https://scholar.google.com/citations?user=hMSbyCoAAAAJ&hl=ko&oi=sra,,1,1,0,0
cai_12g2vk1,Seongmin Jung,Seoul National University,1,4323,PanoGrounder: Bridging 2D and 3D with Panoramic Scene Representations for VLM-based 3D Visual Grounding,google_scholar_only,unknown,,https://scholar.google.com/scholar?q=PanoGrounder%3A+Bridging+2D+and+3D+with+Panoramic+Scene+Representations+for+VLM-based+3D+Visual+Grounding,,scholar_access_blocked,,,,
cai_12hulj8,Yuhwan Jeong,KAIST,1,3978,FrozenDrive: Zero-Shot Text-Guided Driving Scene Generation and Data Augmentation with Parameter-Free Frozen Diffusion Model,google_scholar_only,unknown,,https://scholar.google.com/scholar?q=FrozenDrive%3A+Zero-Shot+Text-Guided+Driving+Scene+Generation+and+Data+Augmentation+with+Parameter-Free+Frozen+Diffusion+Model,,scholar_access_blocked,,,,
cai_12jd1n6,Soyeon Kim,"Korea Advanced Institute of Science and Technology (KAIST), INEEJI Corp.",1,5647,Diffusion Integrated Gradients: Controllable Path Generation for Flexible Feature Attribution,google_scholar_only,unknown,,https://scholar.google.com/scholar?q=Diffusion+Integrated+Gradients%3A+Controllable+Path+Generation+for+Flexible+Feature+Attribution,,scholar_access_blocked,,,,
cai_12ozdml,Yu-Ji Kim,POSTECH,1,4036,Enhancing Embodied Reasoning and Grounding by Novel View Synthesis,google_scholar_only,unknown,,https://scholar.google.com/scholar?q=Enhancing+Embodied+Reasoning+and+Grounding+by+Novel+View+Synthesis,,scholar_access_blocked,,,,
cai_12x2ya,Bryan Sangwoo Kim,Korea Advanced Institute of Science & Technology,1,4355,Tiled Prompts: Overcoming Prompt Misguidance in Image and Video Super-Resolution,google_scholar_only,unknown,,https://scholar.google.com/scholar?q=Tiled+Prompts%3A+Overcoming+Prompt+Misguidance+in+Image+and+Video+Super-Resolution,,scholar_access_blocked,,,,
cai_131dxvq,Junseong Shin,Hanyang University,1,5668,PRISM: Latent Composition Consistency for Single-Image Reflection Removal,google_scholar_only,unknown,,https://scholar.google.com/scholar?q=PRISM%3A+Latent+Composition+Consistency+for+Single-Image+Reflection+Removal,,scholar_access_blocked,,,,
cai_135jdof,Geunhyuk Youk,KAIST,2,5366; 5371,AVSR-Diff: Scale-Agnostic Diffusion Priors for Temporally Consistent Arbitrary-Scale Video Super-Resolution || FMA-Net++: Motion- and Exposure-Aware Joint Video Super-Resolution and Deblurring,google_scholar_only,unknown,,https://scholar.google.com/scholar?q=FMA-Net%2B%2B%3A+Motion-+and+Exposure-Aware+Joint+Video+Super-Resolution+and+Deblurring,,scholar_access_blocked,,,,
cai_13hpuu3,Youngho Kim,Korea Advanced Institute of Science & Technology,1,4118,GoStop: Reinforcement Learning for Adaptive Temporal Aggregation in Event-Based Feature Tracking,google_scholar_only,unknown,,https://scholar.google.com/scholar?q=GoStop%3A+Reinforcement+Learning+for+Adaptive+Temporal+Aggregation+in+Event-Based+Feature+Tracking,,scholar_access_blocked,,,,
cai_14hrbwy,Youngjun Lee,KAIST,1,5036,CURE: Cumulative Knowledge Reuse for Efficient Device-Server Hybrid Inference in Vision-Language Models,google_scholar_only,unknown,,https://scholar.google.com/scholar?q=CURE%3A+Cumulative+Knowledge+Reuse+for+Efficient+Device-Server+Hybrid+Inference+in+Vision-Language+Models,,scholar_access_blocked,,,,
cai_14mb7nm,Sangkyu Lee,Korea Institute of Science and Technology,1,4249,Spanning Tree Autoregressive Visual Generation,google_scholar_only,unknown,,https://scholar.google.com/scholar?q=Spanning+Tree+Autoregressive+Visual+Generation,,scholar_access_blocked,,,,
cai_14o5u5o,Jonghun Kim,Sungkyunkwan University,1,3287,Posterior Samplings are Missing Modalities Generators for Medical Image Translation,google_scholar_only,unknown,,https://scholar.google.com/scholar?q=Posterior+Samplings+are+Missing+Modalities+Generators+for+Medical+Image+Translation,,scholar_access_blocked,,,,
cai_14sbmjs,Yejee Shin,Yonsei University,1,5224,Unified Multi-plane Autoregressive Diffusion for 3D Multi-Contrast MRI Synthesis,google_scholar_only,unknown,,https://scholar.google.com/scholar?q=Unified+Multi-plane+Autoregressive+Diffusion+for+3D+Multi-Contrast+MRI+Synthesis,,scholar_access_blocked,,,,
cai_14v5ugr,JaeHyun Park,Seoul National University,1,4342,Following Motion for Sequential Modeling in Video Frame Interpolation,google_scholar_only,unknown,,https://scholar.google.com/scholar?q=Following+Motion+for+Sequential+Modeling+in+Video+Frame+Interpolation,,scholar_access_blocked,,,,
cai_14z01lt,Hyesong Choi,Ewha W. University,2,5759; 5764,Isotropic Embedding Perturbations for Robust Vision Language Encoders || ECC: Encoder-Centric Corruption for Fine-Grained Vision in VLMs,google_scholar_only,unknown,,https://scholar.google.com/scholar?q=ECC%3A+Encoder-Centric+Corruption+for+Fine-Grained+Vision+in+VLMs,,scholar_access_blocked,,,,
cai_14zol5l,Donghyun Kim,Emory University; Yonsei University,1,3930,Delaunay Canopy: Building Wireframe Reconstruction from Airborne LiDAR Point Clouds via Delaunay Graph,google_scholar_only,unknown,,https://scholar.google.com/scholar?q=Delaunay+Canopy%3A+Building+Wireframe+Reconstruction+from+Airborne+LiDAR+Point+Clouds+via+Delaunay+Graph,,scholar_access_blocked,,,,
cai_15hmn5b,Kyobin Choo,Yonsei University,1,4226,QWERTY: Training-Free Motion Control via Query-Warped Video Diffusion Transformers,google_scholar_only,unknown,,https://scholar.google.com/scholar?q=QWERTY%3A+Training-Free+Motion+Control+via+Query-Warped+Video+Diffusion+Transformers,,scholar_access_blocked,,,,
cai_160v8n0,Hoiyeong Jin,KAIST,1,4205,InsertAnywhere: Geometrically Grounded and Optics-Aware Video Object Insertion,google_scholar_only,unknown,,https://scholar.google.com/scholar?q=InsertAnywhere%3A+Geometrically+Grounded+and+Optics-Aware+Video+Object+Insertion,,scholar_access_blocked,,,,
cai_1672kz7,Jin Hong,Chung-Ang University,1,4432,C3ASD: Multi-Level Consistency-Driven Representation Learning for Robust Active Speaker Detection,google_scholar_only,unknown,,https://scholar.google.com/scholar?q=C3ASD%3A+Multi-Level+Consistency-Driven+Representation+Learning+for+Robust+Active+Speaker+Detection,,scholar_access_blocked,,,,
cai_168kmvb,Daeyeon Kim,POSTECH,1,3904,REON-NVS: Real-Time Online Novel-View Synthesis from Sparse-View Videos,google_scholar_only,unknown,,https://scholar.google.com/scholar?q=REON-NVS%3A+Real-Time+Online+Novel-View+Synthesis+from+Sparse-View+Videos,,scholar_access_blocked,,,,
cai_16kt7l8,Jeongwan On,UNIST,1,3183,Multi-THuMBS: Multi-person Tracking of 3D Human Meshes Beyond Video Shots,google_scholar_only,unknown,,https://scholar.google.com/scholar?q=Multi-THuMBS%3A+Multi-person+Tracking+of+3D+Human+Meshes+Beyond+Video+Shots,,scholar_access_blocked,,,,
cai_16lmauc,Hyunsoo Lee,Seoul National University,1,4695,Accelerated Likelihood Maximization for Diffusion-based Versatile Content Generation,google_scholar_only,unknown,,https://scholar.google.com/scholar?q=Accelerated+Likelihood+Maximization+for+Diffusion-based+Versatile+Content+Generation,,scholar_access_blocked,,,,
cai_174cqdx,Joo Young Choi,KRAFTON,1,5296,"Every Dog Has Its Day, Probably: A Balanced Synthetic Benchmark and Probabilistic Modeling for 3D Dog Pose Estimation",google_scholar_only,unknown,,https://scholar.google.com/scholar?q=Every+Dog+Has+Its+Day%2C+Probably%3A+A+Balanced+Synthetic+Benchmark+and+Probabilistic+Modeling+for+3D+Dog+Pose+Estimation,,scholar_access_blocked,,,,
cai_176x63n,Kang MinSeok,Chung-Ang University,1,5854,Prune Once: Retraining-Free Task-Agnostic Pruning for Vision-Language Models,google_scholar_only,unknown,,https://scholar.google.com/scholar?q=Prune+Once%3A+Retraining-Free+Task-Agnostic+Pruning+for+Vision-Language+Models,,scholar_access_blocked,,,,
cai_17clweh,Kwonyoung Ryu,Pohang University of Science and Technology,1,5627,Extending a Large View Synthesis Model for Multi-view Panoptic Segmentation,google_scholar_only,unknown,,https://scholar.google.com/scholar?q=Extending+a+Large+View+Synthesis+Model+for+Multi-view+Panoptic+Segmentation,,scholar_access_blocked,,,,
cai_17oxlre,Jinwoo Jang,Sungkyunkwan University,1,5948,Multi-scale Mixture of World Models for Embodied Agents in Evolving Environments,google_scholar_only,unknown,,https://scholar.google.com/scholar?q=Multi-scale+Mixture+of+World+Models+for+Embodied+Agents+in+Evolving+Environments,,scholar_access_blocked,,,,
cai_180le5h,Dongsu Song,Korea Aerospace University,1,4370,SegPAR: Class-Centric Decision-Based Sparse Attack for Semantic Segmentation,google_scholar_only,unknown,,https://scholar.google.com/scholar?q=SegPAR%3A+Class-Centric+Decision-Based+Sparse+Attack+for+Semantic+Segmentation,,scholar_access_blocked,,,,
cai_181h3s9,Hyekang Park,Yonsei university,1,4309,Learning Probabilistic Prompt for Continual Learning,google_scholar_only,unknown,,https://scholar.google.com/scholar?q=Learning+Probabilistic+Prompt+for+Continual+Learning,,scholar_access_blocked,,,,
cai_1849jvr,Jinho Kim,Yonsei University,1,4299,Dual-Output Multi-Exposure HDR Reconstruction via SDR Fusion and Gain Map Inverse Tone Mapping,google_scholar_only,unknown,,https://scholar.google.com/scholar?q=Dual-Output+Multi-Exposure+HDR+Reconstruction+via+SDR+Fusion+and+Gain+Map+Inverse+Tone+Mapping,,scholar_access_blocked,,,,
cai_18buty,Jaeyoung Chung,Seoul National University,1,5295,Map2World: Segment Map Conditioned Text to 3D World Generation,google_scholar_only,unknown,,https://scholar.google.com/scholar?q=Map2World%3A+Segment+Map+Conditioned+Text+to+3D+World+Generation,,scholar_access_blocked,,,,
cai_18cbfg7,Min Hyeok Bang,Jeonbuk National University,1,4174,Geometry-Aware Style Transfer in 3D Gaussian Splatting,google_scholar_only,unknown,,https://scholar.google.com/scholar?q=Geometry-Aware+Style+Transfer+in+3D+Gaussian+Splatting,,scholar_access_blocked,,,,
cai_18fxd9z,Geo Ahn,Kyung Hee University,1,3461,Why Can't I Open My Drawer? Mitigating Object-Driven Shortcuts in Zero-Shot Compositional Action Recognition,google_scholar_only,unknown,,https://scholar.google.com/scholar?q=Why+Can%27t+I+Open+My+Drawer%3F+Mitigating+Object-Driven+Shortcuts+in+Zero-Shot+Compositional+Action+Recognition,,scholar_access_blocked,,,,
cai_18w3st,Byoungwoo Kim,KAIST,1,3383,ProSR: Semantic-Prototype-Guided Discrete Modeling for Physically Consistent SAR Super-Resolution,google_scholar_only,unknown,,https://scholar.google.com/scholar?q=ProSR%3A+Semantic-Prototype-Guided+Discrete+Modeling+for+Physically+Consistent+SAR+Super-Resolution,,scholar_access_blocked,,,,
cai_18x3r1d,Dogyun Park,Korea University,1,5488,EFlow: Fast Few-Step Video Generator Training from Scratch via Efficient Solution Flow,google_scholar_only,unknown,,https://scholar.google.com/scholar?q=EFlow%3A+Fast+Few-Step+Video+Generator+Training+from+Scratch+via+Efficient+Solution+Flow,,scholar_access_blocked,,,,
cai_19a1klw,Inpyo Song,SungKyunKwan University,1,5841,Bounding-Box Trajectories Matter for Video Anomaly Detection,google_scholar_only,unknown,,https://scholar.google.com/scholar?q=Bounding-Box+Trajectories+Matter+for+Video+Anomaly+Detection,,scholar_access_blocked,,,,
cai_19ar351,Jooyeol Yun,Korea Advanced Institute of Science and Technology,1,3480,ReDesign: Recovering Editable Design Structures from Raster Images via Agentic Decomposition,google_scholar_only,unknown,,https://scholar.google.com/scholar?q=ReDesign%3A+Recovering+Editable+Design+Structures+from+Raster+Images+via+Agentic+Decomposition,,scholar_access_blocked,,,,
cai_19cht8g,Min-Jung Kim,KAIST,1,4255,Infinite-Homography as Robust Conditioning for Camera-Controlled Video Generation,google_scholar_only,unknown,,https://scholar.google.com/scholar?q=Infinite-Homography+as+Robust+Conditioning+for+Camera-Controlled+Video+Generation,,scholar_access_blocked,,,,
cai_19esvks,Seonghwan Park,Korea Electronics Technology Institute (KETI),1,5630,Exploiting Local Flatness for Efficient Out-of-Distribution Detection,google_scholar_only,unknown,,https://scholar.google.com/scholar?q=Exploiting+Local+Flatness+for+Efficient+Out-of-Distribution+Detection,,scholar_access_blocked,,,,
cai_19fod1y,Yunseok Yang,Jeonbuk National University,1,4884,PDF-Omni: Poincaré Dual Disk Distortion Field-based Recurrent Update for Omnidirectional Stereo Matching,google_scholar_only,unknown,,https://scholar.google.com/scholar?q=PDF-Omni%3A+Poincar%C3%A9+Dual+Disk+Distortion+Field-based+Recurrent+Update+for+Omnidirectional+Stereo+Matching,,scholar_access_blocked,,,,
cai_1a10uti,Byeonghun Lee,Korea University,1,5013,ReAL: Reference-to-Image (R2I) Aware Latent Diffusion for Image Super-Resolution,google_scholar_only,unknown,,https://scholar.google.com/scholar?q=ReAL%3A+Reference-to-Image+%28R2I%29+Aware+Latent+Diffusion+for+Image+Super-Resolution,,scholar_access_blocked,,,,
cai_1a61p0s,Seonghyun Jin,Korea Advanced Institute of Science & Technology,1,4732,FILT3R: Latent State Adaptive Kalman Filter for Streaming 3D Reconstruction,google_scholar_only,unknown,,https://scholar.google.com/scholar?q=FILT3R%3A+Latent+State+Adaptive+Kalman+Filter+for+Streaming+3D+Reconstruction,,scholar_access_blocked,,,,
cai_1a82rny,Dong-Hyun Moon,Inha University,1,5314,SARIF: Segment Anything for Robust Image Forensics,google_scholar_only,unknown,,https://scholar.google.com/scholar?q=SARIF%3A+Segment+Anything+for+Robust+Image+Forensics,,scholar_access_blocked,,,,
cai_1a9381q,Heejun Park,Korea Advanced Institute of Science & Technology,1,4159,"RAF: Reliability-Aware Fusion of Camera, LiDAR, and 4D RADAR for Robust 3D Object Detection in Adverse Weather",google_scholar_only,unknown,,https://scholar.google.com/scholar?q=RAF%3A+Reliability-Aware+Fusion+of+Camera%2C+LiDAR%2C+and+4D+RADAR+for+Robust+3D+Object+Detection+in+Adverse+Weather,,scholar_access_blocked,,,,
cai_1aaah60,Jaerin Lee,Seoul National University,1,5518,Vector Scaffolding: Inter-Scale Orchestration for Differentiable Image Vectorization,google_scholar_only,unknown,,https://scholar.google.com/scholar?q=Vector+Scaffolding%3A+Inter-Scale+Orchestration+for+Differentiable+Image+Vectorization,,scholar_access_blocked,,,,
cai_1ai4ln6,Mansoo Jung,Seoul National University,1,4612,MixTTA: Low-Rank Cross-Channel Mixing for Reliable Test-Time Adaptation,google_scholar_only,unknown,,https://scholar.google.com/scholar?q=MixTTA%3A+Low-Rank+Cross-Channel+Mixing+for+Reliable+Test-Time+Adaptation,,scholar_access_blocked,,,,
cai_1avphu5,Mingi Kim,Chungnam National University,1,4696,BrepCoder: A Unified Multimodal Large Language Model for Multi-task B-rep Reasoning,google_scholar_only,unknown,,https://scholar.google.com/scholar?q=BrepCoder%3A+A+Unified+Multimodal+Large+Language+Model+for+Multi-task+B-rep+Reasoning,,scholar_access_blocked,,,,
cai_1b0qrk4,Seonho Lee,Sogang university,1,5958,Remembering Across Blocks: Topology-Conditioned Block-Progressive Memory for Skeleton-Based Action Recognition,google_scholar_only,unknown,,https://scholar.google.com/scholar?q=Remembering+Across+Blocks%3A+Topology-Conditioned+Block-Progressive+Memory+for+Skeleton-Based+Action+Recognition,,scholar_access_blocked,,,,
cai_1bubn2q,Geon Tack Lee,Korea Advanced Institute of Science & Technology; New York University Abu Dhabi,1,3650,Denoised Variance-Based Pruning with Optimal Brain Bias Compensation,google_scholar_only,unknown,,https://scholar.google.com/scholar?q=Denoised+Variance-Based+Pruning+with+Optimal+Brain+Bias+Compensation,,scholar_access_blocked,,,,
cai_1bw2xeo,Seo-Yeon Choi,Jeonbuk National University,1,5444,Semantic Line Diffusion: Character-Consistent Line Art from text-annotated Storyboards,google_scholar_only,unknown,,https://scholar.google.com/scholar?q=Semantic+Line+Diffusion%3A+Character-Consistent+Line+Art+from+text-annotated+Storyboards,,scholar_access_blocked,,,,
cai_1c6rbs6,Minh Son Hoang,Korea Advanced Institute of Science & Technology,1,4909,FreqOrtho-SR: Frequency-Guided Orthogonal Expert Learning for Real-World Image Super-Resolution,google_scholar_only,unknown,,https://scholar.google.com/scholar?q=FreqOrtho-SR%3A+Frequency-Guided+Orthogonal+Expert+Learning+for+Real-World+Image+Super-Resolution,,scholar_access_blocked,,,,
cai_1cjlfph,Taeho Kang,Seoul National University,1,4552,Cross-View Yaw Estimation in Location Uncertainty with Line-Aligning Yaw Scoring,google_scholar_only,unknown,,https://scholar.google.com/scholar?q=Cross-View+Yaw+Estimation+in+Location+Uncertainty+with+Line-Aligning+Yaw+Scoring,,scholar_access_blocked,,,,
cai_1cqvt79,Sangmin Han,LG Electronics,1,4269,LIIFusion: Coarse-to-fine Framework for Generative MEF via Implicit Neural Representation,google_scholar_only,unknown,,https://scholar.google.com/scholar?q=LIIFusion%3A+Coarse-to-fine+Framework+for+Generative+MEF+via+Implicit+Neural+Representation,,scholar_access_blocked,,,,
cai_1cwcdyg,Jonghyun Kim,LG Electronics,1,4276,Single-Query Person-Centric Bimanual Hand-Object Interaction Detection,google_scholar_only,unknown,,https://scholar.google.com/scholar?q=Single-Query+Person-Centric+Bimanual+Hand-Object+Interaction+Detection,,scholar_access_blocked,,,,
cai_1d1f4lw,Junha Lee,South Korea,1,4336,AffoGato: Open-Vocabulary Affordance Grounding with Automated Data Generation at Scale,google_scholar_only,unknown,,https://scholar.google.com/scholar?q=AffoGato%3A+Open-Vocabulary+Affordance+Grounding+with+Automated+Data+Generation+at+Scale,,scholar_access_blocked,,,,
cai_1dfrfb7,Jihyun Lee,Sung Kyun Kwan University,1,5215,Mitigating Modality and Language-Style Gaps for Zero-Shot Video Moment Retrieval,google_scholar_only,unknown,,https://scholar.google.com/scholar?q=Mitigating+Modality+and+Language-Style+Gaps+for+Zero-Shot+Video+Moment+Retrieval,,scholar_access_blocked,,,,
cai_1dl94c2,Kihyun Na,Handong Global University,1,4096,"Rethinking Garment Conditioning in Diffusion-based Virtual Try-On: Decouple, Don't Denoise",google_scholar_only,unknown,,https://scholar.google.com/scholar?q=Rethinking+Garment+Conditioning+in+Diffusion-based+Virtual+Try-On%3A+Decouple%2C+Don%27t+Denoise,,scholar_access_blocked,,,,
cai_1dmv880,Cheng-Yaw Low,Changwon National University,1,4527,Dual-Margin Embedding for Fine-Grained Long-Tailed Plant Taxonomy,google_scholar_only,unknown,,https://scholar.google.com/scholar?q=Dual-Margin+Embedding+for+Fine-Grained+Long-Tailed+Plant+Taxonomy,,scholar_access_blocked,,,,
cai_1e07dad,Jiwon Kim,Seoul National University,1,4822,WARP: Wide Attention with Rich Projections for Image Super-Resolution,google_scholar_only,unknown,,https://scholar.google.com/scholar?q=WARP%3A+Wide+Attention+with+Rich+Projections+for+Image+Super-Resolution,,scholar_access_blocked,,,,
cai_1e8w2lv,Seunghyeon Kim,POSTECH,1,5152,Activation Quantization of Vision Encoders Needs Prefixing Registers,google_scholar_only,unknown,,https://scholar.google.com/scholar?q=Activation+Quantization+of+Vision+Encoders+Needs+Prefixing+Registers,,scholar_access_blocked,,,,
cai_1ek7qzh,Taehun Kong,LG Electronics,1,5016,STVFocus: Query-guided Spatio-Temporal Visual Focusing for Video LLMs,google_scholar_only,unknown,,https://scholar.google.com/scholar?q=STVFocus%3A+Query-guided+Spatio-Temporal+Visual+Focusing+for+Video+LLMs,,scholar_access_blocked,,,,
cai_1f5a4rn,Jungsu Kim,Yonsei University,1,4335,HiChor: Hierarchical Choreography Generation from Pop Music with Choreographic Primitives,google_scholar_only,unknown,,https://scholar.google.com/scholar?q=HiChor%3A+Hierarchical+Choreography+Generation+from+Pop+Music+with+Choreographic+Primitives,,scholar_access_blocked,,,,
cai_1f7fb09,Yunseo Yang,KAIST,1,4019,PriSplat: Propagating Reliable Multi-view Information for Distractor-Free 3DGS,google_scholar_only,unknown,,https://scholar.google.com/scholar?q=PriSplat%3A+Propagating+Reliable+Multi-view+Information+for+Distractor-Free+3DGS,,scholar_access_blocked,,,,
cai_1fhyq5f,Hyunmin Cho,Korea University,1,5714,Recurrent Sinusoidal INRs for Efficient High-Fidelity Representation,google_scholar_only,unknown,,https://scholar.google.com/scholar?q=Recurrent+Sinusoidal+INRs+for+Efficient+High-Fidelity+Representation,,scholar_access_blocked,,,,
cai_1fkh01b,Jaehyun Jang,KAIST,1,5853,Token-level Response-visual Attention Guidance for Multimodal LLMs Knowledge Distillation,google_scholar_only,unknown,,https://scholar.google.com/scholar?q=Token-level+Response-visual+Attention+Guidance+for+Multimodal+LLMs+Knowledge+Distillation,,scholar_access_blocked,,,,
cai_1frm1kx,Daeun Lee,Sung Kyun Kwan University,1,5616,DICE: Disentangled Instance-Class knowlEdge prompt tuning via SAE for Vision-Language Models,google_scholar_only,unknown,,https://scholar.google.com/scholar?q=DICE%3A+Disentangled+Instance-Class+knowlEdge+prompt+tuning+via+SAE+for+Vision-Language+Models,,scholar_access_blocked,,,,
cai_1g0eg9d,Jinnyeong Kim,POSTECH,1,5101,Depth-guided Multi-view Exposure Bracketing for HDR Robot Vision,google_scholar_only,unknown,,https://scholar.google.com/scholar?q=Depth-guided+Multi-view+Exposure+Bracketing+for+HDR+Robot+Vision,,scholar_access_blocked,,,,
cai_1ggio59,Jeongha Lee,Korea Institute of Science and Technology (KIST),1,5399,Through Van Gogh’s Eyes: Global Style Transfer with Diffusion Model,google_scholar_only,unknown,,https://scholar.google.com/scholar?q=Through+Van+Gogh%E2%80%99s+Eyes%3A+Global+Style+Transfer+with+Diffusion+Model,,scholar_access_blocked,,,,
cai_1gi6tzf,Minkuk Kim,Kyung Hee University,1,4667,ReQuest: Rethinking-based Question-Aware Frame Selection for Long-Form Video QA,google_scholar_only,unknown,,https://scholar.google.com/scholar?q=ReQuest%3A+Rethinking-based+Question-Aware+Frame+Selection+for+Long-Form+Video+QA,,scholar_access_blocked,,,,
cai_1gmil2t,Byungwoo Jeon,KAIST,1,4502,SpatialBoost: Enhancing Visual Representation through Language-Guided Reasoning,google_scholar_only,unknown,,https://scholar.google.com/scholar?q=SpatialBoost%3A+Enhancing+Visual+Representation+through+Language-Guided+Reasoning,,scholar_access_blocked,,,,
cai_1gstyyj,Gwanhyeong Koo,KAIST,1,4474,InSpace: Structure-Aware 3D Indoor Scene Generation from a Single 360° Image,google_scholar_only,unknown,,https://scholar.google.com/scholar?q=InSpace%3A+Structure-Aware+3D+Indoor+Scene+Generation+from+a+Single+360%C2%B0+Image,,scholar_access_blocked,,,,
cai_1h8liem,Minh-Quan Bui,Korea Advanced Institute of Science & Technology,1,3540,AirSplat: Alignment and Rating for Robust Feed-Forward 3D Gaussian Splatting,google_scholar_only,unknown,,https://scholar.google.com/scholar?q=AirSplat%3A+Alignment+and+Rating+for+Robust+Feed-Forward+3D+Gaussian+Splatting,,scholar_access_blocked,,,,
cai_1hjrh6i,Eungjune Shim,CLO Virtual Fashion Inc.,1,5678,DiffGI: Differentiable Geometry Images for High-Fidelity Thin-Shell 3D Generation,google_scholar_only,unknown,,https://scholar.google.com/scholar?q=DiffGI%3A+Differentiable+Geometry+Images+for+High-Fidelity+Thin-Shell+3D+Generation,,scholar_access_blocked,,,,
cai_1hl1vuh,Jiyong Boo,Korea Advanced Institute of Science & Technology,1,5119,HSDF-Lane: Height-Aligned Signed Distance Field with Semantic Lane Prior for 3D Lane Detection,google_scholar_only,unknown,,https://scholar.google.com/scholar?q=HSDF-Lane%3A+Height-Aligned+Signed+Distance+Field+with+Semantic+Lane+Prior+for+3D+Lane+Detection,,scholar_access_blocked,,,,
cai_1hmhnfq,Jeisung Lee,Samsung,1,5790,Synthetic Sub-Aperture Phase Augmentation for Demosaicing 2×2 Shared Microlens Sensors,google_scholar_only,unknown,,https://scholar.google.com/scholar?q=Synthetic+Sub-Aperture+Phase+Augmentation+for+Demosaicing+2%C3%972+Shared+Microlens+Sensors,,scholar_access_blocked,,,,
cai_1hqfvre,Sang-Hun Han,Gwangju Institute of Science and Technology,1,4193,PIAvatar: Physically Interactive Avatars via Deformation Gradient Decoupling,google_scholar_only,unknown,,https://scholar.google.com/scholar?q=PIAvatar%3A+Physically+Interactive+Avatars+via+Deformation+Gradient+Decoupling,,scholar_access_blocked,,,,
cai_1hroo1u,HEEJU HAN,Pusan National University,1,4378,Towards Sparsely Annotated Open World Object Detection,google_scholar_only,unknown,,https://scholar.google.com/scholar?q=Towards+Sparsely+Annotated+Open+World+Object+Detection,,scholar_access_blocked,,,,
cai_1i8av7e,Jaeho Lee,Korea University,2,3800; 3801,Online Versatile Incremental Learning: Towards Class and Domain-Agnostic Adaptation at Any Time || DARE to Mitigate Hallucination: Dual-path Auto-Regressive-aware Editing,google_scholar_only,unknown,,https://scholar.google.com/scholar?q=Online+Versatile+Incremental+Learning%3A+Towards+Class+and+Domain-Agnostic+Adaptation+at+Any+Time,,scholar_access_blocked,,,,
cai_1itydzn,Seungyeon Lee,Kyungpook National University,1,4769,Direct Preference Optimization for Perceptual Alignment via Vision-Language Consistency,google_scholar_only,unknown,,https://scholar.google.com/scholar?q=Direct+Preference+Optimization+for+Perceptual+Alignment+via+Vision-Language+Consistency,,scholar_access_blocked,,,,
cai_1j0rfa6,Seulgi Jeong,SNOW Corporation,1,5686,"H-Adapter: Pose-Robust Hairstyle Transfer via Attention-Derived, Source-Aligned Hair Masks",google_scholar_only,unknown,,https://scholar.google.com/scholar?q=H-Adapter%3A+Pose-Robust+Hairstyle+Transfer+via+Attention-Derived%2C+Source-Aligned+Hair+Masks,,scholar_access_blocked,,,,
cai_1jly6ub,DaeHyun Kim,Chungnam National University,1,4835,SAND: Stage-Aware Noise Decomposition for Training-Free Diffusion Guidance,google_scholar_only,unknown,,https://scholar.google.com/scholar?q=SAND%3A+Stage-Aware+Noise+Decomposition+for+Training-Free+Diffusion+Guidance,,scholar_access_blocked,,,,
cai_1klag93,Minjun Kang,KAIST,1,3876,GeoNVS: Geometry Grounded Video Diffusion for Novel View Synthesis,google_scholar_only,unknown,,https://scholar.google.com/scholar?q=GeoNVS%3A+Geometry+Grounded+Video+Diffusion+for+Novel+View+Synthesis,,scholar_access_blocked,,,,
cai_1lalvrp,Hee-Jun Jung,Gwangju Institute of Science and Technology (GIST),1,4377,Disentangling Rotation and Translation from SE(3)-Equivariant Features for Shape Assembly,google_scholar_only,unknown,,https://scholar.google.com/scholar?q=Disentangling+Rotation+and+Translation+from+SE%283%29-Equivariant+Features+for+Shape+Assembly,,scholar_access_blocked,,,,
cai_1lf0emb,Jiho Choi,Korea Advanced Institute of Science and Technology,1,5231,Dense Reward for Multi-View 3D Reasoning with Global Maps and Local Views,google_scholar_only,unknown,,https://scholar.google.com/scholar?q=Dense+Reward+for+Multi-View+3D+Reasoning+with+Global+Maps+and+Local+Views,,scholar_access_blocked,,,,
cai_1lzj1na,Seunghun Baek,Pohang University of Science and Technology (POSTECH),1,3678,Residual-Guided Expert Specialization for Incomplete Multimodal Learning,google_scholar_only,unknown,,https://scholar.google.com/scholar?q=Residual-Guided+Expert+Specialization+for+Incomplete+Multimodal+Learning,,scholar_access_blocked,,,,
cai_1n7ps74,hun im,Seoul National University,1,4729,DeCoFlow: Structural Decomposition of Normalizing Flows for Continual Anomaly Detection,google_scholar_only,unknown,,https://scholar.google.com/scholar?q=DeCoFlow%3A+Structural+Decomposition+of+Normalizing+Flows+for+Continual+Anomaly+Detection,,scholar_access_blocked,,,,
cai_1nb05bx,Hyeongju Mun,Pusan National University,1,5110,LivingWorld: Interactive 4D World Generation with Environmental Dynamics,google_scholar_only,unknown,,https://scholar.google.com/scholar?q=LivingWorld%3A+Interactive+4D+World+Generation+with+Environmental+Dynamics,,scholar_access_blocked,,,,
cai_1nkch44,Hyunho Lee,Seoul National University,1,4509,Zero-Shot Quantization for Object Detectors using Off-the-Shelf Generative Models,google_scholar_only,unknown,,https://scholar.google.com/scholar?q=Zero-Shot+Quantization+for+Object+Detectors+using+Off-the-Shelf+Generative+Models,,scholar_access_blocked,,,,
cai_1nt9dwz,JIHO JANG,SEOUL NATIONAL UNIVERSITY,1,3625,Multi-dimensional Preference Alignment by Conditioning Reward Itself,google_scholar_only,unknown,,https://scholar.google.com/scholar?q=Multi-dimensional+Preference+Alignment+by+Conditioning+Reward+Itself,,scholar_access_blocked,,,,
cai_1nugdnl,Shingeon Kim,Seoul National University,1,4093,STARLINC: Satellite Trail Artifact Removal using Inter-Frame Correlation,google_scholar_only,unknown,,https://scholar.google.com/scholar?q=STARLINC%3A+Satellite+Trail+Artifact+Removal+using+Inter-Frame+Correlation,,scholar_access_blocked,,,,
cai_1nwybj5,Moonsoo Jeong,Sungkyunkwan University,1,4346,SharpGS: Sharpness-Preserving 3D Gaussian Splatting with Differentiable Blur-Driven Density Control,google_scholar_only,unknown,,https://scholar.google.com/scholar?q=SharpGS%3A+Sharpness-Preserving+3D+Gaussian+Splatting+with+Differentiable+Blur-Driven+Density+Control,,scholar_access_blocked,,,,
cai_1o08ey0,Jaewon Lee,Yonsei University,1,5375,Graph-GSReg: Leveraging 3D Scene Graphs for Gaussian Splatting Registration,google_scholar_only,unknown,,https://scholar.google.com/scholar?q=Graph-GSReg%3A+Leveraging+3D+Scene+Graphs+for+Gaussian+Splatting+Registration,,scholar_access_blocked,,,,
cai_1o6n2vf,Daeyoung Choi,Korea Cyber University,1,4679,Prototype Normalization: Optimizing Prototype Separation for Heterogeneous Federated Learning,google_scholar_only,unknown,,https://scholar.google.com/scholar?q=Prototype+Normalization%3A+Optimizing+Prototype+Separation+for+Heterogeneous+Federated+Learning,,scholar_access_blocked,,,,
cai_1odzw09,MYOUNG-CHUL KIM,Kyung Hee University,1,4744,CLUE-VAD: Structured Semantic Clues for Understanding Explainable Events in Video Anomaly Detection,google_scholar_only,unknown,,https://scholar.google.com/scholar?q=CLUE-VAD%3A+Structured+Semantic+Clues+for+Understanding+Explainable+Events+in+Video+Anomaly+Detection,,scholar_access_blocked,,,,
cai_1of1kd,Jinhwan Seo,KAIST,1,3157,What You Ask is What You Ground: Bridging Question Intent to Temporal Evidence for Grounded VideoQA,google_scholar_only,unknown,,https://scholar.google.com/scholar?q=What+You+Ask+is+What+You+Ground%3A+Bridging+Question+Intent+to+Temporal+Evidence+for+Grounded+VideoQA,,scholar_access_blocked,,,,
cai_1ojjouf,Hongjae Lee,Korea University,2,3148; 3151,LogicIR: Logic Gate Networks for Image Restoration || TaskTok: Delving into Task Tokens for Task-driven Image Restoration,google_scholar_only,unknown,,https://scholar.google.com/scholar?q=TaskTok%3A+Delving+into+Task+Tokens+for+Task-driven+Image+Restoration,,scholar_access_blocked,,,,
cai_1ojpzxs,Wongyun Yu,POSTECH,1,5090,WristMimic: Full-Body Humanoid Control with Wrist-Guided Manipulation,google_scholar_only,unknown,,https://scholar.google.com/scholar?q=WristMimic%3A+Full-Body+Humanoid+Control+with+Wrist-Guided+Manipulation,,scholar_access_blocked,,,,
cai_1oogw60,Joonkyu Park,Seoul National University,1,3767,Learning to Corrupt for Better Restoration,google_scholar_only,unknown,,https://scholar.google.com/scholar?q=Learning+to+Corrupt+for+Better+Restoration,,scholar_access_blocked,,,,
cai_1p4okou,Yunkyu Lee,POSTECH,1,5065,CLDefocus: Physically Grounded Compound-Lens Defocus Blur Synthesis,google_scholar_only,unknown,,https://scholar.google.com/scholar?q=CLDefocus%3A+Physically+Grounded+Compound-Lens+Defocus+Blur+Synthesis,,scholar_access_blocked,,,,
cai_1p4v3g5,Jiwan Kim,KAIST,1,5552,Why and When Visual Token Pruning Fails? A Study on Relevant Visual Information Shift in MLLMs Decoding,google_scholar_only,unknown,,https://scholar.google.com/scholar?q=Why+and+When+Visual+Token+Pruning+Fails%3F+A+Study+on+Relevant+Visual+Information+Shift+in+MLLMs+Decoding,,scholar_access_blocked,,,,
cai_1q2hmkp,Yirum Kim,GIST,1,4307,OP3DSG: Open-vocabulary Part-aware 3D Scene Graph Generation for Real-world Environments,google_scholar_only,unknown,,https://scholar.google.com/scholar?q=OP3DSG%3A+Open-vocabulary+Part-aware+3D+Scene+Graph+Generation+for+Real-world+Environments,,scholar_access_blocked,,,,
cai_1q4k30l,E In Son,Seoul National University,1,3475,ORION: Ordinal Neural Collapse as a Representation Prior for Visual Navigation,google_scholar_only,unknown,,https://scholar.google.com/scholar?q=ORION%3A+Ordinal+Neural+Collapse+as+a+Representation+Prior+for+Visual+Navigation,,scholar_access_blocked,,,,
cai_1q5lcj,Suhyeon Ha,KAIST,1,4048,APT: Anchor-aligned Perturbations for Tamper Localization in Fully Regenerated Images,google_scholar_only,unknown,,https://scholar.google.com/scholar?q=APT%3A+Anchor-aligned+Perturbations+for+Tamper+Localization+in+Fully+Regenerated+Images,,scholar_access_blocked,,,,
cai_1q7jif8,Taewon Seo,Daegu Gyeongbuk Institute of Science and Technology,1,4845,Unified Prediction and Planning via Conflict-Aware Disjoint Parameter Training,google_scholar_only,unknown,,https://scholar.google.com/scholar?q=Unified+Prediction+and+Planning+via+Conflict-Aware+Disjoint+Parameter+Training,,scholar_access_blocked,,,,
cai_1qjkno1,Jinhee Park,Korea Electronics Technology Institute; Chung-Ang University,1,5164,R2M: Real-Aware Residual Model Merging for Robust and Generalizable Deepfake Detection,google_scholar_only,unknown,,https://scholar.google.com/scholar?q=R2M%3A+Real-Aware+Residual+Model+Merging+for+Robust+and+Generalizable+Deepfake+Detection,,scholar_access_blocked,,,,
cai_1qjm8mt,Sungwoong Yune,KAIST,1,5679,FastSTAR: Spatiotemporal Token Pruning for Efficient Autoregressive Video Synthesis,google_scholar_only,unknown,,https://scholar.google.com/scholar?q=FastSTAR%3A+Spatiotemporal+Token+Pruning+for+Efficient+Autoregressive+Video+Synthesis,,scholar_access_blocked,,,,
cai_1r1aqg,Yunsung Lee,Maum AI,1,4934,Not All Prediction Targets Keep Training-Free Diffusion Guidance on the Manifold,google_scholar_only,unknown,,https://scholar.google.com/scholar?q=Not+All+Prediction+Targets+Keep+Training-Free+Diffusion+Guidance+on+the+Manifold,,scholar_access_blocked,,,,
cai_1r34pvk,Donggeon Bae,Seoul National University,1,5659,Integrated Forward–Inverse Network for Reconstruction for Lensless Image Reconstruction,google_scholar_only,unknown,,https://scholar.google.com/scholar?q=Integrated+Forward%E2%80%93Inverse+Network+for+Reconstruction+for+Lensless+Image+Reconstruction,,scholar_access_blocked,,,,
cai_1re1s4r,Jiwon Kang,KAIST AI,1,3137,Transferability Between Understanding and Generation in Unified Multimodal Models,google_scholar_only,unknown,,https://scholar.google.com/scholar?q=Transferability+Between+Understanding+and+Generation+in+Unified+Multimodal+Models,,scholar_access_blocked,,,,
cai_1s2wfz1,Hyun-Kurl Jang,KAIST,1,3773,"Distill Once, Adapt Life-Long: Exploring Dataset Distillation for Continual Test-Time Adaptation",google_scholar_only,unknown,,https://scholar.google.com/scholar?q=Distill+Once%2C+Adapt+Life-Long%3A+Exploring+Dataset+Distillation+for+Continual+Test-Time+Adaptation,,scholar_access_blocked,,,,
cai_1s3524l,Mingi Kwon,Yonsei University,1,5470,JAM-Flow: Joint Audio-Motion Synthesis with Flow Matching,google_scholar_only,unknown,,https://scholar.google.com/scholar?q=JAM-Flow%3A+Joint+Audio-Motion+Synthesis+with+Flow+Matching,,scholar_access_blocked,,,,
cai_1s5beor,Taeyeon Kim,Korea Advanced Institute of Science & Technology,1,4778,MorphGS: Morphology-Adaptive Articulated Motion Transfer from Videos,google_scholar_only,unknown,,https://scholar.google.com/scholar?q=MorphGS%3A+Morphology-Adaptive+Articulated+Motion+Transfer+from+Videos,,scholar_access_blocked,,,,
cai_1s5qwf4,gilha lee,SEOUL NATIONAL UNIVERSITY OF SCIENCE AND TECHNOLOGY,1,5149,S3-Prune: Stability-Aware Token Budgeting for Long-Form Video-Language Models,google_scholar_only,unknown,,https://scholar.google.com/scholar?q=S3-Prune%3A+Stability-Aware+Token+Budgeting+for+Long-Form+Video-Language+Models,,scholar_access_blocked,,,,
cai_1s7xdxh,Sangwoo (Jason) Jo,Korea University,1,5358,Flow Straight to Reality: Perceptually Consistent Flow Matching for Efficient Image Restoration,google_scholar_only,unknown,,https://scholar.google.com/scholar?q=Flow+Straight+to+Reality%3A+Perceptually+Consistent+Flow+Matching+for+Efficient+Image+Restoration,,scholar_access_blocked,,,,
cai_1sefwgj,Geonho Bang,Seoul National University,1,5928,Horizon3D: Sparse Radar-Camera Fusion for Long-Range 3D Perception in Autonomous Driving,google_scholar_only,unknown,,https://scholar.google.com/scholar?q=Horizon3D%3A+Sparse+Radar-Camera+Fusion+for+Long-Range+3D+Perception+in+Autonomous+Driving,,scholar_access_blocked,,,,
cai_1t1e77d,Sangwon Baik,Seoul National University,1,3785,Text-Guided 6D Object Pose Rearrangement via Closed-Loop VLM Agents,google_scholar_only,unknown,,https://scholar.google.com/scholar?q=Text-Guided+6D+Object+Pose+Rearrangement+via+Closed-Loop+VLM+Agents,,scholar_access_blocked,,,,
cai_1t7khxo,Dohun Lee,Korea Advanced Institute of Science and Technology,1,4121,Memory-V2V: Memory-Augmented Video-to-Video Diffusion for Consistent Multi-Turn Editing,google_scholar_only,unknown,,https://scholar.google.com/scholar?q=Memory-V2V%3A+Memory-Augmented+Video-to-Video+Diffusion+for+Consistent+Multi-Turn+Editing,,scholar_access_blocked,,,,
cai_1tvgayn,Xiangyu Sun,Sung Kyun Kwan University,1,4942,Raymap-Guided Coupling for Drift-Robust Unposed Feed-Forward 3D Reconstruction,google_scholar_only,unknown,,https://scholar.google.com/scholar?q=Raymap-Guided+Coupling+for+Drift-Robust+Unposed+Feed-Forward+3D+Reconstruction,,scholar_access_blocked,,,,
cai_1u82pxo,Seok-Young Kim,KAIST,1,3937,DepWorldSG: Depth-Aware 3D Semantic Scene Graph Generation via World-Model Priors,google_scholar_only,unknown,,https://scholar.google.com/scholar?q=DepWorldSG%3A+Depth-Aware+3D+Semantic+Scene+Graph+Generation+via+World-Model+Priors,,scholar_access_blocked,,,,
cai_1vkkwap,Injae Kim,KAIST,1,5023,F⁴Splat: Feed-Forward Predictive Densification for Feed-Forward 3D Gaussian Splatting,google_scholar_only,unknown,,https://scholar.google.com/scholar?q=F%E2%81%B4Splat%3A+Feed-Forward+Predictive+Densification+for+Feed-Forward+3D+Gaussian+Splatting,,scholar_access_blocked,,,,
cai_1vksya3,Nahyuk Lee,POSTECH,1,3567,TORA: Topological Representation Alignment for 3D Shape Assembly,google_scholar_only,unknown,,https://scholar.google.com/scholar?q=TORA%3A+Topological+Representation+Alignment+for+3D+Shape+Assembly,,scholar_access_blocked,,,,
cai_1vo1wyg,Hyeongsik Kim,Hanyang Universty,1,3676,ARC-Loc: Leveraging Azimuthal Ray Convergence as a Geometric Cue for Direct Cross-View Localization,google_scholar_only,unknown,,https://scholar.google.com/scholar?q=ARC-Loc%3A+Leveraging+Azimuthal+Ray+Convergence+as+a+Geometric+Cue+for+Direct+Cross-View+Localization,,scholar_access_blocked,,,,
cai_1vseeub,Jiah Kim,Pukyong National University,1,3687,A Benchmark for Heterogeneous Stereo Deblurring with Physically- and Epipolar-constrained Cross Attention,google_scholar_only,unknown,,https://scholar.google.com/scholar?q=A+Benchmark+for+Heterogeneous+Stereo+Deblurring+with+Physically-+and+Epipolar-constrained+Cross+Attention,,scholar_access_blocked,,,,
cai_1vznhth,Yeobin Hong,KAIST,1,4456,InverseCrafter: Efficient Video ReCapture as a Latent Domain Inverse Problem,google_scholar_only,unknown,,https://scholar.google.com/scholar?q=InverseCrafter%3A+Efficient+Video+ReCapture+as+a+Latent+Domain+Inverse+Problem,,scholar_access_blocked,,,,
cai_1w4p635,DAEHYEON JEON,UNIST,1,3932,Ray-Path-Aware Virtual Point Removal on 2D Layer-Wise Nearest Point Map,google_scholar_only,unknown,,https://scholar.google.com/scholar?q=Ray-Path-Aware+Virtual+Point+Removal+on+2D+Layer-Wise+Nearest+Point+Map,,scholar_access_blocked,,,,
cai_1wmyvnw,SungHun Kim,Korea University,1,4713,Q-TriM: Question-Guided Tri-Modal Attention for Audio–Visual Question Answering,google_scholar_only,unknown,,https://scholar.google.com/scholar?q=Q-TriM%3A+Question-Guided+Tri-Modal+Attention+for+Audio%E2%80%93Visual+Question+Answering,,scholar_access_blocked,,,,
cai_1wxi2l,Chaeyeon Lee,Korea University,1,5220,TaxoMIL: Taxonomy-Constrained Learning for Hierarchical Whole Slide Image Analysis,google_scholar_only,unknown,,https://scholar.google.com/scholar?q=TaxoMIL%3A+Taxonomy-Constrained+Learning+for+Hierarchical+Whole+Slide+Image+Analysis,,scholar_access_blocked,,,,
cai_1x65kxi,WonJun Moon,Sungkyunkwan University,1,3321,Selective Synergistic Learning for Video Object-Centric Learning,google_scholar_only,unknown,,https://scholar.google.com/scholar?q=Selective+Synergistic+Learning+for+Video+Object-Centric+Learning,,scholar_access_blocked,,,,
cai_1xjvdwb,Changwoo Baek,Pusan National University,1,5396,3DZip: Spatial-Aware Feature Diversity-Guided Token Compression for 3D Question Answering,google_scholar_only,unknown,,https://scholar.google.com/scholar?q=3DZip%3A+Spatial-Aware+Feature+Diversity-Guided+Token+Compression+for+3D+Question+Answering,,scholar_access_blocked,,,,
cai_1y9fxpr,Hojun Song,Kyungpook National University,1,5646,G2P: Gaussian-to-Point Attribute Alignment for Boundary-Aware 3D Segmentation,google_scholar_only,unknown,,https://scholar.google.com/scholar?q=G2P%3A+Gaussian-to-Point+Attribute+Alignment+for+Boundary-Aware+3D+Segmentation,,scholar_access_blocked,,,,
cai_1yvwds7,Youbin Kim,Sung Kyun Kwan University,1,4759,Group3D: MLLM-Guided Semantic Grouping for Open-Vocabulary 3D Object Detection,google_scholar_only,unknown,,https://scholar.google.com/scholar?q=Group3D%3A+MLLM-Guided+Semantic+Grouping+for+Open-Vocabulary+3D+Object+Detection,,scholar_access_blocked,,,,
cai_1yvzovh,Sung-Hoon Yoon,Daegu Gyeongbuk Institute of Science and Technology,1,3756,DINOde: Continuous Vision-Text Alignment for Open-Vocabulary Semantic Segmentation,google_scholar_only,unknown,,https://scholar.google.com/scholar?q=DINOde%3A+Continuous+Vision-Text+Alignment+for+Open-Vocabulary+Semantic+Segmentation,,scholar_access_blocked,,,,
cai_1yx3xks,Seonghak Lee,Chung-Ang University,1,4747,URHead: A Unified UV-Space Representation for Joint Mesh–3DGS Optimization in Head Avatars,google_scholar_only,unknown,,https://scholar.google.com/scholar?q=URHead%3A+A+Unified+UV-Space+Representation+for+Joint+Mesh%E2%80%933DGS+Optimization+in+Head+Avatars,,scholar_access_blocked,,,,
cai_1yyss68,Byeonggyu Park,Seoul National University,1,4784,Reflection-Aware Reasoning for Non-Line-of-Sight Pedestrian Localization,google_scholar_only,unknown,,https://scholar.google.com/scholar?q=Reflection-Aware+Reasoning+for+Non-Line-of-Sight+Pedestrian+Localization,,scholar_access_blocked,,,,
cai_2jhbnw,Changwoo Jeon,Yonsei University,1,4711,MoCA3D: Monocular 3D Bounding Box Prediction in the Image Plane,google_scholar_only,unknown,,https://scholar.google.com/scholar?q=MoCA3D%3A+Monocular+3D+Bounding+Box+Prediction+in+the+Image+Plane,,scholar_access_blocked,,,,
cai_2jvtue,Sangmin Hong,Seoul National University,1,5719,PrintAnything: Learning Geometric Plan Map for 3D Printing G-code Generation from Unoriented Point Clouds,google_scholar_only,unknown,,https://scholar.google.com/scholar?q=PrintAnything%3A+Learning+Geometric+Plan+Map+for+3D+Printing+G-code+Generation+from+Unoriented+Point+Clouds,,scholar_access_blocked,,,,
cai_2nl7la,YeonGyu Han,Seoul National University Hospital,1,3700,DRPO: Disentangling Demographic Bias from Rewards for Fair Diffusion Alignment,google_scholar_only,unknown,,https://scholar.google.com/scholar?q=DRPO%3A+Disentangling+Demographic+Bias+from+Rewards+for+Fair+Diffusion+Alignment,,scholar_access_blocked,,,,
cai_38vyss,Seohyun Lee,Kaist,1,5813,VideoSearch-R1: Iterative Video Retrieval and Reasoning via Soft Query Refinement,google_scholar_only,unknown,,https://scholar.google.com/scholar?q=VideoSearch-R1%3A+Iterative+Video+Retrieval+and+Reasoning+via+Soft+Query+Refinement,,scholar_access_blocked,,,,
cai_3e36ya,Siwoo Lim,KAIST,1,5791,TanGO: Training-Free 3D Editing via Tangent-Space Guidance and Optimization,google_scholar_only,unknown,,https://scholar.google.com/scholar?q=TanGO%3A+Training-Free+3D+Editing+via+Tangent-Space+Guidance+and+Optimization,,scholar_access_blocked,,,,
cai_3qeim2,Wonjin Cho,Seoul National University,1,4699,Accurate Zero-shot Quantization via Hierarchical Teacher-Assistant Distillation,google_scholar_only,unknown,,https://scholar.google.com/scholar?q=Accurate+Zero-shot+Quantization+via+Hierarchical+Teacher-Assistant+Distillation,,scholar_access_blocked,,,,
cai_3yt2qp,Jae Won Jang,SEOUL NATIONAL UNIVERSITY,1,4866,4DGS360: 360° Gaussian Reconstruction of Dynamic Objects from a Single Video,google_scholar_only,unknown,,https://scholar.google.com/scholar?q=4DGS360%3A+360%C2%B0+Gaussian+Reconstruction+of+Dynamic+Objects+from+a+Single+Video,,scholar_access_blocked,,,,
cai_3zlwkk,Sanghyun Jo,OGQ,2,5267; 5373,EraseLoRA: MLLM-Driven Foreground Exclusion and Background Subtype Aggregation for Dataset-Free Object Removal || ISAC: Training-Free Instance-to-Semantic Attention Control for Multi-Instance Generation,google_scholar_only,unknown,,https://scholar.google.com/scholar?q=EraseLoRA%3A+MLLM-Driven+Foreground+Exclusion+and+Background+Subtype+Aggregation+for+Dataset-Free+Object+Removal,,scholar_access_blocked,,,,
cai_40wpfu,Sehyun Lee,KAIST (Korea Advanced Institute of Science and Technology),1,5239,SPICE: Simple Polysemantic feature Interpretation via Clustering-based Explanations,google_scholar_only,unknown,,https://scholar.google.com/scholar?q=SPICE%3A+Simple+Polysemantic+feature+Interpretation+via+Clustering-based+Explanations,,scholar_access_blocked,,,,
cai_4234nl,Chaesong Park,Seoul National University,1,4619,OmniDS: Dual-Stream Context Fusion for Omnidirectional Depth from Fisheye Cameras,google_scholar_only,unknown,,https://scholar.google.com/scholar?q=OmniDS%3A+Dual-Stream+Context+Fusion+for+Omnidirectional+Depth+from+Fisheye+Cameras,,scholar_access_blocked,,,,
cai_4b1r0v,Geon Yeong Park,Korea Advanced Institute of Science and Technology,1,5538,3D-ReGen: A Unified 3D Geometry Regeneration Framework,google_scholar_only,unknown,,https://scholar.google.com/scholar?q=3D-ReGen%3A+A+Unified+3D+Geometry+Regeneration+Framework,,scholar_access_blocked,,,,
cai_4momyb,Dong-Woo Kim,Korea University,1,5826,TDSR-VLA: Transition-aware Denoising Sequence Representations for Vision-Language-Action,google_scholar_only,unknown,,https://scholar.google.com/scholar?q=TDSR-VLA%3A+Transition-aware+Denoising+Sequence+Representations+for+Vision-Language-Action,,scholar_access_blocked,,,,
cai_4y45ro,Yujin Bae,Korea Advanced Institute of Science & Technology,1,5287,Ego-Human Motion Prediction with 3D-Aware LLM,google_scholar_only,unknown,,https://scholar.google.com/scholar?q=Ego-Human+Motion+Prediction+with+3D-Aware+LLM,,scholar_access_blocked,,,,
cai_4zux6g,Hoonhee Cho,Korea Advanced Institute of Science and Technology,1,3793,VIPS: Vehicle-Infrastructure Cooperative Planning Benchmark via Pseudo-Simulation,google_scholar_only,unknown,,https://scholar.google.com/scholar?q=VIPS%3A+Vehicle-Infrastructure+Cooperative+Planning+Benchmark+via+Pseudo-Simulation,,scholar_access_blocked,,,,
cai_5bb72u,inha Lee,Ulsan National Institute of Science and Technology (UNIST),1,4932,UniSim-SLAM: Feed-Forward SLAM with Unified Sim(3) Optimization,google_scholar_only,unknown,,https://scholar.google.com/scholar?q=UniSim-SLAM%3A+Feed-Forward+SLAM+with+Unified+Sim%283%29+Optimization,,scholar_access_blocked,,,,
cai_5e0m3b,Geuntaek Lim,Sejong University,1,5179,Video-Oasis: Rethinking Evaluation of Video Understanding,google_scholar_only,unknown,,https://scholar.google.com/scholar?q=Video-Oasis%3A+Rethinking+Evaluation+of+Video+Understanding,,scholar_cache_miss,,,,
cai_5k7e2r,Byungoh Ko,Korea University,1,5807,Context Blindness in DPO: Mitigating Object Hallucination in MLLMs via Context-Calibrated Preference Optimization,google_scholar_only,unknown,,https://scholar.google.com/scholar?q=Context+Blindness+in+DPO%3A+Mitigating+Object+Hallucination+in+MLLMs+via+Context-Calibrated+Preference+Optimization,,scholar_access_blocked,,,,
cai_5n2beb,Jiyun Im,Sung Kyun Kwan University,1,4810,White Aggregation and Restoration for Few-shot 3D Point Cloud Semantic Segmentation,google_scholar_only,unknown,,https://scholar.google.com/scholar?q=White+Aggregation+and+Restoration+for+Few-shot+3D+Point+Cloud+Semantic+Segmentation,,scholar_access_blocked,,,,
cai_5z4jk6,Yihalem Yimolal Tiruneh,Ulsan National Institute of Science and Technology,1,3675,FlexiAvatar: Unified 3D Gaussian Human Avatars Under Arbitrary Body Visibility,google_scholar_only,unknown,,https://scholar.google.com/scholar?q=FlexiAvatar%3A+Unified+3D+Gaussian+Human+Avatars+Under+Arbitrary+Body+Visibility,,scholar_access_blocked,,,,
cai_6itkma,Jaehyun Cho,Chung-Ang University Seoul,1,4200,NGPS: Structure-Preserving Self-Supervised Denoising via Neighbor-Guided Patch Sampling,google_scholar_only,unknown,,https://scholar.google.com/scholar?q=NGPS%3A+Structure-Preserving+Self-Supervised+Denoising+via+Neighbor-Guided+Patch+Sampling,,scholar_access_blocked,,,,
cai_6vguok,Jinwoo Chung,Kookmin University,1,5539,TAQ: Static-Deployable Temporal-Aware Quantization for Real-World Video Super-Resolution,google_scholar_only,unknown,,https://scholar.google.com/scholar?q=TAQ%3A+Static-Deployable+Temporal-Aware+Quantization+for+Real-World+Video+Super-Resolution,,scholar_access_blocked,,,,
cai_6zg8qo,Wooseok Jang,Korea Advanced Institute of Science & Technology,1,3136,Repurposing Geometric Foundation Models for Multi-view Diffusion,google_scholar_only,unknown,,https://scholar.google.com/scholar?q=Repurposing+Geometric+Foundation+Models+for+Multi-view+Diffusion,,scholar_access_blocked,,,,
cai_6zrg0h,Jaekyun Ko,Samsung Electronics,1,5744,YeTI: You Only Need Two Noisy Images for Real-World sRGB Noise Generation,google_scholar_only,unknown,,https://scholar.google.com/scholar?q=YeTI%3A+You+Only+Need+Two+Noisy+Images+for+Real-World+sRGB+Noise+Generation,,scholar_access_blocked,,,,
cai_726siz,Junyoung Seo,KAIST,1,4936,Grounding World Simulation Models in a Real-World Metropolis,google_scholar_only,unknown,,https://scholar.google.com/scholar?q=Grounding+World+Simulation+Models+in+a+Real-World+Metropolis,,scholar_cache_miss,,,,
cai_7bajau,Woo Jae Kim,Korea Advanced Institute of Science and Technology,1,5012,RoME: Robust Mixture of Low-Rank Experts against Multiple Adversarial Perturbations,google_scholar_only,unknown,,https://scholar.google.com/scholar?q=RoME%3A+Robust+Mixture+of+Low-Rank+Experts+against+Multiple+Adversarial+Perturbations,,scholar_cache_miss,,,,
cai_7f522b,Jiun Lee,Aimfuture,1,4274,SubSplat: High-Resolution Pixel-aligned 3DGS via Sub-pixel Gaussian Reparameterization,google_scholar_only,unknown,,https://scholar.google.com/scholar?q=SubSplat%3A+High-Resolution+Pixel-aligned+3DGS+via+Sub-pixel+Gaussian+Reparameterization,,scholar_access_blocked,,,,
cai_7i9zpd,Jungyong Son,Hanyang Universty,1,4341,Training-Free Task Classification for Multi-Task Model Merging,google_scholar_only,unknown,,https://scholar.google.com/scholar?q=Training-Free+Task+Classification+for+Multi-Task+Model+Merging,,scholar_access_blocked,,,,
cai_7p3vxv,Jaehun Jung,Konkuk University,1,5117,EgoGVAE: Ego-body Mesh Reconstruction via Guided Variational Autoencoder,google_scholar_only,unknown,,https://scholar.google.com/scholar?q=EgoGVAE%3A+Ego-body+Mesh+Reconstruction+via+Guided+Variational+Autoencoder,,scholar_cache_miss,,,,
cai_7t4rru,Hana Kim,LG Electronics,1,4201,CoIn: Comprehensive 2D-3D Inpainting with Gaussian Splatting Guidance,google_scholar_only,unknown,,https://scholar.google.com/scholar?q=CoIn%3A+Comprehensive+2D-3D+Inpainting+with+Gaussian+Splatting+Guidance,,scholar_access_blocked,,,,
cai_7x33y1,Kyuan Oh,Chung-Ang University,1,4172,AnchorPrune: Relevance-Anchored Contextual Expansion for Visual Token Pruning,google_scholar_only,unknown,,https://scholar.google.com/scholar?q=AnchorPrune%3A+Relevance-Anchored+Contextual+Expansion+for+Visual+Token+Pruning,,scholar_access_blocked,,,,
cai_828p7g,jungu cho,CJ AI center; Gwangju Institute of Science and Technology,1,5093,From Script to Shot: A Benchmark for Grounding Screenplays in Movies,google_scholar_only,unknown,,https://scholar.google.com/scholar?q=From+Script+to+Shot%3A+A+Benchmark+for+Grounding+Screenplays+in+Movies,,scholar_cache_miss,,,,
cai_8a1asp,Gahyeon Kim,ETRI,1,5540,V-HOLD: Stabilizing Flow Trajectories to Rethink the Edit–Preservation Trade-off,google_scholar_only,unknown,,https://scholar.google.com/scholar?q=V-HOLD%3A+Stabilizing+Flow+Trajectories+to+Rethink+the+Edit%E2%80%93Preservation+Trade-off,,scholar_cache_miss,,,,
cai_96gbai,Gayoung KIM,Ewha womans university,1,4608,TiCRL: Textual Image Classification with Reinforcement Learning-Based Curriculum Learning,google_scholar_only,unknown,,https://scholar.google.com/scholar?q=TiCRL%3A+Textual+Image+Classification+with+Reinforcement+Learning-Based+Curriculum+Learning,,scholar_cache_miss,,,,
cai_9jiqs9,Jungmyung Wi,Korea University,1,5063,Correlation-Weighted Multi-Reward Optimization for Compositional Generation,google_scholar_only,unknown,,https://scholar.google.com/scholar?q=Correlation-Weighted+Multi-Reward+Optimization+for+Compositional+Generation,,scholar_cache_miss,,,,
cai_9kzriy,Sojung An,Korea University,1,5809,LoCA: Spatially-Aware Low-Rank Convolutional Adaptation of Vision Foundation Models,google_scholar_only,unknown,,https://scholar.google.com/scholar?q=LoCA%3A+Spatially-Aware+Low-Rank+Convolutional+Adaptation+of+Vision+Foundation+Models,,scholar_access_blocked,,,,
cai_9o9eef,Yeeun Choi,Yonsei University,1,5468,Keep It Simple: Multi-Key Episodic Memory Retrieval for Ultra-Long Video Understanding,google_scholar_only,unknown,,https://scholar.google.com/scholar?q=Keep+It+Simple%3A+Multi-Key+Episodic+Memory+Retrieval+for+Ultra-Long+Video+Understanding,,scholar_cache_miss,,,,
cai_9prqnf,Yoonhyung Park,Ewha Womans University,1,5669,Wake up for Touch! Mask-isolated Tactile Alignment Learning in MLLMs,google_scholar_only,unknown,,https://scholar.google.com/scholar?q=Wake+up+for+Touch%21+Mask-isolated+Tactile+Alignment+Learning+in+MLLMs,,scholar_access_blocked,,,,
cai_9tizu5,jiha jang,Seoul National University,1,5643,HyFL-CLIP: Hyperbolic Fine-Tuning of CLIP for Robust Long-Context Understanding,google_scholar_only,unknown,,https://scholar.google.com/scholar?q=HyFL-CLIP%3A+Hyperbolic+Fine-Tuning+of+CLIP+for+Robust+Long-Context+Understanding,,scholar_access_blocked,,,,
cai_9wp7oj,Jaeseok Byun,Seoul National University,1,3658,Multi-modal Knowledge Preserving Adapter for Embedding Backward Compatibility,google_scholar_only,unknown,,https://scholar.google.com/scholar?q=Multi-modal+Knowledge+Preserving+Adapter+for+Embedding+Backward+Compatibility,,scholar_cache_miss,,,,
cai_aj6w7z,Ganghyeon Lee,Ulsan National Institute of Science and Technology,1,4387,FeDepth: Federated Learning for Depth Estimation under Robot Heterogeneity,google_scholar_only,unknown,,https://scholar.google.com/scholar?q=FeDepth%3A+Federated+Learning+for+Depth+Estimation+under+Robot+Heterogeneity,,scholar_cache_miss,,,,
cai_b8qb30,Beom Young Kim,NAVER Cloud,1,3154,Learning from Adversity: Semantic-Aware Mask Refinement through Adversarial Perturbation,google_scholar_only,unknown,,https://scholar.google.com/scholar?q=Learning+from+Adversity%3A+Semantic-Aware+Mask+Refinement+through+Adversarial+Perturbation,,scholar_cache_miss,,,,
cai_bhhbue,Cheolhong Min,Seoul National University,1,5463,Why Far Looks Up: Probing Spatial Representation in Vision-Language Models,google_scholar_only,unknown,,https://scholar.google.com/scholar?q=Why+Far+Looks+Up%3A+Probing+Spatial+Representation+in+Vision-Language+Models,,scholar_cache_miss,,,,
cai_c38ddw,Jinkyu Kim,Seoul National University,1,5175,D2PO: Optimizing Diffusion Samplers via Dynamic Preference,google_scholar_only,unknown,,https://scholar.google.com/scholar?q=D2PO%3A+Optimizing+Diffusion+Samplers+via+Dynamic+Preference,,scholar_access_blocked,,,,
cai_cap2jl,GaHye Lee,POSTECH,1,4158,StructureGS: Structure-aware Gaussian Splatting for Articulated Object Reconstruction,google_scholar_only,unknown,,https://scholar.google.com/scholar?q=StructureGS%3A+Structure-aware+Gaussian+Splatting+for+Articulated+Object+Reconstruction,,scholar_cache_miss,,,,
cai_e8zy4y,Hojun Choi,KAIST AI,2,3265; 3266,Open-Vocabulary BEV Segmentation with 3D-Aware Geometric Constraints || CoT-PL: Chain-of-Thought Pseudo-Labeling for Open-Vocabulary Object Detection,google_scholar_only,unknown,,https://scholar.google.com/scholar?q=CoT-PL%3A+Chain-of-Thought+Pseudo-Labeling+for+Open-Vocabulary+Object+Detection,,scholar_cache_miss,,,,
cai_efi1pk,Changyeon Won,GIST,1,5137,JacobianAvatar: Temporally Consistent Semi-rigid Avatar Reconstruction from a Monocular Video,google_scholar_only,unknown,,https://scholar.google.com/scholar?q=JacobianAvatar%3A+Temporally+Consistent+Semi-rigid+Avatar+Reconstruction+from+a+Monocular+Video,,scholar_cache_miss,,,,
cai_emre,Jun-Sang YOO,Korea University,1,3303,MASS: Motion-Aligned Selective Scan for Flow-Based Video Frame Interpolation,google_scholar_only,unknown,,https://scholar.google.com/scholar?q=MASS%3A+Motion-Aligned+Selective+Scan+for+Flow-Based+Video+Frame+Interpolation,,scholar_cache_miss,,,,
cai_epucdv,Jongoh Jeong,KAIST,1,4352,Rank-Aware Hyperbolic Alignment for Vision–Language Dataset Distillation,google_scholar_only,unknown,,https://scholar.google.com/scholar?q=Rank-Aware+Hyperbolic+Alignment+for+Vision%E2%80%93Language+Dataset+Distillation,,scholar_cache_miss,,,,
cai_evpjgt,HoTaek Oh,Kangwon National University,1,3682,DA-F2F: Domain-Adaptive Object Detection with Feature-to-Feature Modulation and Alignment,google_scholar_only,unknown,,https://scholar.google.com/scholar?q=DA-F2F%3A+Domain-Adaptive+Object+Detection+with+Feature-to-Feature+Modulation+and+Alignment,,scholar_cache_miss,,,,
cai_f1p5x0,Myungchul Kim,Korea Advanced Institute of Science & Technology,1,4039,"ARGOS: Who, Where, and When in Agentic Multi-Camera Person Search",google_scholar_only,unknown,,https://scholar.google.com/scholar?q=ARGOS%3A+Who%2C+Where%2C+and+When+in+Agentic+Multi-Camera+Person+Search,,scholar_cache_miss,,,,
cai_f92iuw,Junha Kim,Hanyang University,1,5103,High-Resolution Artwork Outpainting with Global Blueprint Guidance and Layout Control,google_scholar_only,unknown,,https://scholar.google.com/scholar?q=High-Resolution+Artwork+Outpainting+with+Global+Blueprint+Guidance+and+Layout+Control,,scholar_cache_miss,,,,
cai_fc52e2,Hangyeol Lee,KAIST,1,5702,Rethinking Token Reduction for Diffusion Models via Output-Similarity-Awareness,google_scholar_only,unknown,,https://scholar.google.com/scholar?q=Rethinking+Token+Reduction+for+Diffusion+Models+via+Output-Similarity-Awareness,,scholar_access_blocked,,,,
cai_fw6dki,Jiyoung Park,Kyung Hee University,1,3949,Different Changes Require Different Reasoning: Change-Type-Specialized Experts for Robust Change Captioning,google_scholar_only,unknown,,https://scholar.google.com/scholar?q=Different+Changes+Require+Different+Reasoning%3A+Change-Type-Specialized+Experts+for+Robust+Change+Captioning,,scholar_cache_miss,,,,
cai_g2e1q9,Jonghyun Park,Seoul National University,1,4363,Attention Misses Visual Risk: Risk-Adaptive Steering for Multimodal Safety Alignment,google_scholar_only,unknown,,https://scholar.google.com/scholar?q=Attention+Misses+Visual+Risk%3A+Risk-Adaptive+Steering+for+Multimodal+Safety+Alignment,,scholar_cache_miss,,,,
cai_ghq2dv,Yeonwoo Cha,KAIST,1,3225,Training-Free Refinement of Flow Matching with Divergence-based Sampling,google_scholar_only,unknown,,https://scholar.google.com/scholar?q=Training-Free+Refinement+of+Flow+Matching+with+Divergence-based+Sampling,,scholar_cache_miss,,,,
cai_gp25hv,Na Min An,KAIST AI,1,3141,"Blind to Position, Biased in Language: Probing Mid-Layer Representational Bias in Vision-Language Encoders for Zero-Shot Language-Grounded Spatial Understanding",google_scholar_only,unknown,,https://scholar.google.com/scholar?q=Blind+to+Position%2C+Biased+in+Language%3A+Probing+Mid-Layer+Representational+Bias+in+Vision-Language+Encoders+for+Zero-Shot+Language-Grounded+Spatial+Understanding,,scholar_cache_miss,,,,
cai_h88dox,Hyunsuh Koh,Soongsil University,1,5439,CulinaryCut: A Physics-aware Vision-Language-Action Benchmark for Food Cutting via Material Point Method,google_scholar_only,unknown,,https://scholar.google.com/scholar?q=CulinaryCut%3A+A+Physics-aware+Vision-Language-Action+Benchmark+for+Food+Cutting+via+Material+Point+Method,,scholar_cache_miss,,,,
cai_hebl81,Seunghyun Shin,"AI Graduate School, Gwangju Institute of Science and Technology(GIST)",1,3398,TriMotion: Modality-Agnostic Camera Control for Video Generation,google_scholar_only,unknown,,https://scholar.google.com/scholar?q=TriMotion%3A+Modality-Agnostic+Camera+Control+for+Video+Generation,,scholar_cache_miss,,,,
cai_hfk2wa,Daeun Lee,Seoul National University,1,4279,Articulated Object Reconstruction from Rest-State Observation,google_scholar_only,unknown,,https://scholar.google.com/scholar?q=Articulated+Object+Reconstruction+from+Rest-State+Observation,,scholar_access_blocked,,,,
cai_hrvtmd,Chanhui Lee,POSTECH,1,3278,Universal Image Immunization against Diffusion-based Image Editing via Semantic Injection,google_scholar_only,unknown,,https://scholar.google.com/scholar?q=Universal+Image+Immunization+against+Diffusion-based+Image+Editing+via+Semantic+Injection,,scholar_access_blocked,,,,
cai_hwa1vk,Suwoong Yeom,Sogang University,1,5074,TRiGS: Temporal Rigid-Body Motion for Scalable 4D Gaussian Splatting,google_scholar_only,unknown,,https://scholar.google.com/scholar?q=TRiGS%3A+Temporal+Rigid-Body+Motion+for+Scalable+4D+Gaussian+Splatting,,scholar_cache_miss,,,,
cai_i3rmfg,Jaewon Kim,Seoul National University,1,4349,SplitHDR: Saturation-Aware HDR Recovery and Denoising for Real-Time Detection,google_scholar_only,unknown,,https://scholar.google.com/scholar?q=SplitHDR%3A+Saturation-Aware+HDR+Recovery+and+Denoising+for+Real-Time+Detection,,scholar_cache_miss,,,,
cai_igfx9k,Kangmin Seo,Sungkyunkwan University,1,5368,Improving Sparse-View 3DGS Generalization via Flat Minima Optimization,google_scholar_only,unknown,,https://scholar.google.com/scholar?q=Improving+Sparse-View+3DGS+Generalization+via+Flat+Minima+Optimization,,scholar_cache_miss,,,,
cai_ipzaj2,Jaeik Kim,Seoul National University,1,4372,SUM: Unified Geometric Surgery on Spatio-Temporal Adaptation Vectors for Federated Class Incremental Learning,google_scholar_only,unknown,,https://scholar.google.com/scholar?q=SUM%3A+Unified+Geometric+Surgery+on+Spatio-Temporal+Adaptation+Vectors+for+Federated+Class+Incremental+Learning,,scholar_cache_miss,,,,
cai_irr0x2,ChanYeong Hwang,Korea University,1,5289,SpatiO: Adaptive Test-Time Orchestration of Vision-Language Agents for Spatial Reasoning,google_scholar_only,unknown,,https://scholar.google.com/scholar?q=SpatiO%3A+Adaptive+Test-Time+Orchestration+of+Vision-Language+Agents+for+Spatial+Reasoning,,scholar_cache_miss,,,,
cai_jdrqn8,Inwoo Hwang,Seoul National University,1,3276,MoScale: Autoregressive Next-Scale Prediction for Human Motion Generation and Editing,google_scholar_only,unknown,,https://scholar.google.com/scholar?q=MoScale%3A+Autoregressive+Next-Scale+Prediction+for+Human+Motion+Generation+and+Editing,,scholar_cache_miss,,,,
cai_jh8r6a,Taewook Kang,Seoul National University,1,4444,Domain Arithmetic: One-Shot VLA Adaptation under Environmental Shifts,google_scholar_only,unknown,,https://scholar.google.com/scholar?q=Domain+Arithmetic%3A+One-Shot+VLA+Adaptation+under+Environmental+Shifts,,scholar_cache_miss,,,,
cai_jnhf9l,Jinsoo Park,POSTECH,1,5571,Diversity-Aware View Partitioning for Scalable VGGT,google_scholar_only,unknown,,https://scholar.google.com/scholar?q=Diversity-Aware+View+Partitioning+for+Scalable+VGGT,,scholar_access_blocked,,,,
cai_jr6jbb,Bonmu Do,Inha University,1,5644,TriNLOS: Triplane Representations for Neural Non-Line-of-Sight Imaging,google_scholar_only,unknown,,https://scholar.google.com/scholar?q=TriNLOS%3A+Triplane+Representations+for+Neural+Non-Line-of-Sight+Imaging,,scholar_cache_miss,,,,
cai_jsekvg,Juyong Lee,Chung-Ang University,1,4330,Rethinking Detection Calibration: A Coordinate Perspective,google_scholar_only,unknown,,https://scholar.google.com/scholar?q=Rethinking+Detection+Calibration%3A+A+Coordinate+Perspective,,scholar_cache_miss,,,,
cai_jx2bx,Yeeun Seong,Korea Advanced Institute of Science & Technology,1,4156,RainODE: Continuous-Time Precipitation Forecasting with Latent Neural ODEs,google_scholar_only,unknown,,https://scholar.google.com/scholar?q=RainODE%3A+Continuous-Time+Precipitation+Forecasting+with+Latent+Neural+ODEs,,scholar_cache_miss,,,,
cai_kh2ms1,Seokhee Jin,Pohang University of Science and Technology,1,4284,AdaBoosting Text Prompts for Vision-Language Models,google_scholar_only,unknown,,https://scholar.google.com/scholar?q=AdaBoosting+Text+Prompts+for+Vision-Language+Models,,scholar_cache_miss,,,,
cai_kvpogs,Yewon Han,Seoul National University,1,4820,"Two Birds, One Projection: Harmonizing Safety and Utility in LVLMs via Inference-time Feature Projection",google_scholar_only,unknown,,https://scholar.google.com/scholar?q=Two+Birds%2C+One+Projection%3A+Harmonizing+Safety+and+Utility+in+LVLMs+via+Inference-time+Feature+Projection,,scholar_cache_miss,,,,
cai_kxnc4p,Taehoon Kim,Chung-Ang University,1,4132,Preserving Knowledge across Space and Time for Continual Video Deepfake Detection,google_scholar_only,unknown,,https://scholar.google.com/scholar?q=Preserving+Knowledge+across+Space+and+Time+for+Continual+Video+Deepfake+Detection,,scholar_cache_miss,,,,
cai_kzekq6,Hyun-Ho Kim,Chungnam National University,1,5524,Video Can Teach PAN-Sharpening: PSF-Aware Cross-Domain Supervision,google_scholar_only,unknown,,https://scholar.google.com/scholar?q=Video+Can+Teach+PAN-Sharpening%3A+PSF-Aware+Cross-Domain+Supervision,,scholar_cache_miss,,,,
cai_l5wc63,Junah Jung,Seoul National University College of Medicine; Seoul National University College of Medicine,1,3699,CS-TTA: Preserving Concept Sensitivity in Test-Time Adaptation,google_scholar_only,unknown,,https://scholar.google.com/scholar?q=CS-TTA%3A+Preserving+Concept+Sensitivity+in+Test-Time+Adaptation,,scholar_access_blocked,,,,
cai_lgn1f2,Mingue Park,Korea Advanced Institute of Science & Technology,1,4304,DiverseVAR: Balancing Diversity and Quality of Next-Scale Visual Autoregressive Models,google_scholar_only,unknown,,https://scholar.google.com/scholar?q=DiverseVAR%3A+Balancing+Diversity+and+Quality+of+Next-Scale+Visual+Autoregressive+Models,,scholar_cache_miss,,,,
cai_llao67,Min-Su Park,Sung Kyun Kwan University; Sung Kyun Kwan University,1,5724,MagnetGS-Mesh: High-Quality Multi-Object Mesh Reconstruction via Adaptive Surface Optimization,google_scholar_only,unknown,,https://scholar.google.com/scholar?q=MagnetGS-Mesh%3A+High-Quality+Multi-Object+Mesh+Reconstruction+via+Adaptive+Surface+Optimization,,scholar_cache_miss,,,,
cai_luktrb,Jeongeun Lee,Yonsei university,1,4339,Personalized Reward Modeling for Text-to-Image Generation,google_scholar_only,unknown,,https://scholar.google.com/scholar?q=Personalized+Reward+Modeling+for+Text-to-Image+Generation,,scholar_cache_miss,,,,
cai_lz5fec,Hyunwoo Kim,Yonsei University,1,4758,DIVA: Instruction-Aware Vision Token Pruning via Dual-Probe Attention Discrepancy,google_scholar_only,unknown,,https://scholar.google.com/scholar?q=DIVA%3A+Instruction-Aware+Vision+Token+Pruning+via+Dual-Probe+Attention+Discrepancy,,scholar_cache_miss,,,,
cai_mfsxnt,Seokha Moon,Korea University,1,3241,Streaming Dense Voxel Representations for 3D Occupancy Prediction,google_scholar_only,unknown,,https://scholar.google.com/scholar?q=Streaming+Dense+Voxel+Representations+for+3D+Occupancy+Prediction,,scholar_cache_miss,,,,
cai_mn3icz,Hyeonseop Song,LG Electronins,1,4146,TMI: Text-to-Image Meets Image-to-Image for Complementary Data Synthesis to Boost Long-Tailed Instance Segmentation,google_scholar_only,unknown,,https://scholar.google.com/scholar?q=TMI%3A+Text-to-Image+Meets+Image-to-Image+for+Complementary+Data+Synthesis+to+Boost+Long-Tailed+Instance+Segmentation,,scholar_cache_miss,,,,
cai_mphq7f,SeungJun Tak,Sungkyunkwan University,1,3180,Real-Time LiDAR Gaussian Splatting SLAM via Geometry-Aware Covariance Coupling,google_scholar_only,unknown,,https://scholar.google.com/scholar?q=Real-Time+LiDAR+Gaussian+Splatting+SLAM+via+Geometry-Aware+Covariance+Coupling,,scholar_cache_miss,,,,
cai_mpz21o,Seokju Yun,KAIST AI,1,4586,StAR: Segment Anything Reasoner,google_scholar_only,unknown,,https://scholar.google.com/scholar?q=StAR%3A+Segment+Anything+Reasoner,,scholar_access_blocked,,,,
cai_ms06pb,HAKSU LIM,Korea Advanced Institute of Science & Technology,1,5816,Unified Backbone Refinement for Diffusion Models via Internal-Latent Analysis,google_scholar_only,unknown,,https://scholar.google.com/scholar?q=Unified+Backbone+Refinement+for+Diffusion+Models+via+Internal-Latent+Analysis,,scholar_cache_miss,,,,
cai_mwqjea,Hyunwoo Park,StradVision,1,5440,Domain Adaptation with Adaptive Imagination for Visual Reinforcement Learning under Limited Target Data,google_scholar_only,unknown,,https://scholar.google.com/scholar?q=Domain+Adaptation+with+Adaptive+Imagination+for+Visual+Reinforcement+Learning+under+Limited+Target+Data,,scholar_cache_miss,,,,
cai_naliiu,Changjin Kim,Hanyang University,1,5875,Breaking High Confidence: Practical Face Impersonation under High-Security Thresholds,google_scholar_only,unknown,,https://scholar.google.com/scholar?q=Breaking+High+Confidence%3A+Practical+Face+Impersonation+under+High-Security+Thresholds,,scholar_cache_miss,,,,
cai_nnq0gi,KunHo Heo,Kyung Hee University,1,5171,Rethinking Prototype-based Similarity Learning for Few-Shot Object Detection,google_scholar_only,unknown,,https://scholar.google.com/scholar?q=Rethinking+Prototype-based+Similarity+Learning+for+Few-Shot+Object+Detection,,scholar_cache_miss,,,,
cai_ofpn1x,Jaeyo Shin,KAIST,1,4716,Representation Alignment for Just Image Transformers is not Easier than You Think,google_scholar_only,unknown,,https://scholar.google.com/scholar?q=Representation+Alignment+for+Just+Image+Transformers+is+not+Easier+than+You+Think,,scholar_cache_miss,,,,
cai_og1gaa,Kyusik Cho,Yonsei University,1,4329,Environmental Change Detection for Real-World Change Analysis,google_scholar_only,unknown,,https://scholar.google.com/scholar?q=Environmental+Change+Detection+for+Real-World+Change+Analysis,,scholar_cache_miss,,,,
cai_oifae6,Jinwook Jung,Hanyang University,1,3618,Learning to Recover Task Experts from a Multi-Task Merged Model,google_scholar_only,unknown,,https://scholar.google.com/scholar?q=Learning+to+Recover+Task+Experts+from+a+Multi-Task+Merged+Model,,scholar_cache_miss,,,,
cai_ojgfc2,Eunyi Lyou,Seoul National University,1,3763,Domain Generalization via Text-Anchored Information Bottleneck,google_scholar_only,unknown,,https://scholar.google.com/scholar?q=Domain+Generalization+via+Text-Anchored+Information+Bottleneck,,scholar_access_blocked,,,,
cai_oxumrd,Doeon Kim,Soongsil university,1,5874,WiFi-JEPA: Self-supervised Learning for WiFi-CSI 3D Human Pose Estimation,google_scholar_only,unknown,,https://scholar.google.com/scholar?q=WiFi-JEPA%3A+Self-supervised+Learning+for+WiFi-CSI+3D+Human+Pose+Estimation,,scholar_cache_miss,,,,
cai_pm0chr,GeonU Kim,Korea Advanced Institute of Science and Technology (KAIST),1,4040,Reflection-aware generative novel view synthesis,google_scholar_only,unknown,,https://scholar.google.com/scholar?q=Reflection-aware+generative+novel+view+synthesis,,scholar_cache_miss,,,,
cai_pp6710,Taeryung Lee,Seoul National University,1,4313,SIGNER: Temporally Grounded Sign Language Generation via Time-Resolved Conditioning,google_scholar_only,unknown,,https://scholar.google.com/scholar?q=SIGNER%3A+Temporally+Grounded+Sign+Language+Generation+via+Time-Resolved+Conditioning,,scholar_cache_miss,,,,
cai_qbdd0v,Daneul Kim,Seoul National University,1,5079,Learning Zero-Shot Subject-Driven Video Generation Using 1% Compute,google_scholar_only,unknown,,https://scholar.google.com/scholar?q=Learning+Zero-Shot+Subject-Driven+Video+Generation+Using+1%25+Compute,,scholar_cache_miss,,,,
cai_qiaew2,Elena Camuffo,CLO Virtual Fashion,1,4917,MOCHA: Multi-modal Objects-aware Cross-arcHitecture Alignment,google_scholar_only,unknown,,https://scholar.google.com/scholar?q=MOCHA%3A+Multi-modal+Objects-aware+Cross-arcHitecture+Alignment,,scholar_cache_miss,,,,
cai_qkmdou,Kim Jun-Seong,Pohang University of Science and Technology (POSTECH),1,3511,SA-ResGS: Self-Augmented Residual 3D Gaussian Splatting for Next Best View Selection,google_scholar_only,unknown,,https://scholar.google.com/scholar?q=SA-ResGS%3A+Self-Augmented+Residual+3D+Gaussian+Splatting+for+Next+Best+View+Selection,,scholar_cache_miss,,,,
cai_ql2vg6,Keonhee Park,"Vision and Learning Lab, Seoul National University",1,5258,SiGMA: Sign-Guided Merging and Adaptation framework for Multimodal Continual Instruction Tuning,google_scholar_only,unknown,,https://scholar.google.com/scholar?q=SiGMA%3A+Sign-Guided+Merging+and+Adaptation+framework+for+Multimodal+Continual+Instruction+Tuning,,scholar_cache_miss,,,,
cai_qogv77,Dohyun Kim,Korea University,1,4303,Direct Diffusion Score Preference Optimization via Stepwise Contrastive Policy-Pair Supervision,google_scholar_only,unknown,,https://scholar.google.com/scholar?q=Direct+Diffusion+Score+Preference+Optimization+via+Stepwise+Contrastive+Policy-Pair+Supervision,,scholar_access_blocked,,,,
cai_r292ys,Sunyoung Jung,Yonsei University,1,3621,Controlling Motion Transfer in Diffusion Transformers via Attention Heads,google_scholar_only,unknown,,https://scholar.google.com/scholar?q=Controlling+Motion+Transfer+in+Diffusion+Transformers+via+Attention+Heads,,scholar_cache_miss,,,,
cai_r6mnbm,Soobin Park,Sookmyung Women's University,1,4816,SA-V2V: Training-Free Subject-Aware Video-to-Video Personalization,google_scholar_only,unknown,,https://scholar.google.com/scholar?q=SA-V2V%3A+Training-Free+Subject-Aware+Video-to-Video+Personalization,,scholar_cache_miss,,,,
cai_riq103,Daehyun We,Korea Advanced Institute of Science & Technology; Korea Advanced Institute of Science & Technology,1,4803,MotionEditGS: Editing Motion and Appearance of 4D Scenes from Monocular Video via Semantically Anchored Gaussians,google_scholar_only,unknown,,https://scholar.google.com/scholar?q=MotionEditGS%3A+Editing+Motion+and+Appearance+of+4D+Scenes+from+Monocular+Video+via+Semantically+Anchored+Gaussians,,scholar_cache_miss,,,,
cai_rkv24,Jisung Hwang,KAIST,1,3859,NoiseTilt: Noise-Tilted Reverse Kernels for Diffusion Reward Alignment,google_scholar_only,unknown,,https://scholar.google.com/scholar?q=NoiseTilt%3A+Noise-Tilted+Reverse+Kernels+for+Diffusion+Reward+Alignment,,scholar_cache_miss,,,,
cai_ro66h9,Boseung Jeong,POSTECH,1,4294,Learning Sample-wise Rank-Aware Interpolation Weights for Composed Visual Data Retrieval,google_scholar_only,unknown,,https://scholar.google.com/scholar?q=Learning+Sample-wise+Rank-Aware+Interpolation+Weights+for+Composed+Visual+Data+Retrieval,,scholar_cache_miss,,,,
cai_ruido7,Kyungmin Min,Seoul National University,1,5761,ReflectCAP: Detailed Image Captioning with Reflective Memory,google_scholar_only,unknown,,https://scholar.google.com/scholar?q=ReflectCAP%3A+Detailed+Image+Captioning+with+Reflective+Memory,,scholar_cache_miss,,,,
cai_skq83z,Jongyeop Hyun,Pohang University of Science and Technology,1,5677,SPLIT: Training-Free AI-Generated and Partially Edited Video Detection via Spatial Patch‑Level Incoherence and Temporal Roughness,google_scholar_only,unknown,,https://scholar.google.com/scholar?q=SPLIT%3A+Training-Free+AI-Generated+and+Partially+Edited+Video+Detection+via+Spatial+Patch%E2%80%91Level+Incoherence+and+Temporal+Roughness,,scholar_cache_miss,,,,
cai_t65o4r,Sunggu Kyung,"Asan Medical Center, University of Ulsan",1,5301,Region-Aware Multimodal Large Language Model via SlowFast Tokenization and Pseudo-Mask Guidance for 3D CT Report Generation,google_scholar_only,unknown,,https://scholar.google.com/scholar?q=Region-Aware+Multimodal+Large+Language+Model+via+SlowFast+Tokenization+and+Pseudo-Mask+Guidance+for+3D+CT+Report+Generation,,scholar_cache_miss,,,,
cai_tbnw12,Yoonseok Choi,Yonsei University,1,3862,DRIFT: Difficulty-aware Rectified Flows for Through-plane MRI Super-Resolution,google_scholar_only,unknown,,https://scholar.google.com/scholar?q=DRIFT%3A+Difficulty-aware+Rectified+Flows+for+Through-plane+MRI+Super-Resolution,,scholar_cache_miss,,,,
cai_thbfl0,Kibum Kim,KAIST,1,5652,Sink-Token-Aware Pruning for Fine-Grained Video Understanding in Efficient Video LLMs,google_scholar_only,unknown,,https://scholar.google.com/scholar?q=Sink-Token-Aware+Pruning+for+Fine-Grained+Video+Understanding+in+Efficient+Video+LLMs,,scholar_cache_miss,,,,
cai_txmnjf,Hoyeon Shin,Seoul National University of Science and Technology,1,4715,Unbalanced Optimal Transport for Efficient Visual Document Retrieval,google_scholar_only,unknown,,https://scholar.google.com/scholar?q=Unbalanced+Optimal+Transport+for+Efficient+Visual+Document+Retrieval,,scholar_cache_miss,,,,
cai_ua9szx,Jiyeong Kim,Ewha W. University,1,4741,Enhancing Alignment for Unified Multimodal Models via Semantically-Grounded Supervision,google_scholar_only,unknown,,https://scholar.google.com/scholar?q=Enhancing+Alignment+for+Unified+Multimodal+Models+via+Semantically-Grounded+Supervision,,scholar_cache_miss,,,,
cai_ue4bx1,Jaechang Kim,POSTECH,1,4728,Visual Prompt Discovery via Semantic Exploration,google_scholar_only,unknown,,https://scholar.google.com/scholar?q=Visual+Prompt+Discovery+via+Semantic+Exploration,,scholar_cache_miss,,,,
cai_ulv5l2,Kyoleen Kwak,Kyung Hee University,1,4656,Geometry-Preserving in 3D Gaussian Splatting for LiDAR-Camera Extrinsic Calibration,google_scholar_only,unknown,,https://scholar.google.com/scholar?q=Geometry-Preserving+in+3D+Gaussian+Splatting+for+LiDAR-Camera+Extrinsic+Calibration,,scholar_cache_miss,,,,
cai_uw6q6r,Youngwan Lee,ETRI,1,5663,MultihopSpatial: Multi-hop Compositional Spatial Reasoning Benchmark for Vision-Language Model,google_scholar_only,unknown,,https://scholar.google.com/scholar?q=MultihopSpatial%3A+Multi-hop+Compositional+Spatial+Reasoning+Benchmark+for+Vision-Language+Model,,scholar_cache_miss,,,,
cai_wa4xuq,Tomislav Dobrički,Chung-Ang University,1,3364,Source-Agnostic Image Translation Based on Latent Aware Adaptive Masking,google_scholar_only,unknown,,https://scholar.google.com/scholar?q=Source-Agnostic+Image+Translation+Based+on+Latent+Aware+Adaptive+Masking,,scholar_cache_miss,,,,
cai_wf4ulq,YongHoon Kang,Sungkyunkwan University,1,4293,Prevention over Correction: Learning Aligned Representations in One-shot Federated Learning,google_scholar_only,unknown,,https://scholar.google.com/scholar?q=Prevention+over+Correction%3A+Learning+Aligned+Representations+in+One-shot+Federated+Learning,,scholar_cache_miss,,,,
cai_wmhgsr,Kyuwon Kim,KAIST,1,5880,SPECSIA: Stylization Dataset for Novel-View Enhancement in Drawing-based 3D Animation,google_scholar_only,unknown,,https://scholar.google.com/scholar?q=SPECSIA%3A+Stylization+Dataset+for+Novel-View+Enhancement+in+Drawing-based+3D+Animation,,scholar_cache_miss,,,,
cai_xaq0nr,MINSEOK KANG,Yonsei University,1,5209,Revisiting Weakly-Supervised Video Scene Graph Generation via Pair Affinity Learning,google_scholar_only,unknown,,https://scholar.google.com/scholar?q=Revisiting+Weakly-Supervised+Video+Scene+Graph+Generation+via+Pair+Affinity+Learning,,scholar_cache_miss,,,,
cai_xcjd2a,Kyeongmo Chae,Kyungpook National University,1,5107,Distribution-Alignment Bridge for Uncertainty-Aware Text-to-Video Retrieval,google_scholar_only,unknown,,https://scholar.google.com/scholar?q=Distribution-Alignment+Bridge+for+Uncertainty-Aware+Text-to-Video+Retrieval,,scholar_cache_miss,,,,
cai_xku1g9,SeokYeong Lee,Korea Advanced Institute of Science & Technology,1,4690,PLOT: Pseudo-Labeling via Object Tracking for Monocular 3D Object Detection,google_scholar_only,unknown,,https://scholar.google.com/scholar?q=PLOT%3A+Pseudo-Labeling+via+Object+Tracking+for+Monocular+3D+Object+Detection,,scholar_cache_miss,,,,
cai_xlzkem,InGyu Jeong,Seoul National University of Science and Technology,1,5695,EGGS: Explicitly Granular 3D Gaussian Splatting via Luma-Aware and Volume-Preserving Attribute Factorization,google_scholar_only,unknown,,https://scholar.google.com/scholar?q=EGGS%3A+Explicitly+Granular+3D+Gaussian+Splatting+via+Luma-Aware+and+Volume-Preserving+Attribute+Factorization,,scholar_cache_miss,,,,
cai_xr8msq,Yeonkyeong Lee,Kakao,1,5142,Keep-or-Drop? Adaptive Tokenizer for Compact Video Representation,google_scholar_only,unknown,,https://scholar.google.com/scholar?q=Keep-or-Drop%3F+Adaptive+Tokenizer+for+Compact+Video+Representation,,scholar_cache_miss,,,,
cai_xslldp,Habin Lim,Korea University,1,5170,OSVE: One Step Video Editing with One Step Diffusion Models,google_scholar_only,unknown,,https://scholar.google.com/scholar?q=OSVE%3A+One+Step+Video+Editing+with+One+Step+Diffusion+Models,,scholar_cache_miss,,,,
cai_xyxncm,Junoh Lee,GIST,1,4602,Relaxed Rigidity with Ray-based Grouping for Dynamic Gaussian Splatting,google_scholar_only,unknown,,https://scholar.google.com/scholar?q=Relaxed+Rigidity+with+Ray-based+Grouping+for+Dynamic+Gaussian+Splatting,,scholar_cache_miss,,,,
cai_ycply5,Kang Eun Jeon,DGIST,1,4410,R-ESC: Robustly Erasing Space Concepts via Stochastic Feature Remapping,google_scholar_only,unknown,,https://scholar.google.com/scholar?q=R-ESC%3A+Robustly+Erasing+Space+Concepts+via+Stochastic+Feature+Remapping,,scholar_cache_miss,,,,
cai_yzlijd,Jaehun Park,Sungkyunkwan University,1,4345,ProtoMappingNet: Interpretable Hierarchical Prototypes through Relational Prototype Mappings,google_scholar_only,unknown,,https://scholar.google.com/scholar?q=ProtoMappingNet%3A+Interpretable+Hierarchical+Prototypes+through+Relational+Prototype+Mappings,,scholar_cache_miss,,,,
cai_z352tg,Seongyu Kim,KAIST,1,4376,See & Sniff: Learning Visuo-Olfactory Representations,google_scholar_only,unknown,,https://scholar.google.com/scholar?q=See+%26+Sniff%3A+Learning+Visuo-Olfactory+Representations,,scholar_cache_miss,,,,
cai_zrrap3,Minjoon Jung,Seoul National University,1,3203,EgoExo-Con: Exploring View-Invariant Video Temporal Understanding,google_scholar_only,unknown,,https://scholar.google.com/scholar?q=EgoExo-Con%3A+Exploring+View-Invariant+Video+Temporal+Understanding,,scholar_cache_miss,,,,
cai_zv9xh,Yeonghwan Song,GIST,1,3308,Anti-Prompt: Image Protection against Text-Guided Image-to-Video Generation,google_scholar_only,unknown,,https://scholar.google.com/scholar?q=Anti-Prompt%3A+Image+Protection+against+Text-Guided+Image-to-Video+Generation,,scholar_cache_miss,,,,
