candidate_identity_key,eccv_first_author_name,eccv_first_author_affiliation_raw,openalex_rank,openalex_author_id,openalex_display_name,openalex_orcid,openalex_last_known_institutions,openalex_works_count,openalex_cited_by_count,candidate_match_score,matching_signals,openalex_api_query_url,lead_status,notes
cai_b8qb30,Beom Young Kim,NAVER Cloud,1,https://openalex.org/A5100404804,Do Young Kim,https://orcid.org/0000-0002-8327-3439,Yonsei University; Severance Hospital; Yonsei University Health System,571,15131,5,orcid_available,https://api.openalex.org/authors?search=Beom+Young+Kim&per-page=5,unverified_discovery_only,Do not use this row to resolve identity or count prior papers without primary-source verification.
cai_b8qb30,Beom Young Kim,NAVER Cloud,2,https://openalex.org/A5100681582,Beom Kyung Kim,https://orcid.org/0000-0002-5363-2496,Yonsei University; Severance Hospital; University Health System; Yonsei University Health System,518,10102,5,orcid_available,https://api.openalex.org/authors?search=Beom+Young+Kim&per-page=5,unverified_discovery_only,Do not use this row to resolve identity or count prior papers without primary-source verification.
cai_b8qb30,Beom Young Kim,NAVER Cloud,3,https://openalex.org/A5100753669,Soo‐Hyun Cho,https://orcid.org/0000-0002-8073-8771,Bowdoin College,249,2909,5,orcid_available,https://api.openalex.org/authors?search=Beom+Young+Kim&per-page=5,unverified_discovery_only,Do not use this row to resolve identity or count prior papers without primary-source verification.
cai_b8qb30,Beom Young Kim,NAVER Cloud,4,https://openalex.org/A5114151709,Young Beom Kim,https://orcid.org/0000-0003-1349-8488,Pyeongtaek University; National IT industry Promotion Agency; Hanyang University; Anyang University,95,2367,5,orcid_available,https://api.openalex.org/authors?search=Beom+Young+Kim&per-page=5,unverified_discovery_only,Do not use this row to resolve identity or count prior papers without primary-source verification.
cai_b8qb30,Beom Young Kim,NAVER Cloud,5,https://openalex.org/A5020554633,Young‐Beom Kim,https://orcid.org/0000-0002-0307-0595,Convergence; Hanyang University; Anyang University,153,2084,5,orcid_available,https://api.openalex.org/authors?search=Beom+Young+Kim&per-page=5,unverified_discovery_only,Do not use this row to resolve identity or count prior papers without primary-source verification.
cai_jr6jbb,Bonmu Do,Inha University,1,https://openalex.org/A5151071343,Bonmu Do,https://orcid.org/0009-0008-9770-0316,Inha University,1,0,100,exact_normalized_name; canonical_affiliation_match; orcid_available,https://api.openalex.org/authors?search=Bonmu+Do&per-page=5,unverified_discovery_only,Do not use this row to resolve identity or count prior papers without primary-source verification.
cai_ro66h9,Boseung Jeong,POSTECH,1,https://openalex.org/A5088951609,Boseung Jeong,https://orcid.org/0000-0001-9382-3396,Samsung (South Korea),15,128,65,exact_normalized_name; orcid_available,https://api.openalex.org/authors?search=Boseung+Jeong&per-page=5,unverified_discovery_only,Do not use this row to resolve identity or count prior papers without primary-source verification.
cai_12x2ya,Bryan Sangwoo Kim,Korea Advanced Institute of Science & Technology,1,https://openalex.org/A5087015631,Bryan S. K. Kim,https://orcid.org/0000-0001-8315-0554,Korea Advanced Institute of Science and Technology; University of Hawaii at Hilo,109,5631,40,canonical_affiliation_match; orcid_available,https://api.openalex.org/authors?search=Bryan+Sangwoo+Kim&per-page=5,unverified_discovery_only,Do not use this row to resolve identity or count prior papers without primary-source verification.
cai_12x2ya,Bryan Sangwoo Kim,Korea Advanced Institute of Science & Technology,2,https://openalex.org/A5110093966,B. Kim,,Korea Advanced Institute of Science and Technology; International Graduate School of English,9,18,35,canonical_affiliation_match,https://api.openalex.org/authors?search=Bryan+Sangwoo+Kim&per-page=5,unverified_discovery_only,Do not use this row to resolve identity or count prior papers without primary-source verification.
cai_12x2ya,Bryan Sangwoo Kim,Korea Advanced Institute of Science & Technology,3,https://openalex.org/A5059514761,Bryan S Kim,https://orcid.org/0009-0002-2802-4234,Korea Maritime and Ocean University,3,2,5,orcid_available,https://api.openalex.org/authors?search=Bryan+Sangwoo+Kim&per-page=5,unverified_discovery_only,Do not use this row to resolve identity or count prior papers without primary-source verification.
cai_12x2ya,Bryan Sangwoo Kim,Korea Advanced Institute of Science & Technology,4,https://openalex.org/A5125053389,Bryan Sangwoo Kim,,Korea Advanced Institute of Science and Technology,2,0,95,exact_normalized_name; canonical_affiliation_match,https://api.openalex.org/authors?search=Bryan+Sangwoo+Kim&per-page=5,unverified_discovery_only,Do not use this row to resolve identity or count prior papers without primary-source verification.
cai_1yyss68,Byeonggyu Park,Seoul National University,1,https://openalex.org/A5054440972,Byeonggyu Park,,Seoul National University of Science and Technology; Seoul National University; New Generation University College,6,22,95,exact_normalized_name; canonical_affiliation_match,https://api.openalex.org/authors?search=Byeonggyu+Park&per-page=5,unverified_discovery_only,Do not use this row to resolve identity or count prior papers without primary-source verification.
cai_1yyss68,Byeonggyu Park,Seoul National University,2,https://openalex.org/A5039962130,Byeonggyu Park,,Chosun University,2,13,60,exact_normalized_name,https://api.openalex.org/authors?search=Byeonggyu+Park&per-page=5,unverified_discovery_only,Do not use this row to resolve identity or count prior papers without primary-source verification.
cai_1yyss68,Byeonggyu Park,Seoul National University,3,https://openalex.org/A5073432183,Byeonggyu Park,,Korea University,2,11,60,exact_normalized_name,https://api.openalex.org/authors?search=Byeonggyu+Park&per-page=5,unverified_discovery_only,Do not use this row to resolve identity or count prior papers without primary-source verification.
cai_1yyss68,Byeonggyu Park,Seoul National University,4,https://openalex.org/A5081054924,Byeonggyu Park,,International University of Korea; Korea University of International Studies,1,3,60,exact_normalized_name,https://api.openalex.org/authors?search=Byeonggyu+Park&per-page=5,unverified_discovery_only,Do not use this row to resolve identity or count prior papers without primary-source verification.
cai_1yyss68,Byeonggyu Park,Seoul National University,5,https://openalex.org/A5049236369,Byeonggyu Park,,Chosun University,3,2,60,exact_normalized_name,https://api.openalex.org/authors?search=Byeonggyu+Park&per-page=5,unverified_discovery_only,Do not use this row to resolve identity or count prior papers without primary-source verification.
cai_1a10uti,Byeonghun Lee,Korea University,1,https://openalex.org/A5025978300,B.H. Lee,,Daegu Gyeongbuk Institute of Science and Technology,4,160,0,,https://api.openalex.org/authors?search=Byeonghun+Lee&per-page=5,unverified_discovery_only,Do not use this row to resolve identity or count prior papers without primary-source verification.
cai_1a10uti,Byeonghun Lee,Korea University,2,https://openalex.org/A5081847552,Byeonghun Lee,,Daewoong Pharmaceutical (South Korea),3,68,60,exact_normalized_name,https://api.openalex.org/authors?search=Byeonghun+Lee&per-page=5,unverified_discovery_only,Do not use this row to resolve identity or count prior papers without primary-source verification.
cai_1a10uti,Byeonghun Lee,Korea University,3,https://openalex.org/A5005793299,Byeonghun Lee,,Sogang University,5,35,60,exact_normalized_name,https://api.openalex.org/authors?search=Byeonghun+Lee&per-page=5,unverified_discovery_only,Do not use this row to resolve identity or count prior papers without primary-source verification.
cai_1a10uti,Byeonghun Lee,Korea University,4,https://openalex.org/A5064847146,이병훈,,Pohang University of Science and Technology,641,76,0,,https://api.openalex.org/authors?search=Byeonghun+Lee&per-page=5,unverified_discovery_only,Do not use this row to resolve identity or count prior papers without primary-source verification.
cai_1a10uti,Byeonghun Lee,Korea University,5,https://openalex.org/A5032947746,Byeonghun Lee,,,11,22,60,exact_normalized_name,https://api.openalex.org/authors?search=Byeonghun+Lee&per-page=5,unverified_discovery_only,Do not use this row to resolve identity or count prior papers without primary-source verification.
cai_18w3st,Byoungwoo Kim,KAIST,1,https://openalex.org/A5044680401,Byoungwoo Kim,,,2,26,60,exact_normalized_name,https://api.openalex.org/authors?search=Byoungwoo+Kim&per-page=5,unverified_discovery_only,Do not use this row to resolve identity or count prior papers without primary-source verification.
cai_18w3st,Byoungwoo Kim,KAIST,2,https://openalex.org/A5025390686,Byoungwoo Kim,,Sangji University,1,6,60,exact_normalized_name,https://api.openalex.org/authors?search=Byoungwoo+Kim&per-page=5,unverified_discovery_only,Do not use this row to resolve identity or count prior papers without primary-source verification.
cai_18w3st,Byoungwoo Kim,KAIST,3,https://openalex.org/A5149828666,Byoungwoo Kim,,,1,0,60,exact_normalized_name,https://api.openalex.org/authors?search=Byoungwoo+Kim&per-page=5,unverified_discovery_only,Do not use this row to resolve identity or count prior papers without primary-source verification.
cai_18w3st,Byoungwoo Kim,KAIST,4,https://openalex.org/A5031230560,Byoungwoo Kim,,,1,0,60,exact_normalized_name,https://api.openalex.org/authors?search=Byoungwoo+Kim&per-page=5,unverified_discovery_only,Do not use this row to resolve identity or count prior papers without primary-source verification.
cai_18w3st,Byoungwoo Kim,KAIST,5,https://openalex.org/A5034658690,Byoungwoo Kim,,Yonsei University,1,0,60,exact_normalized_name,https://api.openalex.org/authors?search=Byoungwoo+Kim&per-page=5,unverified_discovery_only,Do not use this row to resolve identity or count prior papers without primary-source verification.
cai_5k7e2r,Byungoh Ko,Korea University,1,https://openalex.org/A5107941574,Byeonghak Ko,,University of Seoul,93,493,0,,https://api.openalex.org/authors?search=Byungoh+Ko&per-page=5,unverified_discovery_only,Do not use this row to resolve identity or count prior papers without primary-source verification.
cai_5k7e2r,Byungoh Ko,Korea University,2,https://openalex.org/A5110502130,B. Ko,,,13,25,0,,https://api.openalex.org/authors?search=Byungoh+Ko&per-page=5,unverified_discovery_only,Do not use this row to resolve identity or count prior papers without primary-source verification.
cai_1gmil2t,Byungwoo Jeon,KAIST,1,https://openalex.org/A5125139479,Byungwoo Jeon,,Korea Advanced Institute of Science and Technology; Kootenay Association for Science & Technology,2,0,95,exact_normalized_name; canonical_affiliation_match,https://api.openalex.org/authors?search=Byungwoo+Jeon&per-page=5,unverified_discovery_only,Do not use this row to resolve identity or count prior papers without primary-source verification.
cai_1gmil2t,Byungwoo Jeon,KAIST,2,https://openalex.org/A5130651415,Byungwoo Jeon,,Korea Advanced Institute of Science and Technology; Kootenay Association for Science & Technology,1,0,95,exact_normalized_name; canonical_affiliation_match,https://api.openalex.org/authors?search=Byungwoo+Jeon&per-page=5,unverified_discovery_only,Do not use this row to resolve identity or count prior papers without primary-source verification.
cai_1gmil2t,Byungwoo Jeon,KAIST,3,https://openalex.org/A5130562724,Byungwoo Jeon,,Korea Advanced Institute of Science and Technology; Kootenay Association for Science & Technology,2,0,95,exact_normalized_name; canonical_affiliation_match,https://api.openalex.org/authors?search=Byungwoo+Jeon&per-page=5,unverified_discovery_only,Do not use this row to resolve identity or count prior papers without primary-source verification.
cai_1gmil2t,Byungwoo Jeon,KAIST,4,https://openalex.org/A5138968085,Byungwoo Jeon,,Korea Advanced Institute of Science and Technology; Kootenay Association for Science & Technology,1,0,95,exact_normalized_name; canonical_affiliation_match,https://api.openalex.org/authors?search=Byungwoo+Jeon&per-page=5,unverified_discovery_only,Do not use this row to resolve identity or count prior papers without primary-source verification.
cai_1gmil2t,Byungwoo Jeon,KAIST,5,https://openalex.org/A5139024000,Byungwoo Jeon,,,1,0,60,exact_normalized_name,https://api.openalex.org/authors?search=Byungwoo+Jeon&per-page=5,unverified_discovery_only,Do not use this row to resolve identity or count prior papers without primary-source verification.
cai_4234nl,Chaesong Park,Seoul National University,1,https://openalex.org/A5052739666,C.H. Park,,Seoul National University,5,6,35,canonical_affiliation_match,https://api.openalex.org/authors?search=Chaesong+Park&per-page=5,unverified_discovery_only,Do not use this row to resolve identity or count prior papers without primary-source verification.
cai_4234nl,Chaesong Park,Seoul National University,2,https://openalex.org/A5060151070,C W Park,,Korea Institute for Advanced Study; Seoul National University; Soongsil University; Sejong University; Hyundai Engineering (South Korea); Microsoft Research (United Kingdom),33,8,35,canonical_affiliation_match,https://api.openalex.org/authors?search=Chaesong+Park&per-page=5,unverified_discovery_only,Do not use this row to resolve identity or count prior papers without primary-source verification.
cai_4234nl,Chaesong Park,Seoul National University,3,https://openalex.org/A5115754355,Chaesong Park,,,1,0,60,exact_normalized_name,https://api.openalex.org/authors?search=Chaesong+Park&per-page=5,unverified_discovery_only,Do not use this row to resolve identity or count prior papers without primary-source verification.
cai_4234nl,Chaesong Park,Seoul National University,4,https://openalex.org/A5135215003,Chaesong Park,,Seoul National University,1,0,95,exact_normalized_name; canonical_affiliation_match,https://api.openalex.org/authors?search=Chaesong+Park&per-page=5,unverified_discovery_only,Do not use this row to resolve identity or count prior papers without primary-source verification.
cai_1wxi2l,Chaeyeon Lee,Korea University,1,https://openalex.org/A5047012149,C. Justin Lee,https://orcid.org/0000-0002-3555-0980,Daejeon University; University of Seoul; Tech University of Korea; Seoul National University; University of British Columbia; Hallym University; Cancer Research Institute; Gyeongsang National University; Inha University; Yonsei University; Chungnam National University; Korea University; Seoul National University Hospital; Kyungpook National University; Institute for Basic Science; National University College; Chonnam National University Hwasun Hospital; Korea Evaluation Institute of Industrial Technology; Columbia University; Sungkyunkwan University; Korea University of Science and Technology; Korea Institute of Industrial Technology,379,19996,40,canonical_affiliation_match; orcid_available,https://api.openalex.org/authors?search=Chaeyeon+Lee&per-page=5,unverified_discovery_only,Do not use this row to resolve identity or count prior papers without primary-source verification.
cai_1wxi2l,Chaeyeon Lee,Korea University,2,https://openalex.org/A5056831488,Chaeyeon Lee,https://orcid.org/0000-0001-7235-8093,Soongsil University; Sangmyung University; Korea University; University of Cambridge; Samsung Medical Center; Biosolution (South Korea); Av Engineering (Czechia); Sungkyunkwan University,42,344,100,exact_normalized_name; canonical_affiliation_match; orcid_available,https://api.openalex.org/authors?search=Chaeyeon+Lee&per-page=5,unverified_discovery_only,Do not use this row to resolve identity or count prior papers without primary-source verification.
cai_1wxi2l,Chaeyeon Lee,Korea University,3,https://openalex.org/A5079473232,Chaeyeon Lee,https://orcid.org/0009-0006-7393-5685,Pusan National University,4,165,65,exact_normalized_name; orcid_available,https://api.openalex.org/authors?search=Chaeyeon+Lee&per-page=5,unverified_discovery_only,Do not use this row to resolve identity or count prior papers without primary-source verification.
cai_1wxi2l,Chaeyeon Lee,Korea University,4,https://openalex.org/A5016634246,Chaeyeon Lee,https://orcid.org/0000-0001-5508-3024,Samsung Medical Center,23,118,65,exact_normalized_name; orcid_available,https://api.openalex.org/authors?search=Chaeyeon+Lee&per-page=5,unverified_discovery_only,Do not use this row to resolve identity or count prior papers without primary-source verification.
cai_1wxi2l,Chaeyeon Lee,Korea University,5,https://openalex.org/A5002715067,Chaeyeon Lee,https://orcid.org/0000-0001-7633-2448,University of Cambridge,6,49,65,exact_normalized_name; orcid_available,https://api.openalex.org/authors?search=Chaeyeon+Lee&per-page=5,unverified_discovery_only,Do not use this row to resolve identity or count prior papers without primary-source verification.
cai_naliiu,Changjin Kim,Hanyang University,1,https://openalex.org/A5012586082,Changjin Kim,,,15,297,60,exact_normalized_name,https://api.openalex.org/authors?search=Changjin+Kim&per-page=5,unverified_discovery_only,Do not use this row to resolve identity or count prior papers without primary-source verification.
cai_naliiu,Changjin Kim,Hanyang University,2,https://openalex.org/A5047642969,Changjin Kim,https://orcid.org/0000-0003-3727-6249,National Insurance Institute of Israel; Hanyang University,7,27,100,exact_normalized_name; canonical_affiliation_match; orcid_available,https://api.openalex.org/authors?search=Changjin+Kim&per-page=5,unverified_discovery_only,Do not use this row to resolve identity or count prior papers without primary-source verification.
cai_naliiu,Changjin Kim,Hanyang University,3,https://openalex.org/A5027248392,Changjin Yoon,https://orcid.org/0000-0003-4960-2910,GE Global Research (United States),54,374,5,orcid_available,https://api.openalex.org/authors?search=Changjin+Kim&per-page=5,unverified_discovery_only,Do not use this row to resolve identity or count prior papers without primary-source verification.
cai_naliiu,Changjin Kim,Hanyang University,4,https://openalex.org/A5020782669,Changjin Kim,,Samsung (South Korea),4,2,60,exact_normalized_name,https://api.openalex.org/authors?search=Changjin+Kim&per-page=5,unverified_discovery_only,Do not use this row to resolve identity or count prior papers without primary-source verification.
cai_naliiu,Changjin Kim,Hanyang University,5,https://openalex.org/A5113249461,Changjin Kim,,,5,2,60,exact_normalized_name,https://api.openalex.org/authors?search=Changjin+Kim&per-page=5,unverified_discovery_only,Do not use this row to resolve identity or count prior papers without primary-source verification.
cai_1xjvdwb,Changwoo Baek,Pusan National University,1,https://openalex.org/A5090908427,Chang Hyun Baek,https://orcid.org/0000-0001-6446-4910,Korea Soongsil Cyber ​​University,45,116,5,orcid_available,https://api.openalex.org/authors?search=Changwoo+Baek&per-page=5,unverified_discovery_only,Do not use this row to resolve identity or count prior papers without primary-source verification.
cai_1xjvdwb,Changwoo Baek,Pusan National University,2,https://openalex.org/A5126427304,Changwoo Baek,,Pusan National University,8,0,95,exact_normalized_name; canonical_affiliation_match,https://api.openalex.org/authors?search=Changwoo+Baek&per-page=5,unverified_discovery_only,Do not use this row to resolve identity or count prior papers without primary-source verification.
cai_2jhbnw,Changwoo Jeon,Yonsei University,1,https://openalex.org/A5077851700,Changwoo Jeon,https://orcid.org/0000-0002-8442-9394,"University of California, Los Angeles; Yonsei University",34,350,100,exact_normalized_name; canonical_affiliation_match; orcid_available,https://api.openalex.org/authors?search=Changwoo+Jeon&per-page=5,unverified_discovery_only,Do not use this row to resolve identity or count prior papers without primary-source verification.
cai_2jhbnw,Changwoo Jeon,Yonsei University,2,https://openalex.org/A5035848749,Chang-Woo Jeon,,,3,7,0,,https://api.openalex.org/authors?search=Changwoo+Jeon&per-page=5,unverified_discovery_only,Do not use this row to resolve identity or count prior papers without primary-source verification.
cai_2jhbnw,Changwoo Jeon,Yonsei University,3,https://openalex.org/A5014639670,Chang-Woo Jeon,,,7,3,0,,https://api.openalex.org/authors?search=Changwoo+Jeon&per-page=5,unverified_discovery_only,Do not use this row to resolve identity or count prior papers without primary-source verification.
cai_2jhbnw,Changwoo Jeon,Yonsei University,4,https://openalex.org/A5016039727,Jeon Changwoo,,,2,0,0,,https://api.openalex.org/authors?search=Changwoo+Jeon&per-page=5,unverified_discovery_only,Do not use this row to resolve identity or count prior papers without primary-source verification.
cai_efi1pk,Changyeon Won,GIST,1,https://openalex.org/A5088893064,C. Won,https://orcid.org/0000-0001-5987-7411,Yonsei University; Kyung Hee University; Gwangju Institute of Science and Technology,114,2134,40,canonical_affiliation_match; orcid_available,https://api.openalex.org/authors?search=Changyeon+Won&per-page=5,unverified_discovery_only,Do not use this row to resolve identity or count prior papers without primary-source verification.
cai_efi1pk,Changyeon Won,GIST,2,https://openalex.org/A5068986649,Changyeon Won,https://orcid.org/0000-0001-5335-2606,Gwangju Institute of Science and Technology,1,22,100,exact_normalized_name; canonical_affiliation_match; orcid_available,https://api.openalex.org/authors?search=Changyeon+Won&per-page=5,unverified_discovery_only,Do not use this row to resolve identity or count prior papers without primary-source verification.
cai_efi1pk,Changyeon Won,GIST,3,https://openalex.org/A5102193184,Changyeon Won,,Hongik University,4,4,60,exact_normalized_name,https://api.openalex.org/authors?search=Changyeon+Won&per-page=5,unverified_discovery_only,Do not use this row to resolve identity or count prior papers without primary-source verification.
cai_efi1pk,Changyeon Won,GIST,4,https://openalex.org/A5136008440,Changyeon Won,https://orcid.org/0000-0001-5987-7411,Kyung Hee University,1,1,65,exact_normalized_name; orcid_available,https://api.openalex.org/authors?search=Changyeon+Won&per-page=5,unverified_discovery_only,Do not use this row to resolve identity or count prior papers without primary-source verification.
cai_hrvtmd,Chanhui Lee,POSTECH,1,https://openalex.org/A5064122653,Chanhui Lee,https://orcid.org/0000-0002-6401-5098,Kyung Hee University,80,5624,65,exact_normalized_name; orcid_available,https://api.openalex.org/authors?search=Chanhui+Lee&per-page=5,unverified_discovery_only,Do not use this row to resolve identity or count prior papers without primary-source verification.
cai_hrvtmd,Chanhui Lee,POSTECH,2,https://openalex.org/A5102001221,Chanhui Lee,https://orcid.org/0009-0000-5144-6801,Kyungpook National University,3,31,65,exact_normalized_name; orcid_available,https://api.openalex.org/authors?search=Chanhui+Lee&per-page=5,unverified_discovery_only,Do not use this row to resolve identity or count prior papers without primary-source verification.
cai_hrvtmd,Chanhui Lee,POSTECH,3,https://openalex.org/A5043544720,Chanhui Lee,https://orcid.org/0009-0003-2092-3670,Artificial Intelligence in Medicine (Canada),10,9,65,exact_normalized_name; orcid_available,https://api.openalex.org/authors?search=Chanhui+Lee&per-page=5,unverified_discovery_only,Do not use this row to resolve identity or count prior papers without primary-source verification.
cai_hrvtmd,Chanhui Lee,POSTECH,4,https://openalex.org/A5104292938,Chanhui Lee,,Korea University,1,3,60,exact_normalized_name,https://api.openalex.org/authors?search=Chanhui+Lee&per-page=5,unverified_discovery_only,Do not use this row to resolve identity or count prior papers without primary-source verification.
cai_hrvtmd,Chanhui Lee,POSTECH,5,https://openalex.org/A5072512058,Chanhui Lee,https://orcid.org/0009-0007-7869-9105,LG (United States); Nemours Children's Clinic,8,3,65,exact_normalized_name; orcid_available,https://api.openalex.org/authors?search=Chanhui+Lee&per-page=5,unverified_discovery_only,Do not use this row to resolve identity or count prior papers without primary-source verification.
cai_irr0x2,ChanYeong Hwang,Korea University,,,,,,,,,,,fetch_failed,OpenAlex 429
cai_1dmv880,Cheng-Yaw Low,Changwon National University,,,,,,,,,,,fetch_failed,OpenAlex 429
cai_bhhbue,Cheolhong Min,Seoul National University,,,,,,,,,,,fetch_failed,OpenAlex 429
cai_1w4p635,DAEHYEON JEON,UNIST,,,,,,,,,,,fetch_failed,OpenAlex 429
cai_1jly6ub,DaeHyun Kim,Chungnam National University,,,,,,,,,,,fetch_failed,OpenAlex 429
cai_riq103,Daehyun We,Korea Advanced Institute of Science & Technology; Korea Advanced Institute of Science & Technology,,,,,,,,,,,fetch_failed,OpenAlex 429
cai_hfk2wa,Daeun Lee,Seoul National University,1,https://openalex.org/A5101653308,Daeun Lee,https://orcid.org/0000-0003-3731-548X,Inha University,50,923,65,exact_normalized_name; orcid_available,https://api.openalex.org/authors?search=Daeun+Lee&per-page=5,unverified_discovery_only,Do not use this row to resolve identity or count prior papers without primary-source verification.
cai_hfk2wa,Daeun Lee,Seoul National University,2,https://openalex.org/A5101653305,Daeun Lee,https://orcid.org/0000-0002-6684-3655,Gachon University; Seoul National University; SNUH SMG-SNU Boramae Medical Center; Keimyung University; Chung-Ang University,53,859,100,exact_normalized_name; canonical_affiliation_match; orcid_available,https://api.openalex.org/authors?search=Daeun+Lee&per-page=5,unverified_discovery_only,Do not use this row to resolve identity or count prior papers without primary-source verification.
cai_hfk2wa,Daeun Lee,Seoul National University,3,https://openalex.org/A5049930385,Daeun Lee,,University of North Carolina at Chapel Hill; University of North Carolina Health Care,10,603,60,exact_normalized_name,https://api.openalex.org/authors?search=Daeun+Lee&per-page=5,unverified_discovery_only,Do not use this row to resolve identity or count prior papers without primary-source verification.
cai_hfk2wa,Daeun Lee,Seoul National University,4,https://openalex.org/A5074975977,Daeun Lee,https://orcid.org/0000-0002-8517-7010,California Polytechnic State University,11,484,65,exact_normalized_name; orcid_available,https://api.openalex.org/authors?search=Daeun+Lee&per-page=5,unverified_discovery_only,Do not use this row to resolve identity or count prior papers without primary-source verification.
cai_hfk2wa,Daeun Lee,Seoul National University,5,https://openalex.org/A5009800231,DaEun Lee,https://orcid.org/0000-0002-2902-276X,Daegu Catholic University; Keimyung University,18,304,65,exact_normalized_name; orcid_available,https://api.openalex.org/authors?search=Daeun+Lee&per-page=5,unverified_discovery_only,Do not use this row to resolve identity or count prior papers without primary-source verification.
cai_1frm1kx,Daeun Lee,Sung Kyun Kwan University,,,,,,,,,,,fetch_failed,OpenAlex 429
cai_168kmvb,Daeyeon Kim,POSTECH,,,,,,,,,,,fetch_failed,OpenAlex 429
cai_1o6n2vf,Daeyoung Choi,Korea Cyber University,,,,,,,,,,,fetch_failed,OpenAlex 429
cai_qbdd0v,Daneul Kim,Seoul National University,,,,,,,,,,,fetch_failed,OpenAlex 429
cai_oxumrd,Doeon Kim,Soongsil university,,,,,,,,,,,fetch_failed,OpenAlex 429
cai_18x3r1d,Dogyun Park,Korea University,1,https://openalex.org/A5031927349,Dogyun Park,,,4,139,60,exact_normalized_name,https://api.openalex.org/authors?search=Dogyun+Park&per-page=5,unverified_discovery_only,Do not use this row to resolve identity or count prior papers without primary-source verification.
cai_18x3r1d,Dogyun Park,Korea University,2,https://openalex.org/A5024433701,Do-Gyun Park,https://orcid.org/0000-0002-5471-1065,Rural Development Administration; National Institute of Horticultural and Herbal Science,16,218,5,orcid_available,https://api.openalex.org/authors?search=Dogyun+Park&per-page=5,unverified_discovery_only,Do not use this row to resolve identity or count prior papers without primary-source verification.
cai_18x3r1d,Dogyun Park,Korea University,3,https://openalex.org/A5037823099,Dogyun Park,,Korea University,9,22,95,exact_normalized_name; canonical_affiliation_match,https://api.openalex.org/authors?search=Dogyun+Park&per-page=5,unverified_discovery_only,Do not use this row to resolve identity or count prior papers without primary-source verification.
cai_18x3r1d,Dogyun Park,Korea University,4,https://openalex.org/A5129093627,Dogyun Park,,,1,0,60,exact_normalized_name,https://api.openalex.org/authors?search=Dogyun+Park&per-page=5,unverified_discovery_only,Do not use this row to resolve identity or count prior papers without primary-source verification.
cai_18x3r1d,Dogyun Park,Korea University,5,https://openalex.org/A5124044577,DoGyun Park,,,2,0,60,exact_normalized_name,https://api.openalex.org/authors?search=Dogyun+Park&per-page=5,unverified_discovery_only,Do not use this row to resolve identity or count prior papers without primary-source verification.
cai_1t7khxo,Dohun Lee,Korea Advanced Institute of Science and Technology,,,,,,,,,,,fetch_failed,OpenAlex 429
cai_qogv77,Dohyun Kim,Korea University,,,,,,,,,,,fetch_failed,OpenAlex 429
cai_1a82rny,Dong-Hyun Moon,Inha University,,,,,,,,,,,fetch_failed,OpenAlex 429
cai_4momyb,Dong-Woo Kim,Korea University,,,,,,,,,,,fetch_failed,OpenAlex 429
cai_1r34pvk,Donggeon Bae,Seoul National University,,,,,,,,,,,fetch_failed,OpenAlex 429
cai_14zol5l,Donghyun Kim,Emory University; Yonsei University,,,,,,,,,,,fetch_failed,OpenAlex 429
cai_180le5h,Dongsu Song,Korea Aerospace University,,,,,,,,,,,fetch_failed,OpenAlex 429
cai_1q4k30l,E In Son,Seoul National University,,,,,,,,,,,fetch_failed,OpenAlex 429
cai_qiaew2,Elena Camuffo,CLO Virtual Fashion,,,,,,,,,,,fetch_failed,OpenAlex 429
cai_1hjrh6i,Eungjune Shim,CLO Virtual Fashion Inc.,,,,,,,,,,,fetch_failed,OpenAlex 429
cai_ojgfc2,Eunyi Lyou,Seoul National University,,,,,,,,,,,fetch_failed,OpenAlex 429
cai_cap2jl,GaHye Lee,POSTECH,,,,,,,,,,,fetch_failed,OpenAlex 429
cai_8a1asp,Gahyeon Kim,ETRI,,,,,,,,,,,fetch_failed,OpenAlex 429
cai_aj6w7z,Ganghyeon Lee,Ulsan National Institute of Science and Technology,1,https://openalex.org/A5144453144,Ganghyeon Lee,,,1,0,60,exact_normalized_name,https://api.openalex.org/authors?search=Ganghyeon+Lee&per-page=5,unverified_discovery_only,Do not use this row to resolve identity or count prior papers without primary-source verification.
cai_aj6w7z,Ganghyeon Lee,Ulsan National Institute of Science and Technology,2,https://openalex.org/A5144379602,Ganghyeon Lee,,,1,0,60,exact_normalized_name,https://api.openalex.org/authors?search=Ganghyeon+Lee&per-page=5,unverified_discovery_only,Do not use this row to resolve identity or count prior papers without primary-source verification.
cai_96gbai,Gayoung KIM,Ewha womans university,,,,,,,,,,,fetch_failed,OpenAlex 429
cai_18fxd9z,Geo Ahn,Kyung Hee University,,,,,,,,,,,fetch_failed,OpenAlex 429
cai_1bubn2q,Geon Tack Lee,Korea Advanced Institute of Science & Technology; New York University Abu Dhabi,,,,,,,,,,,fetch_failed,OpenAlex 429
cai_4b1r0v,Geon Yeong Park,Korea Advanced Institute of Science and Technology,,,,,,,,,,,fetch_failed,OpenAlex 429
cai_1sefwgj,Geonho Bang,Seoul National University,,,,,,,,,,,fetch_failed,OpenAlex 429
cai_pm0chr,GeonU Kim,Korea Advanced Institute of Science and Technology (KAIST),,,,,,,,,,,fetch_failed,OpenAlex 429
cai_135jdof,Geunhyuk Youk,KAIST,,,,,,,,,,,fetch_failed,OpenAlex 429
cai_5e0m3b,Geuntaek Lim,Sejong University,,,,,,,,,,,fetch_failed,OpenAlex 429
cai_1s5qwf4,gilha lee,SEOUL NATIONAL UNIVERSITY OF SCIENCE AND TECHNOLOGY,,,,,,,,,,,fetch_failed,OpenAlex 429
cai_1gstyyj,Gwanhyeong Koo,KAIST,,,,,,,,,,,fetch_failed,OpenAlex 429
cai_xslldp,Habin Lim,Korea University,1,https://openalex.org/A5088846030,Habin Lim,,Soonchunhyang University,1,3,60,exact_normalized_name,https://api.openalex.org/authors?search=Habin+Lim&per-page=5,unverified_discovery_only,Do not use this row to resolve identity or count prior papers without primary-source verification.
cai_xslldp,Habin Lim,Korea University,2,https://openalex.org/A5139697406,Habin Lim,,,4,0,60,exact_normalized_name,https://api.openalex.org/authors?search=Habin+Lim&per-page=5,unverified_discovery_only,Do not use this row to resolve identity or count prior papers without primary-source verification.
cai_xslldp,Habin Lim,Korea University,3,https://openalex.org/A5134686665,Habin Lim,https://orcid.org/0009-0001-5543-424X,,1,0,65,exact_normalized_name; orcid_available,https://api.openalex.org/authors?search=Habin+Lim&per-page=5,unverified_discovery_only,Do not use this row to resolve identity or count prior papers without primary-source verification.
cai_ms06pb,HAKSU LIM,Korea Advanced Institute of Science & Technology,,,,,,,,,,,fetch_failed,OpenAlex 429
cai_7t4rru,Hana Kim,LG Electronics,,,,,,,,,,,fetch_failed,OpenAlex 429
cai_fc52e2,Hangyeol Lee,KAIST,,,,,,,,,,,fetch_failed,OpenAlex 429
cai_1lalvrp,Hee-Jun Jung,Gwangju Institute of Science and Technology (GIST),,,,,,,,,,,fetch_failed,OpenAlex 429
cai_1hroo1u,HEEJU HAN,Pusan National University,,,,,,,,,,,fetch_failed,OpenAlex 429
cai_1a9381q,Heejun Park,Korea Advanced Institute of Science & Technology,,,,,,,,,,,fetch_failed,OpenAlex 429
cai_160v8n0,Hoiyeong Jin,KAIST,,,,,,,,,,,fetch_failed,OpenAlex 429
cai_e8zy4y,Hojun Choi,KAIST AI,,,,,,,,,,,fetch_failed,OpenAlex 429
cai_1y9fxpr,Hojun Song,Kyungpook National University,,,,,,,,,,,fetch_failed,OpenAlex 429
cai_1ojjouf,Hongjae Lee,Korea University,,,,,,,,,,,fetch_failed,OpenAlex 429
cai_4zux6g,Hoonhee Cho,Korea Advanced Institute of Science and Technology,,,,,,,,,,,fetch_failed,OpenAlex 429
cai_evpjgt,HoTaek Oh,Kangwon National University,,,,,,,,,,,fetch_failed,OpenAlex 429
cai_txmnjf,Hoyeon Shin,Seoul National University of Science and Technology,,,,,,,,,,,fetch_failed,OpenAlex 429
cai_1n7ps74,hun im,Seoul National University,1,https://openalex.org/A5018807391,Chang‐Hwan Im,https://orcid.org/0000-0003-3795-3318,Hanyang University,374,7872,5,orcid_available,https://api.openalex.org/authors?search=hun+im&per-page=5,unverified_discovery_only,Do not use this row to resolve identity or count prior papers without primary-source verification.
cai_1n7ps74,hun im,Seoul National University,2,https://openalex.org/A5031771517,Chiyoung Park,https://orcid.org/0000-0002-6435-7004,Daegu Gyeongbuk Institute of Science and Technology,118,5185,5,orcid_available,https://api.openalex.org/authors?search=hun+im&per-page=5,unverified_discovery_only,Do not use this row to resolve identity or count prior papers without primary-source verification.
cai_1n7ps74,hun im,Seoul National University,3,https://openalex.org/A5102552819,Seonghun Im,,Center for Agricultural Resources Research,37,377,0,,https://api.openalex.org/authors?search=hun+im&per-page=5,unverified_discovery_only,Do not use this row to resolve identity or count prior papers without primary-source verification.
cai_1n7ps74,hun im,Seoul National University,4,https://openalex.org/A5053342508,Hun Suk Im,https://orcid.org/0000-0003-2793-6231,Chonnam National University; Kwangwoon University; Chonnam National University Hospital; Korea Institute of Geoscience and Mineral Resources,29,400,5,orcid_available,https://api.openalex.org/authors?search=hun+im&per-page=5,unverified_discovery_only,Do not use this row to resolve identity or count prior papers without primary-source verification.
cai_1n7ps74,hun im,Seoul National University,5,https://openalex.org/A5062176928,Chil‐Hoon Doh,https://orcid.org/0000-0002-2181-5060,Korea Electrotechnology Research Institute,151,2715,5,orcid_available,https://api.openalex.org/authors?search=hun+im&per-page=5,unverified_discovery_only,Do not use this row to resolve identity or count prior papers without primary-source verification.
cai_181h3s9,Hyekang Park,Yonsei university,,,,,,,,,,,fetch_failed,OpenAlex 429
cai_1nb05bx,Hyeongju Mun,Pusan National University,,,,,,,,,,,fetch_failed,OpenAlex 429
cai_1vo1wyg,Hyeongsik Kim,Hanyang Universty,,,,,,,,,,,fetch_failed,OpenAlex 429
cai_mn3icz,Hyeonseop Song,LG Electronins,,,,,,,,,,,fetch_failed,OpenAlex 429
cai_14z01lt,Hyesong Choi,Ewha W. University,1,https://openalex.org/A5005645338,Hyesong Choi,,Ewha Womans University; Ewha Womans University Medical Center,17,138,95,exact_normalized_name; canonical_affiliation_match,https://api.openalex.org/authors?search=Hyesong+Choi&per-page=5,unverified_discovery_only,Do not use this row to resolve identity or count prior papers without primary-source verification.
cai_14z01lt,Hyesong Choi,Ewha W. University,2,https://openalex.org/A5004848551,Hyesong Choi,https://orcid.org/0000-0003-4440-0164,Soongsil University,17,20,65,exact_normalized_name; orcid_available,https://api.openalex.org/authors?search=Hyesong+Choi&per-page=5,unverified_discovery_only,Do not use this row to resolve identity or count prior papers without primary-source verification.
cai_14z01lt,Hyesong Choi,Ewha W. University,3,https://openalex.org/A5139900012,Hyesong Choi,,Soongsil University,1,0,60,exact_normalized_name,https://api.openalex.org/authors?search=Hyesong+Choi&per-page=5,unverified_discovery_only,Do not use this row to resolve identity or count prior papers without primary-source verification.
cai_14z01lt,Hyesong Choi,Ewha W. University,4,https://openalex.org/A5151187877,Hyesong Choi,,,1,0,60,exact_normalized_name,https://api.openalex.org/authors?search=Hyesong+Choi&per-page=5,unverified_discovery_only,Do not use this row to resolve identity or count prior papers without primary-source verification.
cai_14z01lt,Hyesong Choi,Ewha W. University,5,https://openalex.org/A5136793718,Hyesong Choi,,,1,0,60,exact_normalized_name,https://api.openalex.org/authors?search=Hyesong+Choi&per-page=5,unverified_discovery_only,Do not use this row to resolve identity or count prior papers without primary-source verification.
cai_kzekq6,Hyun-Ho Kim,Chungnam National University,,,,,,,,,,,fetch_failed,OpenAlex 429
cai_1s2wfz1,Hyun-Kurl Jang,KAIST,,,,,,,,,,,fetch_failed,OpenAlex 429
cai_1nkch44,Hyunho Lee,Seoul National University,,,,,,,,,,,fetch_failed,OpenAlex 429
cai_1fhyq5f,Hyunmin Cho,Korea University,,,,,,,,,,,fetch_failed,OpenAlex 429
cai_16lmauc,Hyunsoo Lee,Seoul National University,,,,,,,,,,,fetch_failed,OpenAlex 429
cai_h88dox,Hyunsuh Koh,Soongsil University,,,,,,,,,,,fetch_failed,OpenAlex 429
cai_lz5fec,Hyunwoo Kim,Yonsei University,,,,,,,,,,,fetch_failed,OpenAlex 429
cai_mwqjea,Hyunwoo Park,StradVision,,,,,,,,,,,fetch_failed,OpenAlex 429
cai_xlzkem,InGyu Jeong,Seoul National University of Science and Technology,1,https://openalex.org/A5112671643,Ingyu Jeong,,,3,10,60,exact_normalized_name,https://api.openalex.org/authors?search=InGyu+Jeong&per-page=5,unverified_discovery_only,Do not use this row to resolve identity or count prior papers without primary-source verification.
cai_xlzkem,InGyu Jeong,Seoul National University of Science and Technology,2,https://openalex.org/A5034139829,In-Gyu Jeong,,Seoul National University of Science and Technology; Convergence,4,7,35,canonical_affiliation_match,https://api.openalex.org/authors?search=InGyu+Jeong&per-page=5,unverified_discovery_only,Do not use this row to resolve identity or count prior papers without primary-source verification.
cai_xlzkem,InGyu Jeong,Seoul National University of Science and Technology,3,https://openalex.org/A5043591294,In Gyu Park,,Hallym University,6,18,0,,https://api.openalex.org/authors?search=InGyu+Jeong&per-page=5,unverified_discovery_only,Do not use this row to resolve identity or count prior papers without primary-source verification.
cai_xlzkem,InGyu Jeong,Seoul National University of Science and Technology,4,https://openalex.org/A5150881992,InGyu Jeong,https://orcid.org/0009-0004-2808-7504,Seoul National University of Science and Technology,1,0,100,exact_normalized_name; canonical_affiliation_match; orcid_available,https://api.openalex.org/authors?search=InGyu+Jeong&per-page=5,unverified_discovery_only,Do not use this row to resolve identity or count prior papers without primary-source verification.
cai_xlzkem,InGyu Jeong,Seoul National University of Science and Technology,5,https://openalex.org/A5063005943,Ingyu Jeong,,Myongji Hospital,2,0,60,exact_normalized_name,https://api.openalex.org/authors?search=InGyu+Jeong&per-page=5,unverified_discovery_only,Do not use this row to resolve identity or count prior papers without primary-source verification.
cai_5bb72u,inha Lee,Ulsan National Institute of Science and Technology (UNIST),,,,,,,,,,,fetch_failed,OpenAlex 429
cai_1vkkwap,Injae Kim,KAIST,,,,,,,,,,,fetch_failed,OpenAlex 429
cai_19a1klw,Inpyo Song,SungKyunKwan University,,,,,,,,,,,fetch_failed,OpenAlex 429
cai_jdrqn8,Inwoo Hwang,Seoul National University,,,,,,,,,,,fetch_failed,OpenAlex 429
cai_3yt2qp,Jae Won Jang,SEOUL NATIONAL UNIVERSITY,,,,,,,,,,,fetch_failed,OpenAlex 429
cai_ue4bx1,Jaechang Kim,POSTECH,,,,,,,,,,,fetch_failed,OpenAlex 429
cai_1i8av7e,Jaeho Lee,Korea University,,,,,,,,,,,fetch_failed,OpenAlex 429
cai_7p3vxv,Jaehun Jung,Konkuk University,,,,,,,,,,,fetch_failed,OpenAlex 429
cai_yzlijd,Jaehun Park,Sungkyunkwan University,,,,,,,,,,,fetch_failed,OpenAlex 429
cai_6itkma,Jaehyun Cho,Chung-Ang University Seoul,,,,,,,,,,,fetch_failed,OpenAlex 429
cai_1fkh01b,Jaehyun Jang,KAIST,,,,,,,,,,,fetch_failed,OpenAlex 429
cai_14v5ugr,JaeHyun Park,Seoul National University,1,https://openalex.org/A5100628522,Jae‐Hyun Park,https://orcid.org/0000-0001-5860-7487,Sungkyunkwan University; Vanderbilt University Medical Center,194,14989,5,orcid_available,https://api.openalex.org/authors?search=JaeHyun+Park&per-page=5,unverified_discovery_only,Do not use this row to resolve identity or count prior papers without primary-source verification.
cai_14v5ugr,JaeHyun Park,Seoul National University,2,https://openalex.org/A5100618956,Jaehyun Park,https://orcid.org/0000-0002-5264-6941,Yonsei University; Konkuk University; Kyungpook National University; Hanyang University,341,4378,65,exact_normalized_name; orcid_available,https://api.openalex.org/authors?search=JaeHyun+Park&per-page=5,unverified_discovery_only,Do not use this row to resolve identity or count prior papers without primary-source verification.
cai_14v5ugr,JaeHyun Park,Seoul National University,3,https://openalex.org/A5100618957,Jaehyun Park,https://orcid.org/0000-0002-9007-4892,Pohang University of Science and Technology; Diamond Light Source; Pohang Accelerator Laboratory,83,2926,65,exact_normalized_name; orcid_available,https://api.openalex.org/authors?search=JaeHyun+Park&per-page=5,unverified_discovery_only,Do not use this row to resolve identity or count prior papers without primary-source verification.
cai_14v5ugr,JaeHyun Park,Seoul National University,4,https://openalex.org/A5100628531,Jae‐Hyun Park,https://orcid.org/0000-0002-9858-2592,St. Jude Medical Center; Stanford Medicine; Stanford University,453,6586,5,orcid_available,https://api.openalex.org/authors?search=JaeHyun+Park&per-page=5,unverified_discovery_only,Do not use this row to resolve identity or count prior papers without primary-source verification.
cai_14v5ugr,JaeHyun Park,Seoul National University,5,https://openalex.org/A5100618958,Jaehyun Park,https://orcid.org/0000-0003-0409-916X,Pohang Iron and Steel (South Korea); Institute for Basic Science; Hanyang University; Ulsan National Institute of Science and Technology; Sungkyunkwan University,119,2561,65,exact_normalized_name; orcid_available,https://api.openalex.org/authors?search=JaeHyun+Park&per-page=5,unverified_discovery_only,Do not use this row to resolve identity or count prior papers without primary-source verification.
cai_ipzaj2,Jaeik Kim,Seoul National University,,,,,,,,,,,fetch_failed,OpenAlex 429
cai_6zrg0h,Jaekyun Ko,Samsung Electronics,,,,,,,,,,,fetch_failed,OpenAlex 429
cai_1aaah60,Jaerin Lee,Seoul National University,,,,,,,,,,,fetch_failed,OpenAlex 429
cai_9wp7oj,Jaeseok Byun,Seoul National University,,,,,,,,,,,fetch_failed,OpenAlex 429
cai_i3rmfg,Jaewon Kim,Seoul National University,,,,,,,,,,,fetch_failed,OpenAlex 429
cai_1o08ey0,Jaewon Lee,Yonsei University,,,,,,,,,,,fetch_failed,OpenAlex 429
cai_ofpn1x,Jaeyo Shin,KAIST,,,,,,,,,,,fetch_failed,OpenAlex 429
cai_18buty,Jaeyoung Chung,Seoul National University,,,,,,,,,,,fetch_failed,OpenAlex 429
cai_1hmhnfq,Jeisung Lee,Samsung,,,,,,,,,,,fetch_failed,OpenAlex 429
cai_luktrb,Jeongeun Lee,Yonsei university,,,,,,,,,,,fetch_failed,OpenAlex 429
cai_1ggio59,Jeongha Lee,Korea Institute of Science and Technology (KIST),1,https://openalex.org/A5014551634,Jeong-Ha Lee,https://orcid.org/0000-0003-0202-7664,Louisiana State University,87,622,5,orcid_available,https://api.openalex.org/authors?search=Jeongha+Lee&per-page=5,unverified_discovery_only,Do not use this row to resolve identity or count prior papers without primary-source verification.
cai_1ggio59,Jeongha Lee,Korea Institute of Science and Technology (KIST),2,https://openalex.org/A5036604946,Jeongha Lee,https://orcid.org/0009-0008-7456-4796,Ewha Womans University; Dongwha Pharm (South Korea),10,37,65,exact_normalized_name; orcid_available,https://api.openalex.org/authors?search=Jeongha+Lee&per-page=5,unverified_discovery_only,Do not use this row to resolve identity or count prior papers without primary-source verification.
cai_1ggio59,Jeongha Lee,Korea Institute of Science and Technology (KIST),3,https://openalex.org/A5090155375,Jeongha Lee,https://orcid.org/0000-0003-4141-3015,Seoul National University; New Generation University College,10,27,65,exact_normalized_name; orcid_available,https://api.openalex.org/authors?search=Jeongha+Lee&per-page=5,unverified_discovery_only,Do not use this row to resolve identity or count prior papers without primary-source verification.
cai_1ggio59,Jeongha Lee,Korea Institute of Science and Technology (KIST),4,https://openalex.org/A5102828930,Jeongha Lee,https://orcid.org/0009-0002-4433-9498,Dankook University,2,5,65,exact_normalized_name; orcid_available,https://api.openalex.org/authors?search=Jeongha+Lee&per-page=5,unverified_discovery_only,Do not use this row to resolve identity or count prior papers without primary-source verification.
cai_1ggio59,Jeongha Lee,Korea Institute of Science and Technology (KIST),5,https://openalex.org/A5062789422,Jeongha Lee,,,3,3,60,exact_normalized_name,https://api.openalex.org/authors?search=Jeongha+Lee&per-page=5,unverified_discovery_only,Do not use this row to resolve identity or count prior papers without primary-source verification.
cai_16kt7l8,Jeongwan On,UNIST,,,,,,,,,,,fetch_failed,OpenAlex 429
cai_1vseeub,Jiah Kim,Pukyong National University,,,,,,,,,,,fetch_failed,OpenAlex 429
cai_9tizu5,jiha jang,Seoul National University,,,,,,,,,,,fetch_failed,OpenAlex 429
cai_1lf0emb,Jiho Choi,Korea Advanced Institute of Science and Technology,,,,,,,,,,,fetch_failed,OpenAlex 429
cai_1nt9dwz,JIHO JANG,SEOUL NATIONAL UNIVERSITY,,,,,,,,,,,fetch_failed,OpenAlex 429
cai_1dfrfb7,Jihyun Lee,Sung Kyun Kwan University,,,,,,,,,,,fetch_failed,OpenAlex 429
cai_1672kz7,Jin Hong,Chung-Ang University,,,,,,,,,,,fetch_failed,OpenAlex 429
cai_1qjkno1,Jinhee Park,Korea Electronics Technology Institute; Chung-Ang University,,,,,,,,,,,fetch_failed,OpenAlex 429
cai_1849jvr,Jinho Kim,Yonsei University,,,,,,,,,,,fetch_failed,OpenAlex 429
cai_1of1kd,Jinhwan Seo,KAIST,,,,,,,,,,,fetch_failed,OpenAlex 429
cai_1018n5o,Jini Yang,KAIST AI,,,,,,,,,,,fetch_failed,OpenAlex 429
cai_c38ddw,Jinkyu Kim,Seoul National University,,,,,,,,,,,fetch_failed,OpenAlex 429
cai_1g0eg9d,Jinnyeong Kim,POSTECH,,,,,,,,,,,fetch_failed,OpenAlex 429
cai_jnhf9l,Jinsoo Park,POSTECH,1,https://openalex.org/A5100380842,Jinsoo Park,https://orcid.org/0000-0003-2762-3446,Pohang University of Science and Technology; Seoul National University; Korea Post; Jeonju University,145,19654,100,exact_normalized_name; canonical_affiliation_match; orcid_available,https://api.openalex.org/authors?search=Jinsoo+Park&per-page=5,unverified_discovery_only,Do not use this row to resolve identity or count prior papers without primary-source verification.
cai_jnhf9l,Jinsoo Park,POSTECH,2,https://openalex.org/A5100713534,Jinsoo Park,https://orcid.org/0000-0003-0907-7023,Chonnam National University; Inha University; Korea University; Daejeon Institute of Science and Technology,126,7433,65,exact_normalized_name; orcid_available,https://api.openalex.org/authors?search=Jinsoo+Park&per-page=5,unverified_discovery_only,Do not use this row to resolve identity or count prior papers without primary-source verification.
cai_jnhf9l,Jinsoo Park,POSTECH,3,https://openalex.org/A5100713839,Jin‐Soo Park,https://orcid.org/0000-0003-4487-946X,Sangmyung University; Korea Institute of Materials Science,508,9846,5,orcid_available,https://api.openalex.org/authors?search=Jinsoo+Park&per-page=5,unverified_discovery_only,Do not use this row to resolve identity or count prior papers without primary-source verification.
cai_jnhf9l,Jinsoo Park,POSTECH,4,https://openalex.org/A5100713532,Jinsoo Park,https://orcid.org/0000-0002-5781-3796,,158,1881,65,exact_normalized_name; orcid_available,https://api.openalex.org/authors?search=Jinsoo+Park&per-page=5,unverified_discovery_only,Do not use this row to resolve identity or count prior papers without primary-source verification.
cai_jnhf9l,Jinsoo Park,POSTECH,5,https://openalex.org/A5100713528,Jinsoo Park,https://orcid.org/0000-0001-6806-3209,Gachon University,22,893,65,exact_normalized_name; orcid_available,https://api.openalex.org/authors?search=Jinsoo+Park&per-page=5,unverified_discovery_only,Do not use this row to resolve identity or count prior papers without primary-source verification.
cai_6vguok,Jinwoo Chung,Kookmin University,,,,,,,,,,,fetch_failed,OpenAlex 429
cai_17oxlre,Jinwoo Jang,Sungkyunkwan University,,,,,,,,,,,fetch_failed,OpenAlex 429
cai_oifae6,Jinwook Jung,Hanyang University,,,,,,,,,,,fetch_failed,OpenAlex 429
cai_rkv24,Jisung Hwang,KAIST,,,,,,,,,,,fetch_failed,OpenAlex 429
cai_7f522b,Jiun Lee,Aimfuture,,,,,,,,,,,fetch_failed,OpenAlex 429
cai_1p4v3g5,Jiwan Kim,KAIST,,,,,,,,,,,fetch_failed,OpenAlex 429
cai_1re1s4r,Jiwon Kang,KAIST AI,,,,,,,,,,,fetch_failed,OpenAlex 429
cai_1e07dad,Jiwon Kim,Seoul National University,1,https://openalex.org/A5100462870,Jiwon Kim,https://orcid.org/0000-0001-8481-8229,Seoul National University,16,7948,100,exact_normalized_name; canonical_affiliation_match; orcid_available,https://api.openalex.org/authors?search=Jiwon+Kim&per-page=5,unverified_discovery_only,Do not use this row to resolve identity or count prior papers without primary-source verification.
cai_1e07dad,Jiwon Kim,Seoul National University,2,https://openalex.org/A5108003497,JW Kim,https://orcid.org/0000-0002-0498-5762,Apple (Israel); Kangbuk Samsung Hospital; Sungkyunkwan University,322,6218,5,orcid_available,https://api.openalex.org/authors?search=Jiwon+Kim&per-page=5,unverified_discovery_only,Do not use this row to resolve identity or count prior papers without primary-source verification.
cai_1e07dad,Jiwon Kim,Seoul National University,3,https://openalex.org/A5100462894,Jiwon Kim,https://orcid.org/0000-0002-8420-8604,Cornell University; Presbyterian Hospital,239,3211,65,exact_normalized_name; orcid_available,https://api.openalex.org/authors?search=Jiwon+Kim&per-page=5,unverified_discovery_only,Do not use this row to resolve identity or count prior papers without primary-source verification.
cai_1e07dad,Jiwon Kim,Seoul National University,4,https://openalex.org/A5112356589,Jiwon Kim,https://orcid.org/0009-0007-0630-5250,Sungkyunkwan University,43,3765,65,exact_normalized_name; orcid_available,https://api.openalex.org/authors?search=Jiwon+Kim&per-page=5,unverified_discovery_only,Do not use this row to resolve identity or count prior papers without primary-source verification.
cai_1e07dad,Jiwon Kim,Seoul National University,5,https://openalex.org/A5100462879,Jiwon Kim,https://orcid.org/0000-0002-1458-4743,Yonsei University; Kyungpook National University; Hodges University; Integrative Medicine Institute; Jeonbuk National University,104,2666,65,exact_normalized_name; orcid_available,https://api.openalex.org/authors?search=Jiwon+Kim&per-page=5,unverified_discovery_only,Do not use this row to resolve identity or count prior papers without primary-source verification.
cai_ua9szx,Jiyeong Kim,Ewha W. University,,,,,,,,,,,fetch_failed,OpenAlex 429
cai_1hl1vuh,Jiyong Boo,Korea Advanced Institute of Science & Technology,,,,,,,,,,,fetch_failed,OpenAlex 429
cai_fw6dki,Jiyoung Park,Kyung Hee University,,,,,,,,,,,fetch_failed,OpenAlex 429
cai_5n2beb,Jiyun Im,Sung Kyun Kwan University,,,,,,,,,,,fetch_failed,OpenAlex 429
cai_14o5u5o,Jonghun Kim,Sungkyunkwan University,,,,,,,,,,,fetch_failed,OpenAlex 429
cai_1cwcdyg,Jonghyun Kim,LG Electronics,1,https://openalex.org/A5100727303,Jong‐Hyun Kim,https://orcid.org/0000-0001-8641-7904,Catholic University of Korea,463,7901,5,orcid_available,https://api.openalex.org/authors?search=Jonghyun+Kim&per-page=5,unverified_discovery_only,Do not use this row to resolve identity or count prior papers without primary-source verification.
cai_1cwcdyg,Jonghyun Kim,LG Electronics,2,https://openalex.org/A5100727309,Jong‐Hyun Kim,https://orcid.org/0000-0002-7503-5123,Tech University of Korea; Chosun University; Gyeongsang National University; Yonsei University; Chungnam National University; Korea University; Advanced Institute of Convergence Technology; Intelligent Energy (United Kingdom); Quantum Technologies (Sweden); Stanford University,410,5110,5,orcid_available,https://api.openalex.org/authors?search=Jonghyun+Kim&per-page=5,unverified_discovery_only,Do not use this row to resolve identity or count prior papers without primary-source verification.
cai_1cwcdyg,Jonghyun Kim,LG Electronics,3,https://openalex.org/A5100720476,Jonghyun Kim,https://orcid.org/0000-0002-0380-7446,Sejong University; Chung-Ang University; Sungkyunkwan University; Korea Institute of Industrial Technology,133,2488,65,exact_normalized_name; orcid_available,https://api.openalex.org/authors?search=Jonghyun+Kim&per-page=5,unverified_discovery_only,Do not use this row to resolve identity or count prior papers without primary-source verification.
cai_1cwcdyg,Jonghyun Kim,LG Electronics,4,https://openalex.org/A5100434602,Jinwoo Kim,https://orcid.org/0000-0002-6571-2506,University of the Sciences; Chonnam National University; Kumoh National Institute of Technology; Seoul National University of Science and Technology; Pohang University of Science and Technology; University Health Network; Seoul National University; Incheon National University; Sogang University; Chosun University; Korea Advanced Institute of Science and Technology; University of Illinois Urbana-Champaign; The University of Texas at El Paso; Illinois College; Inha University; Yonsei University; Chungnam National University; Hyundai Motor Group (South Korea); Korea University; Dongguk University; Kongju National University; Purdue University West Lafayette; Samsung (South Korea); Severance Hospital; Korea Forest Service; University of the Arts; Seoul National University Bundang Hospital; Kyungpook National University; University of Illinois Chicago; Gwangju Institute of Science and Technology; Chonnam National University Hospital; Korea Polar Research Institute; Samjin Pharm (South Korea); National Institute of Biological Resources; Samsung (United States); SPring-8; Yonsei University Dental Hospital; Keimyung University Dongsan Medical Center; Chungnam National University Hospital; Gangnam Severance Hospital; Seoul National University Dental Hospital; Korea University; Chemical Synthesis Lab; Pohang Accelerator Laboratory; Yonsei University College of Dentistry; Nakdonggang National Institute of Biological Resources; Keimyung University Dongsan Hospital; Gongju National University of Education; Hanyang University; Pusan National University; McGill University; Keimyung University; Korea Institute of Science and Technology; European Organization for Nuclear Research; The University of Texas at Austin; Dankook University; Kim Il-sung University,329,5866,5,orcid_available,https://api.openalex.org/authors?search=Jonghyun+Kim&per-page=5,unverified_discovery_only,Do not use this row to resolve identity or count prior papers without primary-source verification.
cai_1cwcdyg,Jonghyun Kim,LG Electronics,5,https://openalex.org/A5100720477,Jonghyun Kim,https://orcid.org/0000-0002-1197-368X,,56,1501,65,exact_normalized_name; orcid_available,https://api.openalex.org/authors?search=Jonghyun+Kim&per-page=5,unverified_discovery_only,Do not use this row to resolve identity or count prior papers without primary-source verification.
cai_g2e1q9,Jonghyun Park,Seoul National University,,,,,,,,,,,fetch_failed,OpenAlex 429
cai_epucdv,Jongoh Jeong,KAIST,,,,,,,,,,,fetch_failed,OpenAlex 429
cai_skq83z,Jongyeop Hyun,Pohang University of Science and Technology,,,,,,,,,,,fetch_failed,OpenAlex 429
cai_174cqdx,Joo Young Choi,KRAFTON,,,,,,,,,,,fetch_failed,OpenAlex 429
cai_1oogw60,Joonkyu Park,Seoul National University,,,,,,,,,,,fetch_failed,OpenAlex 429
cai_19ar351,Jooyeol Yun,Korea Advanced Institute of Science and Technology,,,,,,,,,,,fetch_failed,OpenAlex 429
cai_10csqcn,Jouwon Song,LG Corporation,,,,,,,,,,,fetch_failed,OpenAlex 429
cai_emre,Jun-Sang YOO,Korea University,,,,,,,,,,,fetch_failed,OpenAlex 429
cai_l5wc63,Junah Jung,Seoul National University College of Medicine; Seoul National University College of Medicine,1,https://openalex.org/A5150925132,Junah Jung,https://orcid.org/0009-0004-7985-7222,Seoul National University,1,0,100,exact_normalized_name; canonical_affiliation_match; orcid_available,https://api.openalex.org/authors?search=Junah+Jung&per-page=5,unverified_discovery_only,Do not use this row to resolve identity or count prior papers without primary-source verification.
cai_9jiqs9,Jungmyung Wi,Korea University,,,,,,,,,,,fetch_failed,OpenAlex 429
cai_1f5a4rn,Jungsu Kim,Yonsei University,,,,,,,,,,,fetch_failed,OpenAlex 429
cai_828p7g,jungu cho,CJ AI center; Gwangju Institute of Science and Technology,,,,,,,,,,,fetch_failed,OpenAlex 429
cai_7i9zpd,Jungyong Son,Hanyang Universty,,,,,,,,,,,fetch_failed,OpenAlex 429
cai_f92iuw,Junha Kim,Hanyang University,,,,,,,,,,,fetch_failed,OpenAlex 429
cai_1d1f4lw,Junha Lee,South Korea,,,,,,,,,,,fetch_failed,OpenAlex 429
cai_xyxncm,Junoh Lee,GIST,1,https://openalex.org/A5058993286,Bradley Howell Jared,https://orcid.org/0000-0002-1243-4426,Knoxville College; Sandia National Laboratories; University of Tennessee at Knoxville,146,2382,5,orcid_available,https://api.openalex.org/authors?search=Junoh+Lee&per-page=5,unverified_discovery_only,Do not use this row to resolve identity or count prior papers without primary-source verification.
cai_xyxncm,Junoh Lee,GIST,2,https://openalex.org/A5087371141,Junoh Lee,https://orcid.org/0009-0006-0860-8469,Yonsei University,11,64,65,exact_normalized_name; orcid_available,https://api.openalex.org/authors?search=Junoh+Lee&per-page=5,unverified_discovery_only,Do not use this row to resolve identity or count prior papers without primary-source verification.
cai_xyxncm,Junoh Lee,GIST,3,https://openalex.org/A5074909896,Junoh Lee,,Korea Advanced Institute of Science and Technology; Kootenay Association for Science & Technology,1,6,60,exact_normalized_name,https://api.openalex.org/authors?search=Junoh+Lee&per-page=5,unverified_discovery_only,Do not use this row to resolve identity or count prior papers without primary-source verification.
cai_xyxncm,Junoh Lee,GIST,4,https://openalex.org/A5011959208,Junoh Lee,,Soongsil University,2,5,60,exact_normalized_name,https://api.openalex.org/authors?search=Junoh+Lee&per-page=5,unverified_discovery_only,Do not use this row to resolve identity or count prior papers without primary-source verification.
cai_xyxncm,Junoh Lee,GIST,5,https://openalex.org/A5064836613,Jun-Oh Yeon,https://orcid.org/0000-0003-0503-9396,Acoustics Research Institute,26,86,5,orcid_available,https://api.openalex.org/authors?search=Junoh+Lee&per-page=5,unverified_discovery_only,Do not use this row to resolve identity or count prior papers without primary-source verification.
cai_131dxvq,Junseong Shin,Hanyang University,,,,,,,,,,,fetch_failed,OpenAlex 429
cai_726siz,Junyoung Seo,KAIST,,,,,,,,,,,fetch_failed,OpenAlex 429
cai_jsekvg,Juyong Lee,Chung-Ang University,,,,,,,,,,,fetch_failed,OpenAlex 429
cai_ycply5,Kang Eun Jeon,DGIST,,,,,,,,,,,fetch_failed,OpenAlex 429
cai_176x63n,Kang MinSeok,Chung-Ang University,,,,,,,,,,,fetch_failed,OpenAlex 429
cai_igfx9k,Kangmin Seo,Sungkyunkwan University,,,,,,,,,,,fetch_failed,OpenAlex 429
cai_ql2vg6,Keonhee Park,"Vision and Learning Lab, Seoul National University",,,,,,,,,,,fetch_failed,OpenAlex 429
cai_thbfl0,Kibum Kim,KAIST,,,,,,,,,,,fetch_failed,OpenAlex 429
cai_1dl94c2,Kihyun Na,Handong Global University,,,,,,,,,,,fetch_failed,OpenAlex 429
cai_qkmdou,Kim Jun-Seong,Pohang University of Science and Technology (POSTECH),,,,,,,,,,,fetch_failed,OpenAlex 429
cai_nnq0gi,KunHo Heo,Kyung Hee University,,,,,,,,,,,fetch_failed,OpenAlex 429
cai_17clweh,Kwonyoung Ryu,Pohang University of Science and Technology,,,,,,,,,,,fetch_failed,OpenAlex 429
cai_xcjd2a,Kyeongmo Chae,Kyungpook National University,1,https://openalex.org/A5143620379,Kyeongmo Chae,,Kyungpook National University,1,0,95,exact_normalized_name; canonical_affiliation_match,https://api.openalex.org/authors?search=Kyeongmo+Chae&per-page=5,unverified_discovery_only,Do not use this row to resolve identity or count prior papers without primary-source verification.
cai_xcjd2a,Kyeongmo Chae,Kyungpook National University,2,https://openalex.org/A5143561784,Kyeongmo Chae,,Kyungpook National University,1,0,95,exact_normalized_name; canonical_affiliation_match,https://api.openalex.org/authors?search=Kyeongmo+Chae&per-page=5,unverified_discovery_only,Do not use this row to resolve identity or count prior papers without primary-source verification.
cai_15hmn5b,Kyobin Choo,Yonsei University,,,,,,,,,,,fetch_failed,OpenAlex 429
cai_ulv5l2,Kyoleen Kwak,Kyung Hee University,,,,,,,,,,,fetch_failed,OpenAlex 429
cai_7x33y1,Kyuan Oh,Chung-Ang University,,,,,,,,,,,fetch_failed,OpenAlex 429
cai_ruido7,Kyungmin Min,Seoul National University,,,,,,,,,,,fetch_failed,OpenAlex 429
cai_og1gaa,Kyusik Cho,Yonsei University,,,,,,,,,,,fetch_failed,OpenAlex 429
cai_wmhgsr,Kyuwon Kim,KAIST,,,,,,,,,,,fetch_failed,OpenAlex 429
cai_1ai4ln6,Mansoo Jung,Seoul National University,,,,,,,,,,,fetch_failed,OpenAlex 429
cai_18cbfg7,Min Hyeok Bang,Jeonbuk National University,,,,,,,,,,,fetch_failed,OpenAlex 429
cai_19cht8g,Min-Jung Kim,KAIST,,,,,,,,,,,fetch_failed,OpenAlex 429
cai_llao67,Min-Su Park,Sung Kyun Kwan University; Sung Kyun Kwan University,,,,,,,,,,,fetch_failed,OpenAlex 429
cai_1avphu5,Mingi Kim,Chungnam National University,1,https://openalex.org/A5081833647,Mingi Kim,https://orcid.org/0000-0002-6921-3085,Kangwon National University; Yonsei University; Severance Hospital; Pusan National University,141,1440,65,exact_normalized_name; orcid_available,https://api.openalex.org/authors?search=Mingi+Kim&per-page=5,unverified_discovery_only,Do not use this row to resolve identity or count prior papers without primary-source verification.
cai_1avphu5,Mingi Kim,Chungnam National University,2,https://openalex.org/A5101958746,Mingi Kim,https://orcid.org/0000-0002-0784-0227,Korea Advanced Institute of Science and Technology; The Ohio State University,88,564,65,exact_normalized_name; orcid_available,https://api.openalex.org/authors?search=Mingi+Kim&per-page=5,unverified_discovery_only,Do not use this row to resolve identity or count prior papers without primary-source verification.
cai_1avphu5,Mingi Kim,Chungnam National University,3,https://openalex.org/A5078446748,Min Gi Kim,https://orcid.org/0000-0001-7375-5605,Dankook University Hospital,67,870,5,orcid_available,https://api.openalex.org/authors?search=Mingi+Kim&per-page=5,unverified_discovery_only,Do not use this row to resolve identity or count prior papers without primary-source verification.
cai_1avphu5,Mingi Kim,Chungnam National University,4,https://openalex.org/A5101958747,Mingi Kim,https://orcid.org/0000-0002-1774-3797,Dongguk University; The Seoul Institute,61,260,65,exact_normalized_name; orcid_available,https://api.openalex.org/authors?search=Mingi+Kim&per-page=5,unverified_discovery_only,Do not use this row to resolve identity or count prior papers without primary-source verification.
cai_1avphu5,Mingi Kim,Chungnam National University,5,https://openalex.org/A5109038154,Min‐Gi Kim,,Oldham Council,69,578,0,,https://api.openalex.org/authors?search=Mingi+Kim&per-page=5,unverified_discovery_only,Do not use this row to resolve identity or count prior papers without primary-source verification.
cai_1s3524l,Mingi Kwon,Yonsei University,1,https://openalex.org/A5062213499,Mingi Kwon,,Yonsei University,11,95,95,exact_normalized_name; canonical_affiliation_match,https://api.openalex.org/authors?search=Mingi+Kwon&per-page=5,unverified_discovery_only,Do not use this row to resolve identity or count prior papers without primary-source verification.
cai_1s3524l,Mingi Kwon,Yonsei University,2,https://openalex.org/A5013357215,Mingi Kwon,https://orcid.org/0009-0009-8215-8867,Yonsei University,4,24,100,exact_normalized_name; canonical_affiliation_match; orcid_available,https://api.openalex.org/authors?search=Mingi+Kwon&per-page=5,unverified_discovery_only,Do not use this row to resolve identity or count prior papers without primary-source verification.
cai_1s3524l,Mingi Kwon,Yonsei University,3,https://openalex.org/A5055764619,Mingi Kwon,,,2,18,60,exact_normalized_name,https://api.openalex.org/authors?search=Mingi+Kwon&per-page=5,unverified_discovery_only,Do not use this row to resolve identity or count prior papers without primary-source verification.
cai_1s3524l,Mingi Kwon,Yonsei University,4,https://openalex.org/A5127808086,Mingi Kwon,,,1,10,60,exact_normalized_name,https://api.openalex.org/authors?search=Mingi+Kwon&per-page=5,unverified_discovery_only,Do not use this row to resolve identity or count prior papers without primary-source verification.
cai_1s3524l,Mingi Kwon,Yonsei University,5,https://openalex.org/A5113155083,Mingi Kwon,,Hanyang University,2,1,60,exact_normalized_name,https://api.openalex.org/authors?search=Mingi+Kwon&per-page=5,unverified_discovery_only,Do not use this row to resolve identity or count prior papers without primary-source verification.
cai_lgn1f2,Mingue Park,Korea Advanced Institute of Science & Technology,,,,,,,,,,,fetch_failed,OpenAlex 429
cai_10q2myd,Mingyeong Song,Ewha Women's University,,,,,,,,,,,fetch_failed,OpenAlex 429
cai_1c6rbs6,Minh Son Hoang,Korea Advanced Institute of Science & Technology,,,,,,,,,,,fetch_failed,OpenAlex 429
cai_1h8liem,Minh-Quan Bui,Korea Advanced Institute of Science & Technology,,,,,,,,,,,fetch_failed,OpenAlex 429
cai_zrrap3,Minjoon Jung,Seoul National University,,,,,,,,,,,fetch_failed,OpenAlex 429
cai_1klag93,Minjun Kang,KAIST,,,,,,,,,,,fetch_failed,OpenAlex 429
cai_1gi6tzf,Minkuk Kim,Kyung Hee University,,,,,,,,,,,fetch_failed,OpenAlex 429
cai_xaq0nr,MINSEOK KANG,Yonsei University,,,,,,,,,,,fetch_failed,OpenAlex 429
cai_1nwybj5,Moonsoo Jeong,Sungkyunkwan University,,,,,,,,,,,fetch_failed,OpenAlex 429
cai_11z16or,Moonyeon Jeong,"Computer Vision Lab, University of Seoul",,,,,,,,,,,fetch_failed,OpenAlex 429
cai_1odzw09,MYOUNG-CHUL KIM,Kyung Hee University,,,,,,,,,,,fetch_failed,OpenAlex 429
cai_f1p5x0,Myungchul Kim,Korea Advanced Institute of Science & Technology,,,,,,,,,,,fetch_failed,OpenAlex 429
cai_gp25hv,Na Min An,KAIST AI,,,,,,,,,,,fetch_failed,OpenAlex 429
cai_1vksya3,Nahyuk Lee,POSTECH,,,,,,,,,,,fetch_failed,OpenAlex 429
cai_12doui9,Saad Wazir,"Korea Advanced Institute of Science & Technology (KAIST), Daejeon",1,https://openalex.org/A5079428602,Saad Wazir,https://orcid.org/0000-0001-9260-1636,Korea Advanced Institute of Science and Technology; Creative Technologies (United States); Korea Institute of Science and Technology,26,132,100,exact_normalized_name; canonical_affiliation_match; orcid_available,https://api.openalex.org/authors?search=Saad+Wazir&per-page=5,unverified_discovery_only,Do not use this row to resolve identity or count prior papers without primary-source verification.
cai_12doui9,Saad Wazir,"Korea Advanced Institute of Science & Technology (KAIST), Daejeon",2,https://openalex.org/A5003798802,Wazir Saad,,,1,0,0,,https://api.openalex.org/authors?search=Saad+Wazir&per-page=5,unverified_discovery_only,Do not use this row to resolve identity or count prior papers without primary-source verification.
cai_12doui9,Saad Wazir,"Korea Advanced Institute of Science & Technology (KAIST), Daejeon",3,https://openalex.org/A5113304708,M. Ali,,Jinnah Sindh Medical University,7,0,0,,https://api.openalex.org/authors?search=Saad+Wazir&per-page=5,unverified_discovery_only,Do not use this row to resolve identity or count prior papers without primary-source verification.
cai_1hqfvre,Sang-Hun Han,Gwangju Institute of Science and Technology,,,,,,,,,,,fetch_failed,OpenAlex 429
cai_3zlwkk,Sanghyun Jo,OGQ,,,,,,,,,,,fetch_failed,OpenAlex 429
cai_14mb7nm,Sangkyu Lee,Korea Institute of Science and Technology,,,,,,,,,,,fetch_failed,OpenAlex 429
cai_1cqvt79,Sangmin Han,LG Electronics,,,,,,,,,,,fetch_failed,OpenAlex 429
cai_2jvtue,Sangmin Hong,Seoul National University,,,,,,,,,,,fetch_failed,OpenAlex 429
cai_1t1e77d,Sangwon Baik,Seoul National University,,,,,,,,,,,fetch_failed,OpenAlex 429
cai_1s7xdxh,Sangwoo (Jason) Jo,Korea University,,,,,,,,,,,fetch_failed,OpenAlex 429
cai_40wpfu,Sehyun Lee,KAIST (Korea Advanced Institute of Science and Technology),,,,,,,,,,,fetch_failed,OpenAlex 429
cai_1bw2xeo,Seo-Yeon Choi,Jeonbuk National University,,,,,,,,,,,fetch_failed,OpenAlex 429
cai_38vyss,Seohyun Lee,Kaist,,,,,,,,,,,fetch_failed,OpenAlex 429
cai_1u82pxo,Seok-Young Kim,KAIST,,,,,,,,,,,fetch_failed,OpenAlex 429
cai_mfsxnt,Seokha Moon,Korea University,,,,,,,,,,,fetch_failed,OpenAlex 429
cai_kh2ms1,Seokhee Jin,Pohang University of Science and Technology,1,https://openalex.org/A5139955163,Seokhee Jin,,,1,0,60,exact_normalized_name,https://api.openalex.org/authors?search=Seokhee+Jin&per-page=5,unverified_discovery_only,Do not use this row to resolve identity or count prior papers without primary-source verification.
cai_kh2ms1,Seokhee Jin,Pohang University of Science and Technology,2,https://openalex.org/A5139862099,Seokhee Jin,,,1,0,60,exact_normalized_name,https://api.openalex.org/authors?search=Seokhee+Jin&per-page=5,unverified_discovery_only,Do not use this row to resolve identity or count prior papers without primary-source verification.
cai_mpz21o,Seokju Yun,KAIST AI,,,,,,,,,,,fetch_failed,OpenAlex 429
cai_xku1g9,SeokYeong Lee,Korea Advanced Institute of Science & Technology,,,,,,,,,,,fetch_failed,OpenAlex 429
cai_1yx3xks,Seonghak Lee,Chung-Ang University,,,,,,,,,,,fetch_failed,OpenAlex 429
cai_19esvks,Seonghwan Park,Korea Electronics Technology Institute (KETI),,,,,,,,,,,fetch_failed,OpenAlex 429
cai_1a61p0s,Seonghyun Jin,Korea Advanced Institute of Science & Technology,,,,,,,,,,,fetch_failed,OpenAlex 429
cai_12g2vk1,Seongmin Jung,Seoul National University,,,,,,,,,,,fetch_failed,OpenAlex 429
cai_z352tg,Seongyu Kim,KAIST,,,,,,,,,,,fetch_failed,OpenAlex 429
cai_1b0qrk4,Seonho Lee,Sogang university,1,https://openalex.org/A5059554611,Minhyun Lee,https://orcid.org/0000-0002-1536-5956,Yonsei University; Jeju National University,112,3566,5,orcid_available,https://api.openalex.org/authors?search=Seonho+Lee&per-page=5,unverified_discovery_only,Do not use this row to resolve identity or count prior papers without primary-source verification.
cai_1b0qrk4,Seonho Lee,Sogang university,2,https://openalex.org/A5087198416,Hansung Lee,https://orcid.org/0000-0001-5936-4114,University of Suwon; Yale University; Ajou University; Sungkyunkwan University,76,1068,5,orcid_available,https://api.openalex.org/authors?search=Seonho+Lee&per-page=5,unverified_discovery_only,Do not use this row to resolve identity or count prior papers without primary-source verification.
cai_1b0qrk4,Seonho Lee,Sogang university,3,https://openalex.org/A5111302806,S S Lee,,Gwangju Institute of Science and Technology,8,299,0,,https://api.openalex.org/authors?search=Seonho+Lee&per-page=5,unverified_discovery_only,Do not use this row to resolve identity or count prior papers without primary-source verification.
cai_1b0qrk4,Seonho Lee,Sogang university,4,https://openalex.org/A5084400218,Seonho Lee,https://orcid.org/0000-0002-3408-7314,Gwangju Institute of Science and Technology; Sungkyunkwan University,11,140,65,exact_normalized_name; orcid_available,https://api.openalex.org/authors?search=Seonho+Lee&per-page=5,unverified_discovery_only,Do not use this row to resolve identity or count prior papers without primary-source verification.
cai_1b0qrk4,Seonho Lee,Sogang university,5,https://openalex.org/A5103096016,Seonho Lee,https://orcid.org/0000-0003-2620-811X,Sungkyunkwan University,14,106,65,exact_normalized_name; orcid_available,https://api.openalex.org/authors?search=Seonho+Lee&per-page=5,unverified_discovery_only,Do not use this row to resolve identity or count prior papers without primary-source verification.
cai_10dcrrm,Seonmi Park,Gwangju Institute of Science and Technology,,,,,,,,,,,fetch_failed,OpenAlex 429
cai_1j0rfa6,Seulgi Jeong,SNOW Corporation,,,,,,,,,,,fetch_failed,OpenAlex 429
cai_1lzj1na,Seunghun Baek,Pohang University of Science and Technology (POSTECH),,,,,,,,,,,fetch_failed,OpenAlex 429
cai_1e8w2lv,Seunghyeon Kim,POSTECH,,,,,,,,,,,fetch_failed,OpenAlex 429
cai_hebl81,Seunghyun Shin,"AI Graduate School, Gwangju Institute of Science and Technology(GIST)",,,,,,,,,,,fetch_failed,OpenAlex 429
cai_mphq7f,SeungJun Tak,Sungkyunkwan University,,,,,,,,,,,fetch_failed,OpenAlex 429
cai_1itydzn,Seungyeon Lee,Kyungpook National University,,,,,,,,,,,fetch_failed,OpenAlex 429
cai_1nugdnl,Shingeon Kim,Seoul National University,,,,,,,,,,,fetch_failed,OpenAlex 429
cai_3e36ya,Siwoo Lim,KAIST,,,,,,,,,,,fetch_failed,OpenAlex 429
cai_9kzriy,Sojung An,Korea University,1,https://openalex.org/A5080494115,Sojung An,https://orcid.org/0000-0002-0170-1031,Korea University; Center for Art Studies,31,107,100,exact_normalized_name; canonical_affiliation_match; orcid_available,https://api.openalex.org/authors?search=Sojung+An&per-page=5,unverified_discovery_only,Do not use this row to resolve identity or count prior papers without primary-source verification.
cai_9kzriy,Sojung An,Korea University,2,https://openalex.org/A5072876031,So-Jung An,,Yonsei University; Sejong University,5,100,0,,https://api.openalex.org/authors?search=Sojung+An&per-page=5,unverified_discovery_only,Do not use this row to resolve identity or count prior papers without primary-source verification.
cai_r6mnbm,Soobin Park,Sookmyung Women's University,,,,,,,,,,,fetch_failed,OpenAlex 429
cai_12jd1n6,Soyeon Kim,"Korea Advanced Institute of Science and Technology (KAIST), INEEJI Corp.",,,,,,,,,,,fetch_failed,OpenAlex 429
cai_1q5lcj,Suhyeon Ha,KAIST,,,,,,,,,,,fetch_failed,OpenAlex 429
cai_1yvzovh,Sung-Hoon Yoon,Daegu Gyeongbuk Institute of Science and Technology,,,,,,,,,,,fetch_failed,OpenAlex 429
cai_t65o4r,Sunggu Kyung,"Asan Medical Center, University of Ulsan",,,,,,,,,,,fetch_failed,OpenAlex 429
cai_1wmyvnw,SungHun Kim,Korea University,,,,,,,,,,,fetch_failed,OpenAlex 429
cai_11rcyvl,Sungjune Kim,Korea University,,,,,,,,,,,fetch_failed,OpenAlex 429
cai_1qjm8mt,Sungwoong Yune,KAIST,,,,,,,,,,,fetch_failed,OpenAlex 429
cai_r292ys,Sunyoung Jung,Yonsei University,,,,,,,,,,,fetch_failed,OpenAlex 429
cai_hwa1vk,Suwoong Yeom,Sogang University,,,,,,,,,,,fetch_failed,OpenAlex 429
cai_1054qqb,Suyoung Yang,Yonsei University,,,,,,,,,,,fetch_failed,OpenAlex 429
cai_1cjlfph,Taeho Kang,Seoul National University,,,,,,,,,,,fetch_failed,OpenAlex 429
cai_kxnc4p,Taehoon Kim,Chung-Ang University,,,,,,,,,,,fetch_failed,OpenAlex 429
cai_1ek7qzh,Taehun Kong,LG Electronics,,,,,,,,,,,fetch_failed,OpenAlex 429
cai_pp6710,Taeryung Lee,Seoul National University,,,,,,,,,,,fetch_failed,OpenAlex 429
cai_1q7jif8,Taewon Seo,Daegu Gyeongbuk Institute of Science and Technology,,,,,,,,,,,fetch_failed,OpenAlex 429
cai_jh8r6a,Taewook Kang,Seoul National University,,,,,,,,,,,fetch_failed,OpenAlex 429
cai_1s5beor,Taeyeon Kim,Korea Advanced Institute of Science & Technology,1,https://openalex.org/A5100645023,Taeyeon Kim,https://orcid.org/0000-0003-0408-9498,Institute for Basic Science; International Cosmetology College; Korea Institute of Science and Technology; Sungkyunkwan University,232,3608,65,exact_normalized_name; orcid_available,https://api.openalex.org/authors?search=Taeyeon+Kim&per-page=5,unverified_discovery_only,Do not use this row to resolve identity or count prior papers without primary-source verification.
cai_1s5beor,Taeyeon Kim,Korea Advanced Institute of Science & Technology,2,https://openalex.org/A5100645018,Taeyeon Kim,https://orcid.org/0000-0001-7390-8069,University of Science and Technology; Yonsei University; Korea Energy Economics Institute; Korea Institute of Energy Research; Hanyang University,173,2821,65,exact_normalized_name; orcid_available,https://api.openalex.org/authors?search=Taeyeon+Kim&per-page=5,unverified_discovery_only,Do not use this row to resolve identity or count prior papers without primary-source verification.
cai_1s5beor,Taeyeon Kim,Korea Advanced Institute of Science & Technology,3,https://openalex.org/A5100629609,Tae‐Yeon Kim,https://orcid.org/0000-0003-4743-6023,Khalifa University of Science and Technology,298,3978,5,orcid_available,https://api.openalex.org/authors?search=Taeyeon+Kim&per-page=5,unverified_discovery_only,Do not use this row to resolve identity or count prior papers without primary-source verification.
cai_1s5beor,Taeyeon Kim,Korea Advanced Institute of Science & Technology,4,https://openalex.org/A5100645019,Taeyeon Kim,https://orcid.org/0000-0002-2020-9851,University of Nebraska–Lincoln,127,834,65,exact_normalized_name; orcid_available,https://api.openalex.org/authors?search=Taeyeon+Kim&per-page=5,unverified_discovery_only,Do not use this row to resolve identity or count prior papers without primary-source verification.
cai_1s5beor,Taeyeon Kim,Korea Advanced Institute of Science & Technology,5,https://openalex.org/A5100645020,Taeyeon Kim,https://orcid.org/0000-0002-3802-0416,Seoul National University,26,918,65,exact_normalized_name; orcid_available,https://api.openalex.org/authors?search=Taeyeon+Kim&per-page=5,unverified_discovery_only,Do not use this row to resolve identity or count prior papers without primary-source verification.
cai_wa4xuq,Tomislav Dobrički,Chung-Ang University,,,,,,,,,,,fetch_failed,OpenAlex 429
cai_1ojpzxs,Wongyun Yu,POSTECH,,,,,,,,,,,fetch_failed,OpenAlex 429
cai_3qeim2,Wonjin Cho,Seoul National University,,,,,,,,,,,fetch_failed,OpenAlex 429
cai_1x65kxi,WonJun Moon,Sungkyunkwan University,,,,,,,,,,,fetch_failed,OpenAlex 429
cai_7bajau,Woo Jae Kim,Korea Advanced Institute of Science and Technology,,,,,,,,,,,fetch_failed,OpenAlex 429
cai_6zg8qo,Wooseok Jang,Korea Advanced Institute of Science & Technology,,,,,,,,,,,fetch_failed,OpenAlex 429
cai_1tvgayn,Xiangyu Sun,Sung Kyun Kwan University,,,,,,,,,,,fetch_failed,OpenAlex 429
cai_9o9eef,Yeeun Choi,Yonsei University,,,,,,,,,,,fetch_failed,OpenAlex 429
cai_jx2bx,Yeeun Seong,Korea Advanced Institute of Science & Technology,,,,,,,,,,,fetch_failed,OpenAlex 429
cai_14sbmjs,Yejee Shin,Yonsei University,,,,,,,,,,,fetch_failed,OpenAlex 429
cai_1vznhth,Yeobin Hong,KAIST,,,,,,,,,,,fetch_failed,OpenAlex 429
cai_zv9xh,Yeonghwan Song,GIST,1,https://openalex.org/A5021948140,Yeonghwan Song,https://orcid.org/0000-0002-5585-1588,,26,132,65,exact_normalized_name; orcid_available,https://api.openalex.org/authors?search=Yeonghwan+Song&per-page=5,unverified_discovery_only,Do not use this row to resolve identity or count prior papers without primary-source verification.
cai_zv9xh,Yeonghwan Song,GIST,2,https://openalex.org/A5102235648,Yeonghwan Song,,Pohang University of Science and Technology; Korea Post,8,15,60,exact_normalized_name,https://api.openalex.org/authors?search=Yeonghwan+Song&per-page=5,unverified_discovery_only,Do not use this row to resolve identity or count prior papers without primary-source verification.
cai_zv9xh,Yeonghwan Song,GIST,3,https://openalex.org/A5149830489,Yeonghwan Song,,,1,0,60,exact_normalized_name,https://api.openalex.org/authors?search=Yeonghwan+Song&per-page=5,unverified_discovery_only,Do not use this row to resolve identity or count prior papers without primary-source verification.
cai_2nl7la,YeonGyu Han,Seoul National University Hospital,,,,,,,,,,,fetch_failed,OpenAlex 429
cai_xr8msq,Yeonkyeong Lee,Kakao,,,,,,,,,,,fetch_failed,OpenAlex 429
cai_ghq2dv,Yeonwoo Cha,KAIST,,,,,,,,,,,fetch_failed,OpenAlex 429
cai_kvpogs,Yewon Han,Seoul National University,,,,,,,,,,,fetch_failed,OpenAlex 429
cai_5z4jk6,Yihalem Yimolal Tiruneh,Ulsan National Institute of Science and Technology,,,,,,,,,,,fetch_failed,OpenAlex 429
cai_1q2hmkp,Yirum Kim,GIST,,,,,,,,,,,fetch_failed,OpenAlex 429
cai_wf4ulq,YongHoon Kang,Sungkyunkwan University,,,,,,,,,,,fetch_failed,OpenAlex 429
cai_9prqnf,Yoonhyung Park,Ewha Womans University,,,,,,,,,,,fetch_failed,OpenAlex 429
cai_tbnw12,Yoonseok Choi,Yonsei University,,,,,,,,,,,fetch_failed,OpenAlex 429
cai_1yvwds7,Youbin Kim,Sung Kyun Kwan University,1,https://openalex.org/A5021101588,Youbin Kim,,University of Rhode Island,9,945,60,exact_normalized_name,https://api.openalex.org/authors?search=Youbin+Kim&per-page=5,unverified_discovery_only,Do not use this row to resolve identity or count prior papers without primary-source verification.
cai_1yvwds7,Youbin Kim,Sung Kyun Kwan University,2,https://openalex.org/A5012076312,Youbin Kim,,Harvard University,1,281,60,exact_normalized_name,https://api.openalex.org/authors?search=Youbin+Kim&per-page=5,unverified_discovery_only,Do not use this row to resolve identity or count prior papers without primary-source verification.
cai_1yvwds7,Youbin Kim,Sung Kyun Kwan University,3,https://openalex.org/A5037757855,Youbin Kim,https://orcid.org/0000-0003-2872-3924,Seoul National University,17,241,65,exact_normalized_name; orcid_available,https://api.openalex.org/authors?search=Youbin+Kim&per-page=5,unverified_discovery_only,Do not use this row to resolve identity or count prior papers without primary-source verification.
cai_1yvwds7,Youbin Kim,Sung Kyun Kwan University,4,https://openalex.org/A5029339546,Youbin Kim,,,2,218,60,exact_normalized_name,https://api.openalex.org/authors?search=Youbin+Kim&per-page=5,unverified_discovery_only,Do not use this row to resolve identity or count prior papers without primary-source verification.
cai_1yvwds7,Youbin Kim,Sung Kyun Kwan University,5,https://openalex.org/A5064469801,Youbin Kim,,Konkuk University,3,145,60,exact_normalized_name,https://api.openalex.org/authors?search=Youbin+Kim&per-page=5,unverified_discovery_only,Do not use this row to resolve identity or count prior papers without primary-source verification.
cai_13hpuu3,Youngho Kim,Korea Advanced Institute of Science & Technology,,,,,,,,,,,fetch_failed,OpenAlex 429
cai_14hrbwy,Youngjun Lee,KAIST,,,,,,,,,,,fetch_failed,OpenAlex 429
cai_112zspb,Youngsik Yun,Yonsei University,,,,,,,,,,,fetch_failed,OpenAlex 429
cai_uw6q6r,Youngwan Lee,ETRI,,,,,,,,,,,fetch_failed,OpenAlex 429
cai_12ozdml,Yu-Ji Kim,POSTECH,,,,,,,,,,,fetch_failed,OpenAlex 429
cai_12hulj8,Yuhwan Jeong,KAIST,,,,,,,,,,,fetch_failed,OpenAlex 429
cai_4y45ro,Yujin Bae,Korea Advanced Institute of Science & Technology,,,,,,,,,,,fetch_failed,OpenAlex 429
cai_1p4okou,Yunkyu Lee,POSTECH,,,,,,,,,,,fetch_failed,OpenAlex 429
cai_1f7fb09,Yunseo Yang,KAIST,,,,,,,,,,,fetch_failed,OpenAlex 429
cai_19fod1y,Yunseok Yang,Jeonbuk National University,,,,,,,,,,,fetch_failed,OpenAlex 429
cai_1r1aqg,Yunsung Lee,Maum AI,,,,,,,,,,,fetch_failed,OpenAlex 429
