candidate_identity_key,eccv_first_author_name,eccv_first_author_affiliation_raw,primary_affiliation_category,eccv_selected_paper_count,eccv_virtual_poster_ids,eccv_titles,identity_resolution_status,identity_profile_url,preferred_identity_evidence_source,prior_work_cutoff,verified_prior_work_row_count,review_status,notes
cai_b8qb30,Beom Young Kim,NAVER Cloud,KOREAN_COMPANY,1,3154,Learning from Adversity: Semantic-Aware Mask Refinement through Adversarial Perturbation,unreviewed,,"Official personal CV, institutional profile, ORCID, then official proceedings or publisher metadata",2026-03-05T23:00:00+01:00,0,not_started,
cai_jr6jbb,Bonmu Do,Inha University,KOREAN_UNIVERSITY_GRAD_SCIENCE_INSTITUTE,1,5644,TriNLOS: Triplane Representations for Neural Non-Line-of-Sight Imaging,unreviewed,,"Official personal CV, institutional profile, ORCID, then official proceedings or publisher metadata",2026-03-05T23:00:00+01:00,0,not_started,
cai_ro66h9,Boseung Jeong,POSTECH,KOREAN_UNIVERSITY_GRAD_SCIENCE_INSTITUTE,1,4294,Learning Sample-wise Rank-Aware Interpolation Weights for Composed Visual Data Retrieval,resolved,https://boseungjeong.github.io/,"Official personal CV, institutional profile, ORCID, then official proceedings or publisher metadata",2026-03-05T23:00:00+01:00,1,identity_resolved_prior_work_ lists the ECCV paper,incomplete
cai_12x2ya,Bryan Sangwoo Kim,Korea Advanced Institute of Science & Technology,KOREAN_UNIVERSITY_GRAD_SCIENCE_INSTITUTE,1,4355,Tiled Prompts: Overcoming Prompt Misguidance in Image and Video Super-Resolution,resolved,https://bryanswkim.github.io/,"Official personal CV, institutional profile, ORCID, then official proceedings or publisher metadata",2026-03-05T23:00:00+01:00,1,identity_resolved_prior_work_complete,One eligible first-listed NeurIPS 2025 paper is listed before the cutoff. The equal-contribution but second-listed CVPR 2025 paper is recorded separately and excluded from the primary count.
cai_1yyss68,Byeonggyu Park,Seoul National University,KOREAN_UNIVERSITY_GRAD_SCIENCE_INSTITUTE,1,4784,Reflection-Aware Reasoning for Non-Line-of-Sight Pedestrian Localization,resolved,https://bingurrr.github.io/,"Official personal CV, institutional profile, ORCID, then official proceedings or publisher metadata",2026-03-05T23:00:00+01:00,1,identity_resolved_prior_work_incomplete,At least one earlier eligible first-listed paper is verified. Exhaustive count still pending.
cai_1a10uti,Byeonghun Lee,Korea University,KOREAN_UNIVERSITY_GRAD_SCIENCE_INSTITUTE,1,5013,ReAL: Reference-to-Image (R2I) Aware Latent Diffusion for Image Super-Resolution,unreviewed,,"Official personal CV, institutional profile, ORCID, then official proceedings or publisher metadata",2026-03-05T23:00:00+01:00,0,not_started,
cai_18w3st,Byoungwoo Kim,KAIST,KOREAN_UNIVERSITY_GRAD_SCIENCE_INSTITUTE,1,3383,ProSR: Semantic-Prototype-Guided Discrete Modeling for Physically Consistent SAR Super-Resolution,unreviewed,,"Official personal CV, institutional profile, ORCID, then official proceedings or publisher metadata",2026-03-05T23:00:00+01:00,0,not_started,
cai_5k7e2r,Byungoh Ko,Korea University,KOREAN_UNIVERSITY_GRAD_SCIENCE_INSTITUTE,1,5807,Context Blindness in DPO: Mitigating Object Hallucination in MLLMs via Context-Calibrated Preference Optimization,unreviewed,,"Official personal CV, institutional profile, ORCID, then official proceedings or publisher metadata",2026-03-05T23:00:00+01:00,0,not_started,
cai_1gmil2t,Byungwoo Jeon,KAIST,KOREAN_UNIVERSITY_GRAD_SCIENCE_INSTITUTE,1,4502,SpatialBoost: Enhancing Visual Representation through Language-Guided Reasoning,resolved,https://rootyjeon.github.io/,"Official personal CV, institutional profile, ORCID, then official proceedings or publisher metadata",2026-03-05T23:00:00+01:00,0,identity_resolved_prior_work_complete,Before the cutoff the listed publications are a first-listed CoRL workshop paper and a third-listed NeurIPS 2024 paper. Neither qualifies under the fixed first-listed main-conference rule.
cai_4234nl,Chaesong Park,Seoul National University,KOREAN_UNIVERSITY_GRAD_SCIENCE_INSTITUTE,1,4619,OmniDS: Dual-Stream Context Fusion for Omnidirectional Depth from Fisheye Cameras,resolved,https://parkchaesong.github.io/,"Official personal CV, institutional profile, ORCID, then official proceedings or publisher metadata",2026-03-05T23:00:00+01:00,1,identity_resolved_prior_work_complete,The sole pre-cutoff eligible first-listed paper shown is SC-Lane at ICCV 2025. HeightLane is WACV and excluded by the fixed venue scope.
cai_1wxi2l,Chaeyeon Lee,Korea University,KOREAN_UNIVERSITY_GRAD_SCIENCE_INSTITUTE,1,5220,TaxoMIL: Taxonomy-Constrained Learning for Hierarchical Whole Slide Image Analysis,unreviewed,,"Official personal CV, institutional profile, ORCID, then official proceedings or publisher metadata",2026-03-05T23:00:00+01:00,0,not_started,
cai_naliiu,Changjin Kim,Hanyang University,KOREAN_UNIVERSITY_GRAD_SCIENCE_INSTITUTE,1,5875,Breaking High Confidence: Practical Face Impersonation under High-Security Thresholds,unreviewed,,"Official personal CV, institutional profile, ORCID, then official proceedings or publisher metadata",2026-03-05T23:00:00+01:00,0,not_started,
cai_1xjvdwb,Changwoo Baek,Pusan National University,KOREAN_UNIVERSITY_GRAD_SCIENCE_INSTITUTE,1,5396,3DZip: Spatial-Aware Feature Diversity-Guided Token Compression for 3D Question Answering,unreviewed,,"Official personal CV, institutional profile, ORCID, then official proceedings or publisher metadata",2026-03-05T23:00:00+01:00,0,not_started,
cai_2jhbnw,Changwoo Jeon,Yonsei University,KOREAN_UNIVERSITY_GRAD_SCIENCE_INSTITUTE,1,4711,MoCA3D: Monocular 3D Bounding Box Prediction in the Image Plane,unreviewed,,"Official personal CV, institutional profile, ORCID, then official proceedings or publisher metadata",2026-03-05T23:00:00+01:00,0,not_started,
cai_efi1pk,Changyeon Won,GIST,KOREAN_UNIVERSITY_GRAD_SCIENCE_INSTITUTE,1,5137,JacobianAvatar: Temporally Consistent Semi-rigid Avatar Reconstruction from a Monocular Video,resolved,https://scholar.gist.ac.kr/handle/local/21806,"Official personal CV, institutional profile, ORCID, then official proceedings or publisher metadata",2026-03-05T23:00:00+01:00,1,identity_resolved_prior_work_incomplete,At least one earlier eligible first-listed paper is verified. Exhaustive count still pending.
cai_hrvtmd,Chanhui Lee,POSTECH,KOREAN_UNIVERSITY_GRAD_SCIENCE_INSTITUTE,1,3278,Universal Image Immunization against Diffusion-based Image Editing via Semantic Injection,unreviewed,,"Official personal CV, institutional profile, ORCID, then official proceedings or publisher metadata",2026-03-05T23:00:00+01:00,0,not_started,
cai_irr0x2,ChanYeong Hwang,Korea University,KOREAN_UNIVERSITY_GRAD_SCIENCE_INSTITUTE,1,5289,SpatiO: Adaptive Test-Time Orchestration of Vision-Language Agents for Spatial Reasoning,unreviewed,,"Official personal CV, institutional profile, ORCID, then official proceedings or publisher metadata",2026-03-05T23:00:00+01:00,0,not_started,
cai_1dmv880,Cheng-Yaw Low,Changwon National University,KOREAN_UNIVERSITY_GRAD_SCIENCE_INSTITUTE,1,4527,Dual-Margin Embedding for Fine-Grained Long-Tailed Plant Taxonomy,unreviewed,,"Official personal CV, institutional profile, ORCID, then official proceedings or publisher metadata",2026-03-05T23:00:00+01:00,0,not_started,
cai_bhhbue,Cheolhong Min,Seoul National University,KOREAN_UNIVERSITY_GRAD_SCIENCE_INSTITUTE,1,5463,Why Far Looks Up: Probing Spatial Representation in Vision-Language Models,unreviewed,,"Official personal CV, institutional profile, ORCID, then official proceedings or publisher metadata",2026-03-05T23:00:00+01:00,0,not_started,
cai_1w4p635,DAEHYEON JEON,UNIST,KOREAN_UNIVERSITY_GRAD_SCIENCE_INSTITUTE,1,3932,Ray-Path-Aware Virtual Point Removal on 2D Layer-Wise Nearest Point Map,unreviewed,,"Official personal CV, institutional profile, ORCID, then official proceedings or publisher metadata",2026-03-05T23:00:00+01:00,0,not_started,
cai_1jly6ub,DaeHyun Kim,Chungnam National University,KOREAN_UNIVERSITY_GRAD_SCIENCE_INSTITUTE,1,4835,SAND: Stage-Aware Noise Decomposition for Training-Free Diffusion Guidance,unreviewed,,"Official personal CV, institutional profile, ORCID, then official proceedings or publisher metadata",2026-03-05T23:00:00+01:00,0,not_started,
cai_riq103,Daehyun We,Korea Advanced Institute of Science & Technology; Korea Advanced Institute of Science & Technology,KOREAN_UNIVERSITY_GRAD_SCIENCE_INSTITUTE,1,4803,MotionEditGS: Editing Motion and Appearance of 4D Scenes from Monocular Video via Semantically Anchored Gaussians,unreviewed,,"Official personal CV, institutional profile, ORCID, then official proceedings or publisher metadata",2026-03-05T23:00:00+01:00,0,not_started,
cai_hfk2wa,Daeun Lee,Seoul National University,KOREAN_UNIVERSITY_GRAD_SCIENCE_INSTITUTE,1,4279,Articulated Object Reconstruction from Rest-State Observation,unreviewed,,"Official personal CV, institutional profile, ORCID, then official proceedings or publisher metadata",2026-03-05T23:00:00+01:00,0,not_started,
cai_1frm1kx,Daeun Lee,Sung Kyun Kwan University,KOREAN_UNIVERSITY_GRAD_SCIENCE_INSTITUTE,1,5616,DICE: Disentangled Instance-Class knowlEdge prompt tuning via SAE for Vision-Language Models,unreviewed,,"Official personal CV, institutional profile, ORCID, then official proceedings or publisher metadata",2026-03-05T23:00:00+01:00,0,not_started,
cai_168kmvb,Daeyeon Kim,POSTECH,KOREAN_UNIVERSITY_GRAD_SCIENCE_INSTITUTE,1,3904,REON-NVS: Real-Time Online Novel-View Synthesis from Sparse-View Videos,unreviewed,,"Official personal CV, institutional profile, ORCID, then official proceedings or publisher metadata",2026-03-05T23:00:00+01:00,0,not_started,
cai_1o6n2vf,Daeyoung Choi,Korea Cyber University,KOREAN_UNIVERSITY_GRAD_SCIENCE_INSTITUTE,1,4679,Prototype Normalization: Optimizing Prototype Separation for Heterogeneous Federated Learning,unreviewed,,"Official personal CV, institutional profile, ORCID, then official proceedings or publisher metadata",2026-03-05T23:00:00+01:00,0,not_started,
cai_qbdd0v,Daneul Kim,Seoul National University,KOREAN_UNIVERSITY_GRAD_SCIENCE_INSTITUTE,1,5079,Learning Zero-Shot Subject-Driven Video Generation Using 1% Compute,unreviewed,,"Official personal CV, institutional profile, ORCID, then official proceedings or publisher metadata",2026-03-05T23:00:00+01:00,0,not_started,
cai_oxumrd,Doeon Kim,Soongsil university,KOREAN_UNIVERSITY_GRAD_SCIENCE_INSTITUTE,1,5874,WiFi-JEPA: Self-supervised Learning for WiFi-CSI 3D Human Pose Estimation,unreviewed,,"Official personal CV, institutional profile, ORCID, then official proceedings or publisher metadata",2026-03-05T23:00:00+01:00,0,not_started,
cai_18x3r1d,Dogyun Park,Korea University,KOREAN_UNIVERSITY_GRAD_SCIENCE_INSTITUTE,1,5488,EFlow: Fast Few-Step Video Generator Training from Scratch via Efficient Solution Flow,resolved,https://mlv.korea.edu/people,"Official personal CV, institutional profile, ORCID, then official proceedings or publisher metadata",2026-03-05T23:00:00+01:00,1,identity_resolved_prior_work_incomplete,At least one earlier eligible first-listed paper is verified. Exhaustive count still pending.
cai_1t7khxo,Dohun Lee,Korea Advanced Institute of Science and Technology,KOREAN_UNIVERSITY_GRAD_SCIENCE_INSTITUTE,1,4121,Memory-V2V: Memory-Augmented Video-to-Video Diffusion for Consistent Multi-Turn Editing,unreviewed,,"Official personal CV, institutional profile, ORCID, then official proceedings or publisher metadata",2026-03-05T23:00:00+01:00,0,not_started,
cai_qogv77,Dohyun Kim,Korea University,KOREAN_UNIVERSITY_GRAD_SCIENCE_INSTITUTE,1,4303,Direct Diffusion Score Preference Optimization via Stepwise Contrastive Policy-Pair Supervision,unreviewed,,"Official personal CV, institutional profile, ORCID, then official proceedings or publisher metadata",2026-03-05T23:00:00+01:00,0,not_started,
cai_1a82rny,Dong-Hyun Moon,Inha University,KOREAN_UNIVERSITY_GRAD_SCIENCE_INSTITUTE,1,5314,SARIF: Segment Anything for Robust Image Forensics,unreviewed,,"Official personal CV, institutional profile, ORCID, then official proceedings or publisher metadata",2026-03-05T23:00:00+01:00,0,not_started,
cai_4momyb,Dong-Woo Kim,Korea University,KOREAN_UNIVERSITY_GRAD_SCIENCE_INSTITUTE,1,5826,TDSR-VLA: Transition-aware Denoising Sequence Representations for Vision-Language-Action,unreviewed,,"Official personal CV, institutional profile, ORCID, then official proceedings or publisher metadata",2026-03-05T23:00:00+01:00,0,not_started,
cai_1r34pvk,Donggeon Bae,Seoul National University,KOREAN_UNIVERSITY_GRAD_SCIENCE_INSTITUTE,1,5659,Integrated Forward–Inverse Network for Reconstruction for Lensless Image Reconstruction,unreviewed,,"Official personal CV, institutional profile, ORCID, then official proceedings or publisher metadata",2026-03-05T23:00:00+01:00,0,not_started,
cai_14zol5l,Donghyun Kim,Emory University; Yonsei University,KOREAN_UNIVERSITY_GRAD_SCIENCE_INSTITUTE,1,3930,Delaunay Canopy: Building Wireframe Reconstruction from Airborne LiDAR Point Clouds via Delaunay Graph,unreviewed,,"Official personal CV, institutional profile, ORCID, then official proceedings or publisher metadata",2026-03-05T23:00:00+01:00,0,not_started,
cai_180le5h,Dongsu Song,Korea Aerospace University,KOREAN_UNIVERSITY_GRAD_SCIENCE_INSTITUTE,1,4370,SegPAR: Class-Centric Decision-Based Sparse Attack for Semantic Segmentation,unreviewed,,"Official personal CV, institutional profile, ORCID, then official proceedings or publisher metadata",2026-03-05T23:00:00+01:00,0,not_started,
cai_1q4k30l,E In Son,Seoul National University,KOREAN_UNIVERSITY_GRAD_SCIENCE_INSTITUTE,1,3475,ORION: Ordinal Neural Collapse as a Representation Prior for Visual Navigation,unreviewed,,"Official personal CV, institutional profile, ORCID, then official proceedings or publisher metadata",2026-03-05T23:00:00+01:00,0,not_started,
cai_qiaew2,Elena Camuffo,CLO Virtual Fashion,KOREAN_COMPANY,1,4917,MOCHA: Multi-modal Objects-aware Cross-arcHitecture Alignment,unreviewed,,"Official personal CV, institutional profile, ORCID, then official proceedings or publisher metadata",2026-03-05T23:00:00+01:00,0,not_started,
cai_1hjrh6i,Eungjune Shim,CLO Virtual Fashion Inc.,KOREAN_COMPANY,1,5678,DiffGI: Differentiable Geometry Images for High-Fidelity Thin-Shell 3D Generation,unreviewed,,"Official personal CV, institutional profile, ORCID, then official proceedings or publisher metadata",2026-03-05T23:00:00+01:00,0,not_started,
cai_ojgfc2,Eunyi Lyou,Seoul National University,KOREAN_UNIVERSITY_GRAD_SCIENCE_INSTITUTE,1,3763,Domain Generalization via Text-Anchored Information Bottleneck,unreviewed,,"Official personal CV, institutional profile, ORCID, then official proceedings or publisher metadata",2026-03-05T23:00:00+01:00,0,not_started,
cai_cap2jl,GaHye Lee,POSTECH,KOREAN_UNIVERSITY_GRAD_SCIENCE_INSTITUTE,1,4158,StructureGS: Structure-aware Gaussian Splatting for Articulated Object Reconstruction,unreviewed,,"Official personal CV, institutional profile, ORCID, then official proceedings or publisher metadata",2026-03-05T23:00:00+01:00,0,not_started,
cai_8a1asp,Gahyeon Kim,ETRI,KOREAN_RESEARCH_INSTITUTE,1,5540,V-HOLD: Stabilizing Flow Trajectories to Rethink the Edit–Preservation Trade-off,unreviewed,,"Official personal CV, institutional profile, ORCID, then official proceedings or publisher metadata",2026-03-05T23:00:00+01:00,0,not_started,
cai_aj6w7z,Ganghyeon Lee,Ulsan National Institute of Science and Technology,KOREAN_UNIVERSITY_GRAD_SCIENCE_INSTITUTE,1,4387,FeDepth: Federated Learning for Depth Estimation under Robot Heterogeneity,unreviewed,,"Official personal CV, institutional profile, ORCID, then official proceedings or publisher metadata",2026-03-05T23:00:00+01:00,0,not_started,
cai_96gbai,Gayoung KIM,Ewha womans university,KOREAN_UNIVERSITY_GRAD_SCIENCE_INSTITUTE,1,4608,TiCRL: Textual Image Classification with Reinforcement Learning-Based Curriculum Learning,unreviewed,,"Official personal CV, institutional profile, ORCID, then official proceedings or publisher metadata",2026-03-05T23:00:00+01:00,0,not_started,
cai_18fxd9z,Geo Ahn,Kyung Hee University,KOREAN_UNIVERSITY_GRAD_SCIENCE_INSTITUTE,1,3461,Why Can't I Open My Drawer? Mitigating Object-Driven Shortcuts in Zero-Shot Compositional Action Recognition,unreviewed,,"Official personal CV, institutional profile, ORCID, then official proceedings or publisher metadata",2026-03-05T23:00:00+01:00,0,not_started,
cai_1bubn2q,Geon Tack Lee,Korea Advanced Institute of Science & Technology; New York University Abu Dhabi,KOREAN_UNIVERSITY_GRAD_SCIENCE_INSTITUTE,1,3650,Denoised Variance-Based Pruning with Optimal Brain Bias Compensation,unreviewed,,"Official personal CV, institutional profile, ORCID, then official proceedings or publisher metadata",2026-03-05T23:00:00+01:00,0,not_started,
cai_4b1r0v,Geon Yeong Park,Korea Advanced Institute of Science and Technology,KOREAN_UNIVERSITY_GRAD_SCIENCE_INSTITUTE,1,5538,3D-ReGen: A Unified 3D Geometry Regeneration Framework,unreviewed,,"Official personal CV, institutional profile, ORCID, then official proceedings or publisher metadata",2026-03-05T23:00:00+01:00,0,not_started,
cai_1sefwgj,Geonho Bang,Seoul National University,KOREAN_UNIVERSITY_GRAD_SCIENCE_INSTITUTE,1,5928,Horizon3D: Sparse Radar-Camera Fusion for Long-Range 3D Perception in Autonomous Driving,unreviewed,,"Official personal CV, institutional profile, ORCID, then official proceedings or publisher metadata",2026-03-05T23:00:00+01:00,0,not_started,
cai_pm0chr,GeonU Kim,Korea Advanced Institute of Science and Technology (KAIST),KOREAN_UNIVERSITY_GRAD_SCIENCE_INSTITUTE,1,4040,Reflection-aware generative novel view synthesis,unreviewed,,"Official personal CV, institutional profile, ORCID, then official proceedings or publisher metadata",2026-03-05T23:00:00+01:00,0,not_started,
cai_135jdof,Geunhyuk Youk,KAIST,KOREAN_UNIVERSITY_GRAD_SCIENCE_INSTITUTE,2,5366; 5371,AVSR-Diff: Scale-Agnostic Diffusion Priors for Temporally Consistent Arbitrary-Scale Video Super-Resolution || FMA-Net++: Motion- and Exposure-Aware Joint Video Super-Resolution and Deblurring,resolved,https://kaist-viclab.github.io/,"Official personal CV, institutional profile, ORCID, then official proceedings or publisher metadata",2026-03-05T23:00:00+01:00,1,identity_resolved_prior_work_incomplete,At least one earlier eligible first-listed paper is verified. Exhaustive count still pending.
cai_5e0m3b,Geuntaek Lim,Sejong University,KOREAN_UNIVERSITY_GRAD_SCIENCE_INSTITUTE,1,5179,Video-Oasis: Rethinking Evaluation of Video Understanding,unreviewed,,"Official personal CV, institutional profile, ORCID, then official proceedings or publisher metadata",2026-03-05T23:00:00+01:00,0,not_started,
cai_1s5qwf4,gilha lee,SEOUL NATIONAL UNIVERSITY OF SCIENCE AND TECHNOLOGY,KOREAN_UNIVERSITY_GRAD_SCIENCE_INSTITUTE,1,5149,S3-Prune: Stability-Aware Token Budgeting for Long-Form Video-Language Models,unreviewed,,"Official personal CV, institutional profile, ORCID, then official proceedings or publisher metadata",2026-03-05T23:00:00+01:00,0,not_started,
cai_1gstyyj,Gwanhyeong Koo,KAIST,KOREAN_UNIVERSITY_GRAD_SCIENCE_INSTITUTE,1,4474,InSpace: Structure-Aware 3D Indoor Scene Generation from a Single 360° Image,unreviewed,,"Official personal CV, institutional profile, ORCID, then official proceedings or publisher metadata",2026-03-05T23:00:00+01:00,0,not_started,
cai_xslldp,Habin Lim,Korea University,KOREAN_UNIVERSITY_GRAD_SCIENCE_INSTITUTE,1,5170,OSVE: One Step Video Editing with One Step Diffusion Models,unreviewed,,"Official personal CV, institutional profile, ORCID, then official proceedings or publisher metadata",2026-03-05T23:00:00+01:00,0,not_started,
cai_ms06pb,HAKSU LIM,Korea Advanced Institute of Science & Technology,KOREAN_UNIVERSITY_GRAD_SCIENCE_INSTITUTE,1,5816,Unified Backbone Refinement for Diffusion Models via Internal-Latent Analysis,unreviewed,,"Official personal CV, institutional profile, ORCID, then official proceedings or publisher metadata",2026-03-05T23:00:00+01:00,0,not_started,
cai_7t4rru,Hana Kim,LG Electronics,KOREAN_COMPANY,1,4201,CoIn: Comprehensive 2D-3D Inpainting with Gaussian Splatting Guidance,unreviewed,,"Official personal CV, institutional profile, ORCID, then official proceedings or publisher metadata",2026-03-05T23:00:00+01:00,0,not_started,
cai_fc52e2,Hangyeol Lee,KAIST,KOREAN_UNIVERSITY_GRAD_SCIENCE_INSTITUTE,1,5702,Rethinking Token Reduction for Diffusion Models via Output-Similarity-Awareness,unreviewed,,"Official personal CV, institutional profile, ORCID, then official proceedings or publisher metadata",2026-03-05T23:00:00+01:00,0,not_started,
cai_1lalvrp,Hee-Jun Jung,Gwangju Institute of Science and Technology (GIST),KOREAN_UNIVERSITY_GRAD_SCIENCE_INSTITUTE,1,4377,Disentangling Rotation and Translation from SE(3)-Equivariant Features for Shape Assembly,unreviewed,,"Official personal CV, institutional profile, ORCID, then official proceedings or publisher metadata",2026-03-05T23:00:00+01:00,0,not_started,
cai_1hroo1u,HEEJU HAN,Pusan National University,KOREAN_UNIVERSITY_GRAD_SCIENCE_INSTITUTE,1,4378,Towards Sparsely Annotated Open World Object Detection,unreviewed,,"Official personal CV, institutional profile, ORCID, then official proceedings or publisher metadata",2026-03-05T23:00:00+01:00,0,not_started,
cai_1a9381q,Heejun Park,Korea Advanced Institute of Science & Technology,KOREAN_UNIVERSITY_GRAD_SCIENCE_INSTITUTE,1,4159,"RAF: Reliability-Aware Fusion of Camera, LiDAR, and 4D RADAR for Robust 3D Object Detection in Adverse Weather",unreviewed,,"Official personal CV, institutional profile, ORCID, then official proceedings or publisher metadata",2026-03-05T23:00:00+01:00,0,not_started,
cai_160v8n0,Hoiyeong Jin,KAIST,KOREAN_UNIVERSITY_GRAD_SCIENCE_INSTITUTE,1,4205,InsertAnywhere: Geometrically Grounded and Optics-Aware Video Object Insertion,unreviewed,,"Official personal CV, institutional profile, ORCID, then official proceedings or publisher metadata",2026-03-05T23:00:00+01:00,0,not_started,
cai_e8zy4y,Hojun Choi,KAIST AI,KOREAN_UNIVERSITY_GRAD_SCIENCE_INSTITUTE,2,3265; 3266,Open-Vocabulary BEV Segmentation with 3D-Aware Geometric Constraints || CoT-PL: Chain-of-Thought Pseudo-Labeling for Open-Vocabulary Object Detection,resolved,https://hchoi256.github.io/,"Official personal CV, institutional profile, ORCID, then official proceedings or publisher metadata",2026-03-05T23:00:00+01:00,0,identity_resolved_prior_work_complete,Before the cutoff the listed main-venue papers place Hojun Choi after the first author. The only pre-cutoff first-listed item is a CVPR workshop paper and is excluded by the fixed venue scope.
cai_1y9fxpr,Hojun Song,Kyungpook National University,KOREAN_UNIVERSITY_GRAD_SCIENCE_INSTITUTE,1,5646,G2P: Gaussian-to-Point Attribute Alignment for Boundary-Aware 3D Segmentation,unreviewed,,"Official personal CV, institutional profile, ORCID, then official proceedings or publisher metadata",2026-03-05T23:00:00+01:00,0,not_started,
cai_1ojjouf,Hongjae Lee,Korea University,KOREAN_UNIVERSITY_GRAD_SCIENCE_INSTITUTE,2,3148; 3151,LogicIR: Logic Gate Networks for Image Restoration || TaskTok: Delving into Task Tokens for Task-driven Image Restoration,unreviewed,,"Official personal CV, institutional profile, ORCID, then official proceedings or publisher metadata",2026-03-05T23:00:00+01:00,0,not_started,
cai_4zux6g,Hoonhee Cho,Korea Advanced Institute of Science and Technology,KOREAN_UNIVERSITY_GRAD_SCIENCE_INSTITUTE,1,3793,VIPS: Vehicle-Infrastructure Cooperative Planning Benchmark via Pseudo-Simulation,unreviewed,,"Official personal CV, institutional profile, ORCID, then official proceedings or publisher metadata",2026-03-05T23:00:00+01:00,0,not_started,
cai_evpjgt,HoTaek Oh,Kangwon National University,KOREAN_UNIVERSITY_GRAD_SCIENCE_INSTITUTE,1,3682,DA-F2F: Domain-Adaptive Object Detection with Feature-to-Feature Modulation and Alignment,unreviewed,,"Official personal CV, institutional profile, ORCID, then official proceedings or publisher metadata",2026-03-05T23:00:00+01:00,0,not_started,
cai_txmnjf,Hoyeon Shin,Seoul National University of Science and Technology,KOREAN_UNIVERSITY_GRAD_SCIENCE_INSTITUTE,1,4715,Unbalanced Optimal Transport for Efficient Visual Document Retrieval,unreviewed,,"Official personal CV, institutional profile, ORCID, then official proceedings or publisher metadata",2026-03-05T23:00:00+01:00,0,not_started,
cai_1n7ps74,hun im,Seoul National University,KOREAN_UNIVERSITY_GRAD_SCIENCE_INSTITUTE,1,4729,DeCoFlow: Structural Decomposition of Normalizing Flows for Continual Anomaly Detection,unreviewed,,"Official personal CV, institutional profile, ORCID, then official proceedings or publisher metadata",2026-03-05T23:00:00+01:00,0,not_started,
cai_181h3s9,Hyekang Park,Yonsei university,KOREAN_UNIVERSITY_GRAD_SCIENCE_INSTITUTE,1,4309,Learning Probabilistic Prompt for Continual Learning,unreviewed,,"Official personal CV, institutional profile, ORCID, then official proceedings or publisher metadata",2026-03-05T23:00:00+01:00,0,not_started,
cai_1nb05bx,Hyeongju Mun,Pusan National University,KOREAN_UNIVERSITY_GRAD_SCIENCE_INSTITUTE,1,5110,LivingWorld: Interactive 4D World Generation with Environmental Dynamics,unreviewed,,"Official personal CV, institutional profile, ORCID, then official proceedings or publisher metadata",2026-03-05T23:00:00+01:00,0,not_started,
cai_1vo1wyg,Hyeongsik Kim,Hanyang Universty,KOREAN_UNIVERSITY_GRAD_SCIENCE_INSTITUTE,1,3676,ARC-Loc: Leveraging Azimuthal Ray Convergence as a Geometric Cue for Direct Cross-View Localization,unreviewed,,"Official personal CV, institutional profile, ORCID, then official proceedings or publisher metadata",2026-03-05T23:00:00+01:00,0,not_started,
cai_mn3icz,Hyeonseop Song,LG Electronins,KOREAN_COMPANY,1,4146,TMI: Text-to-Image Meets Image-to-Image for Complementary Data Synthesis to Boost Long-Tailed Instance Segmentation,unreviewed,,"Official personal CV, institutional profile, ORCID, then official proceedings or publisher metadata",2026-03-05T23:00:00+01:00,0,not_started,
cai_14z01lt,Hyesong Choi,Ewha W. University,KOREAN_UNIVERSITY_GRAD_SCIENCE_INSTITUTE,2,5759; 5764,Isotropic Embedding Perturbations for Robust Vision Language Encoders || ECC: Encoder-Centric Corruption for Fine-Grained Vision in VLMs,resolved,https://openaccess.thecvf.com/content/ICCV2023/html/Choi_Environment_Agnostic_Representation_for_Visual_Reinforcement_Learning_ICCV_2023_paper.html,"Official personal CV, institutional profile, ORCID, then official proceedings or publisher metadata",2026-03-05T23:00:00+01:00,1,identity_resolved_prior_work_incomplete,At least one earlier eligible first-listed paper is verified. Exhaustive count still pending.
cai_kzekq6,Hyun-Ho Kim,Chungnam National University,KOREAN_UNIVERSITY_GRAD_SCIENCE_INSTITUTE,1,5524,Video Can Teach PAN-Sharpening: PSF-Aware Cross-Domain Supervision,unreviewed,,"Official personal CV, institutional profile, ORCID, then official proceedings or publisher metadata",2026-03-05T23:00:00+01:00,0,not_started,
cai_1s2wfz1,Hyun-Kurl Jang,KAIST,KOREAN_UNIVERSITY_GRAD_SCIENCE_INSTITUTE,1,3773,"Distill Once, Adapt Life-Long: Exploring Dataset Distillation for Continual Test-Time Adaptation",unreviewed,,"Official personal CV, institutional profile, ORCID, then official proceedings or publisher metadata",2026-03-05T23:00:00+01:00,0,not_started,
cai_1nkch44,Hyunho Lee,Seoul National University,KOREAN_UNIVERSITY_GRAD_SCIENCE_INSTITUTE,1,4509,Zero-Shot Quantization for Object Detectors using Off-the-Shelf Generative Models,unreviewed,,"Official personal CV, institutional profile, ORCID, then official proceedings or publisher metadata",2026-03-05T23:00:00+01:00,0,not_started,
cai_1fhyq5f,Hyunmin Cho,Korea University,KOREAN_UNIVERSITY_GRAD_SCIENCE_INSTITUTE,1,5714,Recurrent Sinusoidal INRs for Efficient High-Fidelity Representation,unreviewed,,"Official personal CV, institutional profile, ORCID, then official proceedings or publisher metadata",2026-03-05T23:00:00+01:00,0,not_started,
cai_16lmauc,Hyunsoo Lee,Seoul National University,KOREAN_UNIVERSITY_GRAD_SCIENCE_INSTITUTE,1,4695,Accelerated Likelihood Maximization for Diffusion-based Versatile Content Generation,unreviewed,,"Official personal CV, institutional profile, ORCID, then official proceedings or publisher metadata",2026-03-05T23:00:00+01:00,0,not_started,
cai_h88dox,Hyunsuh Koh,Soongsil University,KOREAN_UNIVERSITY_GRAD_SCIENCE_INSTITUTE,1,5439,CulinaryCut: A Physics-aware Vision-Language-Action Benchmark for Food Cutting via Material Point Method,unreviewed,,"Official personal CV, institutional profile, ORCID, then official proceedings or publisher metadata",2026-03-05T23:00:00+01:00,0,not_started,
cai_lz5fec,Hyunwoo Kim,Yonsei University,KOREAN_UNIVERSITY_GRAD_SCIENCE_INSTITUTE,1,4758,DIVA: Instruction-Aware Vision Token Pruning via Dual-Probe Attention Discrepancy,unreviewed,,"Official personal CV, institutional profile, ORCID, then official proceedings or publisher metadata",2026-03-05T23:00:00+01:00,0,not_started,
cai_mwqjea,Hyunwoo Park,StradVision,KOREAN_COMPANY,1,5440,Domain Adaptation with Adaptive Imagination for Visual Reinforcement Learning under Limited Target Data,unreviewed,,"Official personal CV, institutional profile, ORCID, then official proceedings or publisher metadata",2026-03-05T23:00:00+01:00,0,not_started,
cai_xlzkem,InGyu Jeong,Seoul National University of Science and Technology,KOREAN_UNIVERSITY_GRAD_SCIENCE_INSTITUTE,1,5695,EGGS: Explicitly Granular 3D Gaussian Splatting via Luma-Aware and Volume-Preserving Attribute Factorization,unreviewed,,"Official personal CV, institutional profile, ORCID, then official proceedings or publisher metadata",2026-03-05T23:00:00+01:00,0,not_started,
cai_5bb72u,inha Lee,Ulsan National Institute of Science and Technology (UNIST),KOREAN_UNIVERSITY_GRAD_SCIENCE_INSTITUTE,1,4932,UniSim-SLAM: Feed-Forward SLAM with Unified Sim(3) Optimization,unreviewed,,"Official personal CV, institutional profile, ORCID, then official proceedings or publisher metadata",2026-03-05T23:00:00+01:00,0,not_started,
cai_1vkkwap,Injae Kim,KAIST,KOREAN_UNIVERSITY_GRAD_SCIENCE_INSTITUTE,1,5023,F⁴Splat: Feed-Forward Predictive Densification for Feed-Forward 3D Gaussian Splatting,unreviewed,,"Official personal CV, institutional profile, ORCID, then official proceedings or publisher metadata",2026-03-05T23:00:00+01:00,0,not_started,
cai_19a1klw,Inpyo Song,SungKyunKwan University,KOREAN_UNIVERSITY_GRAD_SCIENCE_INSTITUTE,1,5841,Bounding-Box Trajectories Matter for Video Anomaly Detection,unreviewed,,"Official personal CV, institutional profile, ORCID, then official proceedings or publisher metadata",2026-03-05T23:00:00+01:00,0,not_started,
cai_jdrqn8,Inwoo Hwang,Seoul National University,KOREAN_UNIVERSITY_GRAD_SCIENCE_INSTITUTE,1,3276,MoScale: Autoregressive Next-Scale Prediction for Human Motion Generation and Editing,unreviewed,,"Official personal CV, institutional profile, ORCID, then official proceedings or publisher metadata",2026-03-05T23:00:00+01:00,0,not_started,
cai_3yt2qp,Jae Won Jang,SEOUL NATIONAL UNIVERSITY,KOREAN_UNIVERSITY_GRAD_SCIENCE_INSTITUTE,1,4866,4DGS360: 360° Gaussian Reconstruction of Dynamic Objects from a Single Video,unreviewed,,"Official personal CV, institutional profile, ORCID, then official proceedings or publisher metadata",2026-03-05T23:00:00+01:00,0,not_started,
cai_ue4bx1,Jaechang Kim,POSTECH,KOREAN_UNIVERSITY_GRAD_SCIENCE_INSTITUTE,1,4728,Visual Prompt Discovery via Semantic Exploration,unreviewed,,"Official personal CV, institutional profile, ORCID, then official proceedings or publisher metadata",2026-03-05T23:00:00+01:00,0,not_started,
cai_1i8av7e,Jaeho Lee,Korea University,KOREAN_UNIVERSITY_GRAD_SCIENCE_INSTITUTE,2,3800; 3801,Online Versatile Incremental Learning: Towards Class and Domain-Agnostic Adaptation at Any Time || DARE to Mitigate Hallucination: Dual-path Auto-Regressive-aware Editing,unreviewed,,"Official personal CV, institutional profile, ORCID, then official proceedings or publisher metadata",2026-03-05T23:00:00+01:00,0,not_started,
cai_7p3vxv,Jaehun Jung,Konkuk University,KOREAN_UNIVERSITY_GRAD_SCIENCE_INSTITUTE,1,5117,EgoGVAE: Ego-body Mesh Reconstruction via Guided Variational Autoencoder,unreviewed,,"Official personal CV, institutional profile, ORCID, then official proceedings or publisher metadata",2026-03-05T23:00:00+01:00,0,not_started,
cai_yzlijd,Jaehun Park,Sungkyunkwan University,KOREAN_UNIVERSITY_GRAD_SCIENCE_INSTITUTE,1,4345,ProtoMappingNet: Interpretable Hierarchical Prototypes through Relational Prototype Mappings,unreviewed,,"Official personal CV, institutional profile, ORCID, then official proceedings or publisher metadata",2026-03-05T23:00:00+01:00,0,not_started,
cai_6itkma,Jaehyun Cho,Chung-Ang University Seoul,KOREAN_UNIVERSITY_GRAD_SCIENCE_INSTITUTE,1,4200,NGPS: Structure-Preserving Self-Supervised Denoising via Neighbor-Guided Patch Sampling,unreviewed,,"Official personal CV, institutional profile, ORCID, then official proceedings or publisher metadata",2026-03-05T23:00:00+01:00,0,not_started,
cai_1fkh01b,Jaehyun Jang,KAIST,KOREAN_UNIVERSITY_GRAD_SCIENCE_INSTITUTE,1,5853,Token-level Response-visual Attention Guidance for Multimodal LLMs Knowledge Distillation,unreviewed,,"Official personal CV, institutional profile, ORCID, then official proceedings or publisher metadata",2026-03-05T23:00:00+01:00,0,not_started,
cai_14v5ugr,JaeHyun Park,Seoul National University,KOREAN_UNIVERSITY_GRAD_SCIENCE_INSTITUTE,1,4342,Following Motion for Sequential Modeling in Video Frame Interpolation,unreviewed,,"Official personal CV, institutional profile, ORCID, then official proceedings or publisher metadata",2026-03-05T23:00:00+01:00,0,not_started,
cai_ipzaj2,Jaeik Kim,Seoul National University,KOREAN_UNIVERSITY_GRAD_SCIENCE_INSTITUTE,1,4372,SUM: Unified Geometric Surgery on Spatio-Temporal Adaptation Vectors for Federated Class Incremental Learning,unreviewed,,"Official personal CV, institutional profile, ORCID, then official proceedings or publisher metadata",2026-03-05T23:00:00+01:00,0,not_started,
cai_6zrg0h,Jaekyun Ko,Samsung Electronics,KOREAN_COMPANY,1,5744,YeTI: You Only Need Two Noisy Images for Real-World sRGB Noise Generation,unreviewed,,"Official personal CV, institutional profile, ORCID, then official proceedings or publisher metadata",2026-03-05T23:00:00+01:00,0,not_started,
cai_1aaah60,Jaerin Lee,Seoul National University,KOREAN_UNIVERSITY_GRAD_SCIENCE_INSTITUTE,1,5518,Vector Scaffolding: Inter-Scale Orchestration for Differentiable Image Vectorization,unreviewed,,"Official personal CV, institutional profile, ORCID, then official proceedings or publisher metadata",2026-03-05T23:00:00+01:00,0,not_started,
cai_9wp7oj,Jaeseok Byun,Seoul National University,KOREAN_UNIVERSITY_GRAD_SCIENCE_INSTITUTE,1,3658,Multi-modal Knowledge Preserving Adapter for Embedding Backward Compatibility,unreviewed,,"Official personal CV, institutional profile, ORCID, then official proceedings or publisher metadata",2026-03-05T23:00:00+01:00,0,not_started,
cai_i3rmfg,Jaewon Kim,Seoul National University,KOREAN_UNIVERSITY_GRAD_SCIENCE_INSTITUTE,1,4349,SplitHDR: Saturation-Aware HDR Recovery and Denoising for Real-Time Detection,unreviewed,,"Official personal CV, institutional profile, ORCID, then official proceedings or publisher metadata",2026-03-05T23:00:00+01:00,0,not_started,
cai_1o08ey0,Jaewon Lee,Yonsei University,KOREAN_UNIVERSITY_GRAD_SCIENCE_INSTITUTE,1,5375,Graph-GSReg: Leveraging 3D Scene Graphs for Gaussian Splatting Registration,unreviewed,,"Official personal CV, institutional profile, ORCID, then official proceedings or publisher metadata",2026-03-05T23:00:00+01:00,0,not_started,
cai_ofpn1x,Jaeyo Shin,KAIST,KOREAN_UNIVERSITY_GRAD_SCIENCE_INSTITUTE,1,4716,Representation Alignment for Just Image Transformers is not Easier than You Think,unreviewed,,"Official personal CV, institutional profile, ORCID, then official proceedings or publisher metadata",2026-03-05T23:00:00+01:00,0,not_started,
cai_18buty,Jaeyoung Chung,Seoul National University,KOREAN_UNIVERSITY_GRAD_SCIENCE_INSTITUTE,1,5295,Map2World: Segment Map Conditioned Text to 3D World Generation,unreviewed,,"Official personal CV, institutional profile, ORCID, then official proceedings or publisher metadata",2026-03-05T23:00:00+01:00,0,not_started,
cai_1hmhnfq,Jeisung Lee,Samsung,KOREAN_COMPANY,1,5790,Synthetic Sub-Aperture Phase Augmentation for Demosaicing 2×2 Shared Microlens Sensors,unreviewed,,"Official personal CV, institutional profile, ORCID, then official proceedings or publisher metadata",2026-03-05T23:00:00+01:00,0,not_started,
cai_luktrb,Jeongeun Lee,Yonsei university,KOREAN_UNIVERSITY_GRAD_SCIENCE_INSTITUTE,1,4339,Personalized Reward Modeling for Text-to-Image Generation,unreviewed,,"Official personal CV, institutional profile, ORCID, then official proceedings or publisher metadata",2026-03-05T23:00:00+01:00,0,not_started,
cai_1ggio59,Jeongha Lee,Korea Institute of Science and Technology (KIST),KOREAN_RESEARCH_INSTITUTE,1,5399,Through Van Gogh’s Eyes: Global Style Transfer with Diffusion Model,unreviewed,,"Official personal CV, institutional profile, ORCID, then official proceedings or publisher metadata",2026-03-05T23:00:00+01:00,0,not_started,
cai_16kt7l8,Jeongwan On,UNIST,KOREAN_UNIVERSITY_GRAD_SCIENCE_INSTITUTE,1,3183,Multi-THuMBS: Multi-person Tracking of 3D Human Meshes Beyond Video Shots,unreviewed,,"Official personal CV, institutional profile, ORCID, then official proceedings or publisher metadata",2026-03-05T23:00:00+01:00,0,not_started,
cai_1vseeub,Jiah Kim,Pukyong National University,KOREAN_UNIVERSITY_GRAD_SCIENCE_INSTITUTE,1,3687,A Benchmark for Heterogeneous Stereo Deblurring with Physically- and Epipolar-constrained Cross Attention,unreviewed,,"Official personal CV, institutional profile, ORCID, then official proceedings or publisher metadata",2026-03-05T23:00:00+01:00,0,not_started,
cai_9tizu5,jiha jang,Seoul National University,KOREAN_UNIVERSITY_GRAD_SCIENCE_INSTITUTE,1,5643,HyFL-CLIP: Hyperbolic Fine-Tuning of CLIP for Robust Long-Context Understanding,unreviewed,,"Official personal CV, institutional profile, ORCID, then official proceedings or publisher metadata",2026-03-05T23:00:00+01:00,0,not_started,
cai_1lf0emb,Jiho Choi,Korea Advanced Institute of Science and Technology,KOREAN_UNIVERSITY_GRAD_SCIENCE_INSTITUTE,1,5231,Dense Reward for Multi-View 3D Reasoning with Global Maps and Local Views,unreviewed,,"Official personal CV, institutional profile, ORCID, then official proceedings or publisher metadata",2026-03-05T23:00:00+01:00,0,not_started,
cai_1nt9dwz,JIHO JANG,SEOUL NATIONAL UNIVERSITY,KOREAN_UNIVERSITY_GRAD_SCIENCE_INSTITUTE,1,3625,Multi-dimensional Preference Alignment by Conditioning Reward Itself,unreviewed,,"Official personal CV, institutional profile, ORCID, then official proceedings or publisher metadata",2026-03-05T23:00:00+01:00,0,not_started,
cai_1dfrfb7,Jihyun Lee,Sung Kyun Kwan University,KOREAN_UNIVERSITY_GRAD_SCIENCE_INSTITUTE,1,5215,Mitigating Modality and Language-Style Gaps for Zero-Shot Video Moment Retrieval,unreviewed,,"Official personal CV, institutional profile, ORCID, then official proceedings or publisher metadata",2026-03-05T23:00:00+01:00,0,not_started,
cai_1672kz7,Jin Hong,Chung-Ang University,KOREAN_UNIVERSITY_GRAD_SCIENCE_INSTITUTE,1,4432,C3ASD: Multi-Level Consistency-Driven Representation Learning for Robust Active Speaker Detection,unreviewed,,"Official personal CV, institutional profile, ORCID, then official proceedings or publisher metadata",2026-03-05T23:00:00+01:00,0,not_started,
cai_1qjkno1,Jinhee Park,Korea Electronics Technology Institute; Chung-Ang University,KOREAN_RESEARCH_INSTITUTE,1,5164,R2M: Real-Aware Residual Model Merging for Robust and Generalizable Deepfake Detection,unreviewed,,"Official personal CV, institutional profile, ORCID, then official proceedings or publisher metadata",2026-03-05T23:00:00+01:00,0,not_started,
cai_1849jvr,Jinho Kim,Yonsei University,KOREAN_UNIVERSITY_GRAD_SCIENCE_INSTITUTE,1,4299,Dual-Output Multi-Exposure HDR Reconstruction via SDR Fusion and Gain Map Inverse Tone Mapping,unreviewed,,"Official personal CV, institutional profile, ORCID, then official proceedings or publisher metadata",2026-03-05T23:00:00+01:00,0,not_started,
cai_1of1kd,Jinhwan Seo,KAIST,KOREAN_UNIVERSITY_GRAD_SCIENCE_INSTITUTE,1,3157,What You Ask is What You Ground: Bridging Question Intent to Temporal Evidence for Grounded VideoQA,unreviewed,,"Official personal CV, institutional profile, ORCID, then official proceedings or publisher metadata",2026-03-05T23:00:00+01:00,0,not_started,
cai_1018n5o,Jini Yang,KAIST AI,KOREAN_UNIVERSITY_GRAD_SCIENCE_INSTITUTE,1,3139,TETO: Tracking Events with Teacher Observation for Motion Estimation and Frame Interpolation,unreviewed,,"Official personal CV, institutional profile, ORCID, then official proceedings or publisher metadata",2026-03-05T23:00:00+01:00,0,not_started,
cai_c38ddw,Jinkyu Kim,Seoul National University,KOREAN_UNIVERSITY_GRAD_SCIENCE_INSTITUTE,1,5175,D2PO: Optimizing Diffusion Samplers via Dynamic Preference,unreviewed,,"Official personal CV, institutional profile, ORCID, then official proceedings or publisher metadata",2026-03-05T23:00:00+01:00,0,not_started,
cai_1g0eg9d,Jinnyeong Kim,POSTECH,KOREAN_UNIVERSITY_GRAD_SCIENCE_INSTITUTE,1,5101,Depth-guided Multi-view Exposure Bracketing for HDR Robot Vision,unreviewed,,"Official personal CV, institutional profile, ORCID, then official proceedings or publisher metadata",2026-03-05T23:00:00+01:00,0,not_started,
cai_jnhf9l,Jinsoo Park,POSTECH,KOREAN_UNIVERSITY_GRAD_SCIENCE_INSTITUTE,1,5571,Diversity-Aware View Partitioning for Scalable VGGT,unreviewed,,"Official personal CV, institutional profile, ORCID, then official proceedings or publisher metadata",2026-03-05T23:00:00+01:00,0,not_started,
cai_6vguok,Jinwoo Chung,Kookmin University,KOREAN_UNIVERSITY_GRAD_SCIENCE_INSTITUTE,1,5539,TAQ: Static-Deployable Temporal-Aware Quantization for Real-World Video Super-Resolution,unreviewed,,"Official personal CV, institutional profile, ORCID, then official proceedings or publisher metadata",2026-03-05T23:00:00+01:00,0,not_started,
cai_17oxlre,Jinwoo Jang,Sungkyunkwan University,KOREAN_UNIVERSITY_GRAD_SCIENCE_INSTITUTE,1,5948,Multi-scale Mixture of World Models for Embodied Agents in Evolving Environments,unreviewed,,"Official personal CV, institutional profile, ORCID, then official proceedings or publisher metadata",2026-03-05T23:00:00+01:00,0,not_started,
cai_oifae6,Jinwook Jung,Hanyang University,KOREAN_UNIVERSITY_GRAD_SCIENCE_INSTITUTE,1,3618,Learning to Recover Task Experts from a Multi-Task Merged Model,unreviewed,,"Official personal CV, institutional profile, ORCID, then official proceedings or publisher metadata",2026-03-05T23:00:00+01:00,0,not_started,
cai_rkv24,Jisung Hwang,KAIST,KOREAN_UNIVERSITY_GRAD_SCIENCE_INSTITUTE,1,3859,NoiseTilt: Noise-Tilted Reverse Kernels for Diffusion Reward Alignment,unreviewed,,"Official personal CV, institutional profile, ORCID, then official proceedings or publisher metadata",2026-03-05T23:00:00+01:00,0,not_started,
cai_7f522b,Jiun Lee,Aimfuture,KOREAN_COMPANY,1,4274,SubSplat: High-Resolution Pixel-aligned 3DGS via Sub-pixel Gaussian Reparameterization,unreviewed,,"Official personal CV, institutional profile, ORCID, then official proceedings or publisher metadata",2026-03-05T23:00:00+01:00,0,not_started,
cai_1p4v3g5,Jiwan Kim,KAIST,KOREAN_UNIVERSITY_GRAD_SCIENCE_INSTITUTE,1,5552,Why and When Visual Token Pruning Fails? A Study on Relevant Visual Information Shift in MLLMs Decoding,unreviewed,,"Official personal CV, institutional profile, ORCID, then official proceedings or publisher metadata",2026-03-05T23:00:00+01:00,0,not_started,
cai_1re1s4r,Jiwon Kang,KAIST AI,KOREAN_UNIVERSITY_GRAD_SCIENCE_INSTITUTE,1,3137,Transferability Between Understanding and Generation in Unified Multimodal Models,unreviewed,,"Official personal CV, institutional profile, ORCID, then official proceedings or publisher metadata",2026-03-05T23:00:00+01:00,0,not_started,
cai_1e07dad,Jiwon Kim,Seoul National University,KOREAN_UNIVERSITY_GRAD_SCIENCE_INSTITUTE,1,4822,WARP: Wide Attention with Rich Projections for Image Super-Resolution,unreviewed,,"Official personal CV, institutional profile, ORCID, then official proceedings or publisher metadata",2026-03-05T23:00:00+01:00,0,not_started,
cai_ua9szx,Jiyeong Kim,Ewha W. University,KOREAN_UNIVERSITY_GRAD_SCIENCE_INSTITUTE,1,4741,Enhancing Alignment for Unified Multimodal Models via Semantically-Grounded Supervision,unreviewed,,"Official personal CV, institutional profile, ORCID, then official proceedings or publisher metadata",2026-03-05T23:00:00+01:00,0,not_started,
cai_1hl1vuh,Jiyong Boo,Korea Advanced Institute of Science & Technology,KOREAN_UNIVERSITY_GRAD_SCIENCE_INSTITUTE,1,5119,HSDF-Lane: Height-Aligned Signed Distance Field with Semantic Lane Prior for 3D Lane Detection,unreviewed,,"Official personal CV, institutional profile, ORCID, then official proceedings or publisher metadata",2026-03-05T23:00:00+01:00,0,not_started,
cai_fw6dki,Jiyoung Park,Kyung Hee University,KOREAN_UNIVERSITY_GRAD_SCIENCE_INSTITUTE,1,3949,Different Changes Require Different Reasoning: Change-Type-Specialized Experts for Robust Change Captioning,unreviewed,,"Official personal CV, institutional profile, ORCID, then official proceedings or publisher metadata",2026-03-05T23:00:00+01:00,0,not_started,
cai_5n2beb,Jiyun Im,Sung Kyun Kwan University,KOREAN_UNIVERSITY_GRAD_SCIENCE_INSTITUTE,1,4810,White Aggregation and Restoration for Few-shot 3D Point Cloud Semantic Segmentation,unreviewed,,"Official personal CV, institutional profile, ORCID, then official proceedings or publisher metadata",2026-03-05T23:00:00+01:00,0,not_started,
cai_14o5u5o,Jonghun Kim,Sungkyunkwan University,KOREAN_UNIVERSITY_GRAD_SCIENCE_INSTITUTE,1,3287,Posterior Samplings are Missing Modalities Generators for Medical Image Translation,unreviewed,,"Official personal CV, institutional profile, ORCID, then official proceedings or publisher metadata",2026-03-05T23:00:00+01:00,0,not_started,
cai_1cwcdyg,Jonghyun Kim,LG Electronics,KOREAN_COMPANY,1,4276,Single-Query Person-Centric Bimanual Hand-Object Interaction Detection,unreviewed,,"Official personal CV, institutional profile, ORCID, then official proceedings or publisher metadata",2026-03-05T23:00:00+01:00,0,not_started,
cai_g2e1q9,Jonghyun Park,Seoul National University,KOREAN_UNIVERSITY_GRAD_SCIENCE_INSTITUTE,1,4363,Attention Misses Visual Risk: Risk-Adaptive Steering for Multimodal Safety Alignment,unreviewed,,"Official personal CV, institutional profile, ORCID, then official proceedings or publisher metadata",2026-03-05T23:00:00+01:00,0,not_started,
cai_epucdv,Jongoh Jeong,KAIST,KOREAN_UNIVERSITY_GRAD_SCIENCE_INSTITUTE,1,4352,Rank-Aware Hyperbolic Alignment for Vision–Language Dataset Distillation,unreviewed,,"Official personal CV, institutional profile, ORCID, then official proceedings or publisher metadata",2026-03-05T23:00:00+01:00,0,not_started,
cai_skq83z,Jongyeop Hyun,Pohang University of Science and Technology,KOREAN_UNIVERSITY_GRAD_SCIENCE_INSTITUTE,1,5677,SPLIT: Training-Free AI-Generated and Partially Edited Video Detection via Spatial Patch‑Level Incoherence and Temporal Roughness,unreviewed,,"Official personal CV, institutional profile, ORCID, then official proceedings or publisher metadata",2026-03-05T23:00:00+01:00,0,not_started,
cai_174cqdx,Joo Young Choi,KRAFTON,KOREAN_COMPANY,1,5296,"Every Dog Has Its Day, Probably: A Balanced Synthetic Benchmark and Probabilistic Modeling for 3D Dog Pose Estimation",unreviewed,,"Official personal CV, institutional profile, ORCID, then official proceedings or publisher metadata",2026-03-05T23:00:00+01:00,0,not_started,
cai_1oogw60,Joonkyu Park,Seoul National University,KOREAN_UNIVERSITY_GRAD_SCIENCE_INSTITUTE,1,3767,Learning to Corrupt for Better Restoration,unreviewed,,"Official personal CV, institutional profile, ORCID, then official proceedings or publisher metadata",2026-03-05T23:00:00+01:00,0,not_started,
cai_19ar351,Jooyeol Yun,Korea Advanced Institute of Science and Technology,KOREAN_UNIVERSITY_GRAD_SCIENCE_INSTITUTE,1,3480,ReDesign: Recovering Editable Design Structures from Raster Images via Agentic Decomposition,unreviewed,,"Official personal CV, institutional profile, ORCID, then official proceedings or publisher metadata",2026-03-05T23:00:00+01:00,0,not_started,
cai_10csqcn,Jouwon Song,LG Corporation,KOREAN_COMPANY,1,5909,Structured Redundancy Modeling for Efficient Visual Token Pruning in High-Resolution MLLMs,unreviewed,,"Official personal CV, institutional profile, ORCID, then official proceedings or publisher metadata",2026-03-05T23:00:00+01:00,0,not_started,
cai_emre,Jun-Sang YOO,Korea University,KOREAN_UNIVERSITY_GRAD_SCIENCE_INSTITUTE,1,3303,MASS: Motion-Aligned Selective Scan for Flow-Based Video Frame Interpolation,unreviewed,,"Official personal CV, institutional profile, ORCID, then official proceedings or publisher metadata",2026-03-05T23:00:00+01:00,0,not_started,
cai_l5wc63,Junah Jung,Seoul National University College of Medicine; Seoul National University College of Medicine,KOREAN_UNIVERSITY_GRAD_SCIENCE_INSTITUTE,1,3699,CS-TTA: Preserving Concept Sensitivity in Test-Time Adaptation,unreviewed,,"Official personal CV, institutional profile, ORCID, then official proceedings or publisher metadata",2026-03-05T23:00:00+01:00,0,not_started,
cai_9jiqs9,Jungmyung Wi,Korea University,KOREAN_UNIVERSITY_GRAD_SCIENCE_INSTITUTE,1,5063,Correlation-Weighted Multi-Reward Optimization for Compositional Generation,unreviewed,,"Official personal CV, institutional profile, ORCID, then official proceedings or publisher metadata",2026-03-05T23:00:00+01:00,0,not_started,
cai_1f5a4rn,Jungsu Kim,Yonsei University,KOREAN_UNIVERSITY_GRAD_SCIENCE_INSTITUTE,1,4335,HiChor: Hierarchical Choreography Generation from Pop Music with Choreographic Primitives,unreviewed,,"Official personal CV, institutional profile, ORCID, then official proceedings or publisher metadata",2026-03-05T23:00:00+01:00,0,not_started,
cai_828p7g,jungu cho,CJ AI center; Gwangju Institute of Science and Technology,KOREAN_COMPANY_AND_ACADEMIC,1,5093,From Script to Shot: A Benchmark for Grounding Screenplays in Movies,unreviewed,,"Official personal CV, institutional profile, ORCID, then official proceedings or publisher metadata",2026-03-05T23:00:00+01:00,0,not_started,
cai_7i9zpd,Jungyong Son,Hanyang Universty,KOREAN_UNIVERSITY_GRAD_SCIENCE_INSTITUTE,1,4341,Training-Free Task Classification for Multi-Task Model Merging,unreviewed,,"Official personal CV, institutional profile, ORCID, then official proceedings or publisher metadata",2026-03-05T23:00:00+01:00,0,not_started,
cai_f92iuw,Junha Kim,Hanyang University,KOREAN_UNIVERSITY_GRAD_SCIENCE_INSTITUTE,1,5103,High-Resolution Artwork Outpainting with Global Blueprint Guidance and Layout Control,unreviewed,,"Official personal CV, institutional profile, ORCID, then official proceedings or publisher metadata",2026-03-05T23:00:00+01:00,0,not_started,
cai_1d1f4lw,Junha Lee,South Korea,KOREA_LOCATION_DECLARED_UNSPECIFIED_INSTITUTION,1,4336,AffoGato: Open-Vocabulary Affordance Grounding with Automated Data Generation at Scale,unreviewed,,"Official personal CV, institutional profile, ORCID, then official proceedings or publisher metadata",2026-03-05T23:00:00+01:00,0,not_started,
cai_xyxncm,Junoh Lee,GIST,KOREAN_UNIVERSITY_GRAD_SCIENCE_INSTITUTE,1,4602,Relaxed Rigidity with Ray-based Grouping for Dynamic Gaussian Splatting,unreviewed,,"Official personal CV, institutional profile, ORCID, then official proceedings or publisher metadata",2026-03-05T23:00:00+01:00,0,not_started,
cai_131dxvq,Junseong Shin,Hanyang University,KOREAN_UNIVERSITY_GRAD_SCIENCE_INSTITUTE,1,5668,PRISM: Latent Composition Consistency for Single-Image Reflection Removal,unreviewed,,"Official personal CV, institutional profile, ORCID, then official proceedings or publisher metadata",2026-03-05T23:00:00+01:00,0,not_started,
cai_726siz,Junyoung Seo,KAIST,KOREAN_UNIVERSITY_GRAD_SCIENCE_INSTITUTE,1,4936,Grounding World Simulation Models in a Real-World Metropolis,unreviewed,,"Official personal CV, institutional profile, ORCID, then official proceedings or publisher metadata",2026-03-05T23:00:00+01:00,0,not_started,
cai_jsekvg,Juyong Lee,Chung-Ang University,KOREAN_UNIVERSITY_GRAD_SCIENCE_INSTITUTE,1,4330,Rethinking Detection Calibration: A Coordinate Perspective,unreviewed,,"Official personal CV, institutional profile, ORCID, then official proceedings or publisher metadata",2026-03-05T23:00:00+01:00,0,not_started,
cai_ycply5,Kang Eun Jeon,DGIST,KOREAN_UNIVERSITY_GRAD_SCIENCE_INSTITUTE,1,4410,R-ESC: Robustly Erasing Space Concepts via Stochastic Feature Remapping,unreviewed,,"Official personal CV, institutional profile, ORCID, then official proceedings or publisher metadata",2026-03-05T23:00:00+01:00,0,not_started,
cai_176x63n,Kang MinSeok,Chung-Ang University,KOREAN_UNIVERSITY_GRAD_SCIENCE_INSTITUTE,1,5854,Prune Once: Retraining-Free Task-Agnostic Pruning for Vision-Language Models,unreviewed,,"Official personal CV, institutional profile, ORCID, then official proceedings or publisher metadata",2026-03-05T23:00:00+01:00,0,not_started,
cai_igfx9k,Kangmin Seo,Sungkyunkwan University,KOREAN_UNIVERSITY_GRAD_SCIENCE_INSTITUTE,1,5368,Improving Sparse-View 3DGS Generalization via Flat Minima Optimization,unreviewed,,"Official personal CV, institutional profile, ORCID, then official proceedings or publisher metadata",2026-03-05T23:00:00+01:00,0,not_started,
cai_ql2vg6,Keonhee Park,"Vision and Learning Lab, Seoul National University",KOREAN_UNIVERSITY_GRAD_SCIENCE_INSTITUTE,1,5258,SiGMA: Sign-Guided Merging and Adaptation framework for Multimodal Continual Instruction Tuning,unreviewed,,"Official personal CV, institutional profile, ORCID, then official proceedings or publisher metadata",2026-03-05T23:00:00+01:00,0,not_started,
cai_thbfl0,Kibum Kim,KAIST,KOREAN_UNIVERSITY_GRAD_SCIENCE_INSTITUTE,1,5652,Sink-Token-Aware Pruning for Fine-Grained Video Understanding in Efficient Video LLMs,unreviewed,,"Official personal CV, institutional profile, ORCID, then official proceedings or publisher metadata",2026-03-05T23:00:00+01:00,0,not_started,
cai_1dl94c2,Kihyun Na,Handong Global University,KOREAN_UNIVERSITY_GRAD_SCIENCE_INSTITUTE,1,4096,"Rethinking Garment Conditioning in Diffusion-based Virtual Try-On: Decouple, Don't Denoise",unreviewed,,"Official personal CV, institutional profile, ORCID, then official proceedings or publisher metadata",2026-03-05T23:00:00+01:00,0,not_started,
cai_qkmdou,Kim Jun-Seong,Pohang University of Science and Technology (POSTECH),KOREAN_UNIVERSITY_GRAD_SCIENCE_INSTITUTE,1,3511,SA-ResGS: Self-Augmented Residual 3D Gaussian Splatting for Next Best View Selection,unreviewed,,"Official personal CV, institutional profile, ORCID, then official proceedings or publisher metadata",2026-03-05T23:00:00+01:00,0,not_started,
cai_nnq0gi,KunHo Heo,Kyung Hee University,KOREAN_UNIVERSITY_GRAD_SCIENCE_INSTITUTE,1,5171,Rethinking Prototype-based Similarity Learning for Few-Shot Object Detection,unreviewed,,"Official personal CV, institutional profile, ORCID, then official proceedings or publisher metadata",2026-03-05T23:00:00+01:00,0,not_started,
cai_17clweh,Kwonyoung Ryu,Pohang University of Science and Technology,KOREAN_UNIVERSITY_GRAD_SCIENCE_INSTITUTE,1,5627,Extending a Large View Synthesis Model for Multi-view Panoptic Segmentation,unreviewed,,"Official personal CV, institutional profile, ORCID, then official proceedings or publisher metadata",2026-03-05T23:00:00+01:00,0,not_started,
cai_xcjd2a,Kyeongmo Chae,Kyungpook National University,KOREAN_UNIVERSITY_GRAD_SCIENCE_INSTITUTE,1,5107,Distribution-Alignment Bridge for Uncertainty-Aware Text-to-Video Retrieval,unreviewed,,"Official personal CV, institutional profile, ORCID, then official proceedings or publisher metadata",2026-03-05T23:00:00+01:00,0,not_started,
cai_15hmn5b,Kyobin Choo,Yonsei University,KOREAN_UNIVERSITY_GRAD_SCIENCE_INSTITUTE,1,4226,QWERTY: Training-Free Motion Control via Query-Warped Video Diffusion Transformers,unreviewed,,"Official personal CV, institutional profile, ORCID, then official proceedings or publisher metadata",2026-03-05T23:00:00+01:00,0,not_started,
cai_ulv5l2,Kyoleen Kwak,Kyung Hee University,KOREAN_UNIVERSITY_GRAD_SCIENCE_INSTITUTE,1,4656,Geometry-Preserving in 3D Gaussian Splatting for LiDAR-Camera Extrinsic Calibration,unreviewed,,"Official personal CV, institutional profile, ORCID, then official proceedings or publisher metadata",2026-03-05T23:00:00+01:00,0,not_started,
cai_7x33y1,Kyuan Oh,Chung-Ang University,KOREAN_UNIVERSITY_GRAD_SCIENCE_INSTITUTE,1,4172,AnchorPrune: Relevance-Anchored Contextual Expansion for Visual Token Pruning,unreviewed,,"Official personal CV, institutional profile, ORCID, then official proceedings or publisher metadata",2026-03-05T23:00:00+01:00,0,not_started,
cai_ruido7,Kyungmin Min,Seoul National University,KOREAN_UNIVERSITY_GRAD_SCIENCE_INSTITUTE,1,5761,ReflectCAP: Detailed Image Captioning with Reflective Memory,unreviewed,,"Official personal CV, institutional profile, ORCID, then official proceedings or publisher metadata",2026-03-05T23:00:00+01:00,0,not_started,
cai_og1gaa,Kyusik Cho,Yonsei University,KOREAN_UNIVERSITY_GRAD_SCIENCE_INSTITUTE,1,4329,Environmental Change Detection for Real-World Change Analysis,unreviewed,,"Official personal CV, institutional profile, ORCID, then official proceedings or publisher metadata",2026-03-05T23:00:00+01:00,0,not_started,
cai_wmhgsr,Kyuwon Kim,KAIST,KOREAN_UNIVERSITY_GRAD_SCIENCE_INSTITUTE,1,5880,SPECSIA: Stylization Dataset for Novel-View Enhancement in Drawing-based 3D Animation,unreviewed,,"Official personal CV, institutional profile, ORCID, then official proceedings or publisher metadata",2026-03-05T23:00:00+01:00,0,not_started,
cai_1ai4ln6,Mansoo Jung,Seoul National University,KOREAN_UNIVERSITY_GRAD_SCIENCE_INSTITUTE,1,4612,MixTTA: Low-Rank Cross-Channel Mixing for Reliable Test-Time Adaptation,unreviewed,,"Official personal CV, institutional profile, ORCID, then official proceedings or publisher metadata",2026-03-05T23:00:00+01:00,0,not_started,
cai_18cbfg7,Min Hyeok Bang,Jeonbuk National University,KOREAN_UNIVERSITY_GRAD_SCIENCE_INSTITUTE,1,4174,Geometry-Aware Style Transfer in 3D Gaussian Splatting,unreviewed,,"Official personal CV, institutional profile, ORCID, then official proceedings or publisher metadata",2026-03-05T23:00:00+01:00,0,not_started,
cai_19cht8g,Min-Jung Kim,KAIST,KOREAN_UNIVERSITY_GRAD_SCIENCE_INSTITUTE,1,4255,Infinite-Homography as Robust Conditioning for Camera-Controlled Video Generation,unreviewed,,"Official personal CV, institutional profile, ORCID, then official proceedings or publisher metadata",2026-03-05T23:00:00+01:00,0,not_started,
cai_llao67,Min-Su Park,Sung Kyun Kwan University; Sung Kyun Kwan University,KOREAN_UNIVERSITY_GRAD_SCIENCE_INSTITUTE,1,5724,MagnetGS-Mesh: High-Quality Multi-Object Mesh Reconstruction via Adaptive Surface Optimization,unreviewed,,"Official personal CV, institutional profile, ORCID, then official proceedings or publisher metadata",2026-03-05T23:00:00+01:00,0,not_started,
cai_1avphu5,Mingi Kim,Chungnam National University,KOREAN_UNIVERSITY_GRAD_SCIENCE_INSTITUTE,1,4696,BrepCoder: A Unified Multimodal Large Language Model for Multi-task B-rep Reasoning,unreviewed,,"Official personal CV, institutional profile, ORCID, then official proceedings or publisher metadata",2026-03-05T23:00:00+01:00,0,not_started,
cai_1s3524l,Mingi Kwon,Yonsei University,KOREAN_UNIVERSITY_GRAD_SCIENCE_INSTITUTE,1,5470,JAM-Flow: Joint Audio-Motion Synthesis with Flow Matching,resolved,https://sites.google.com/view/mingikwon,"Official personal CV, institutional profile, ORCID, then official proceedings or publisher metadata",2026-03-05T23:00:00+01:00,1,identity_resolved_prior_work_incomplete,The homepage identifies multiple first-or-co-first papers but does not by itself distinguish author order. At least one earlier eligible first-listed ECCV paper is independently confirmed; exhaustive first-listed count remains pending.
cai_lgn1f2,Mingue Park,Korea Advanced Institute of Science & Technology,KOREAN_UNIVERSITY_GRAD_SCIENCE_INSTITUTE,1,4304,DiverseVAR: Balancing Diversity and Quality of Next-Scale Visual Autoregressive Models,unreviewed,,"Official personal CV, institutional profile, ORCID, then official proceedings or publisher metadata",2026-03-05T23:00:00+01:00,0,not_started,
cai_10q2myd,Mingyeong Song,Ewha Women's University,KOREAN_UNIVERSITY_GRAD_SCIENCE_INSTITUTE,1,5007,JointHOI: Jointly Generating Contact Maps Enhances Hand Object Interaction Generation,unreviewed,,"Official personal CV, institutional profile, ORCID, then official proceedings or publisher metadata",2026-03-05T23:00:00+01:00,0,not_started,
cai_1c6rbs6,Minh Son Hoang,Korea Advanced Institute of Science & Technology,KOREAN_UNIVERSITY_GRAD_SCIENCE_INSTITUTE,1,4909,FreqOrtho-SR: Frequency-Guided Orthogonal Expert Learning for Real-World Image Super-Resolution,unreviewed,,"Official personal CV, institutional profile, ORCID, then official proceedings or publisher metadata",2026-03-05T23:00:00+01:00,0,not_started,
cai_1h8liem,Minh-Quan Bui,Korea Advanced Institute of Science & Technology,KOREAN_UNIVERSITY_GRAD_SCIENCE_INSTITUTE,1,3540,AirSplat: Alignment and Rating for Robust Feed-Forward 3D Gaussian Splatting,unreviewed,,"Official personal CV, institutional profile, ORCID, then official proceedings or publisher metadata",2026-03-05T23:00:00+01:00,0,not_started,
cai_zrrap3,Minjoon Jung,Seoul National University,KOREAN_UNIVERSITY_GRAD_SCIENCE_INSTITUTE,1,3203,EgoExo-Con: Exploring View-Invariant Video Temporal Understanding,unreviewed,,"Official personal CV, institutional profile, ORCID, then official proceedings or publisher metadata",2026-03-05T23:00:00+01:00,0,not_started,
cai_1klag93,Minjun Kang,KAIST,KOREAN_UNIVERSITY_GRAD_SCIENCE_INSTITUTE,1,3876,GeoNVS: Geometry Grounded Video Diffusion for Novel View Synthesis,unreviewed,,"Official personal CV, institutional profile, ORCID, then official proceedings or publisher metadata",2026-03-05T23:00:00+01:00,0,not_started,
cai_1gi6tzf,Minkuk Kim,Kyung Hee University,KOREAN_UNIVERSITY_GRAD_SCIENCE_INSTITUTE,1,4667,ReQuest: Rethinking-based Question-Aware Frame Selection for Long-Form Video QA,unreviewed,,"Official personal CV, institutional profile, ORCID, then official proceedings or publisher metadata",2026-03-05T23:00:00+01:00,0,not_started,
cai_xaq0nr,MINSEOK KANG,Yonsei University,KOREAN_UNIVERSITY_GRAD_SCIENCE_INSTITUTE,1,5209,Revisiting Weakly-Supervised Video Scene Graph Generation via Pair Affinity Learning,unreviewed,,"Official personal CV, institutional profile, ORCID, then official proceedings or publisher metadata",2026-03-05T23:00:00+01:00,0,not_started,
cai_1nwybj5,Moonsoo Jeong,Sungkyunkwan University,KOREAN_UNIVERSITY_GRAD_SCIENCE_INSTITUTE,1,4346,SharpGS: Sharpness-Preserving 3D Gaussian Splatting with Differentiable Blur-Driven Density Control,unreviewed,,"Official personal CV, institutional profile, ORCID, then official proceedings or publisher metadata",2026-03-05T23:00:00+01:00,0,not_started,
cai_11z16or,Moonyeon Jeong,"Computer Vision Lab, University of Seoul",KOREAN_UNIVERSITY_GRAD_SCIENCE_INSTITUTE,1,3759,ViewSplat: View-Adaptive Dynamic Gaussian Splatting for Feed-Forward Synthesis,unreviewed,,"Official personal CV, institutional profile, ORCID, then official proceedings or publisher metadata",2026-03-05T23:00:00+01:00,0,not_started,
cai_1odzw09,MYOUNG-CHUL KIM,Kyung Hee University,KOREAN_UNIVERSITY_GRAD_SCIENCE_INSTITUTE,1,4744,CLUE-VAD: Structured Semantic Clues for Understanding Explainable Events in Video Anomaly Detection,unreviewed,,"Official personal CV, institutional profile, ORCID, then official proceedings or publisher metadata",2026-03-05T23:00:00+01:00,0,not_started,
cai_f1p5x0,Myungchul Kim,Korea Advanced Institute of Science & Technology,KOREAN_UNIVERSITY_GRAD_SCIENCE_INSTITUTE,1,4039,"ARGOS: Who, Where, and When in Agentic Multi-Camera Person Search",unreviewed,,"Official personal CV, institutional profile, ORCID, then official proceedings or publisher metadata",2026-03-05T23:00:00+01:00,0,not_started,
cai_gp25hv,Na Min An,KAIST AI,KOREAN_UNIVERSITY_GRAD_SCIENCE_INSTITUTE,1,3141,"Blind to Position, Biased in Language: Probing Mid-Layer Representational Bias in Vision-Language Encoders for Zero-Shot Language-Grounded Spatial Understanding",unreviewed,,"Official personal CV, institutional profile, ORCID, then official proceedings or publisher metadata",2026-03-05T23:00:00+01:00,0,not_started,
cai_1vksya3,Nahyuk Lee,POSTECH,KOREAN_UNIVERSITY_GRAD_SCIENCE_INSTITUTE,1,3567,TORA: Topological Representation Alignment for 3D Shape Assembly,unreviewed,,"Official personal CV, institutional profile, ORCID, then official proceedings or publisher metadata",2026-03-05T23:00:00+01:00,0,not_started,
cai_12doui9,Saad Wazir,"Korea Advanced Institute of Science & Technology (KAIST), Daejeon",KOREAN_UNIVERSITY_GRAD_SCIENCE_INSTITUTE,1,4399,MedCAGD: Context-Aware Gated Decoder for Robust Medical Image Segmentation,resolved,https://sites.google.com/view/saad-wazir?authuser=0,"Official personal CV, institutional profile, ORCID, then official proceedings or publisher metadata",2026-03-05T23:00:00+01:00,1,identity_resolved_prior_work_incomplete,At least one earlier eligible first-listed paper is verified. Exhaustive count still pending.
cai_1hqfvre,Sang-Hun Han,Gwangju Institute of Science and Technology,KOREAN_UNIVERSITY_GRAD_SCIENCE_INSTITUTE,1,4193,PIAvatar: Physically Interactive Avatars via Deformation Gradient Decoupling,unreviewed,,"Official personal CV, institutional profile, ORCID, then official proceedings or publisher metadata",2026-03-05T23:00:00+01:00,0,not_started,
cai_3zlwkk,Sanghyun Jo,OGQ,KOREAN_COMPANY,2,5267; 5373,EraseLoRA: MLLM-Driven Foreground Exclusion and Background Subtype Aggregation for Dataset-Free Object Removal || ISAC: Training-Free Instance-to-Semantic Attention Control for Multi-Instance Generation,unreviewed,,"Official personal CV, institutional profile, ORCID, then official proceedings or publisher metadata",2026-03-05T23:00:00+01:00,0,not_started,
cai_14mb7nm,Sangkyu Lee,Korea Institute of Science and Technology,KOREAN_RESEARCH_INSTITUTE,1,4249,Spanning Tree Autoregressive Visual Generation,unreviewed,,"Official personal CV, institutional profile, ORCID, then official proceedings or publisher metadata",2026-03-05T23:00:00+01:00,0,not_started,
cai_1cqvt79,Sangmin Han,LG Electronics,KOREAN_COMPANY,1,4269,LIIFusion: Coarse-to-fine Framework for Generative MEF via Implicit Neural Representation,unreviewed,,"Official personal CV, institutional profile, ORCID, then official proceedings or publisher metadata",2026-03-05T23:00:00+01:00,0,not_started,
cai_2jvtue,Sangmin Hong,Seoul National University,KOREAN_UNIVERSITY_GRAD_SCIENCE_INSTITUTE,1,5719,PrintAnything: Learning Geometric Plan Map for 3D Printing G-code Generation from Unoriented Point Clouds,unreviewed,,"Official personal CV, institutional profile, ORCID, then official proceedings or publisher metadata",2026-03-05T23:00:00+01:00,0,not_started,
cai_1t1e77d,Sangwon Baik,Seoul National University,KOREAN_UNIVERSITY_GRAD_SCIENCE_INSTITUTE,1,3785,Text-Guided 6D Object Pose Rearrangement via Closed-Loop VLM Agents,unreviewed,,"Official personal CV, institutional profile, ORCID, then official proceedings or publisher metadata",2026-03-05T23:00:00+01:00,0,not_started,
cai_1s7xdxh,Sangwoo (Jason) Jo,Korea University,KOREAN_UNIVERSITY_GRAD_SCIENCE_INSTITUTE,1,5358,Flow Straight to Reality: Perceptually Consistent Flow Matching for Efficient Image Restoration,unreviewed,,"Official personal CV, institutional profile, ORCID, then official proceedings or publisher metadata",2026-03-05T23:00:00+01:00,0,not_started,
cai_40wpfu,Sehyun Lee,KAIST (Korea Advanced Institute of Science and Technology),KOREAN_UNIVERSITY_GRAD_SCIENCE_INSTITUTE,1,5239,SPICE: Simple Polysemantic feature Interpretation via Clustering-based Explanations,unreviewed,,"Official personal CV, institutional profile, ORCID, then official proceedings or publisher metadata",2026-03-05T23:00:00+01:00,0,not_started,
cai_1bw2xeo,Seo-Yeon Choi,Jeonbuk National University,KOREAN_UNIVERSITY_GRAD_SCIENCE_INSTITUTE,1,5444,Semantic Line Diffusion: Character-Consistent Line Art from text-annotated Storyboards,unreviewed,,"Official personal CV, institutional profile, ORCID, then official proceedings or publisher metadata",2026-03-05T23:00:00+01:00,0,not_started,
cai_38vyss,Seohyun Lee,Kaist,KOREAN_UNIVERSITY_GRAD_SCIENCE_INSTITUTE,1,5813,VideoSearch-R1: Iterative Video Retrieval and Reasoning via Soft Query Refinement,unreviewed,,"Official personal CV, institutional profile, ORCID, then official proceedings or publisher metadata",2026-03-05T23:00:00+01:00,0,not_started,
cai_1u82pxo,Seok-Young Kim,KAIST,KOREAN_UNIVERSITY_GRAD_SCIENCE_INSTITUTE,1,3937,DepWorldSG: Depth-Aware 3D Semantic Scene Graph Generation via World-Model Priors,unreviewed,,"Official personal CV, institutional profile, ORCID, then official proceedings or publisher metadata",2026-03-05T23:00:00+01:00,0,not_started,
cai_mfsxnt,Seokha Moon,Korea University,KOREAN_UNIVERSITY_GRAD_SCIENCE_INSTITUTE,1,3241,Streaming Dense Voxel Representations for 3D Occupancy Prediction,unreviewed,,"Official personal CV, institutional profile, ORCID, then official proceedings or publisher metadata",2026-03-05T23:00:00+01:00,0,not_started,
cai_kh2ms1,Seokhee Jin,Pohang University of Science and Technology,KOREAN_UNIVERSITY_GRAD_SCIENCE_INSTITUTE,1,4284,AdaBoosting Text Prompts for Vision-Language Models,unreviewed,,"Official personal CV, institutional profile, ORCID, then official proceedings or publisher metadata",2026-03-05T23:00:00+01:00,0,not_started,
cai_mpz21o,Seokju Yun,KAIST AI,KOREAN_UNIVERSITY_GRAD_SCIENCE_INSTITUTE,1,4586,StAR: Segment Anything Reasoner,unreviewed,,"Official personal CV, institutional profile, ORCID, then official proceedings or publisher metadata",2026-03-05T23:00:00+01:00,0,not_started,
cai_xku1g9,SeokYeong Lee,Korea Advanced Institute of Science & Technology,KOREAN_UNIVERSITY_GRAD_SCIENCE_INSTITUTE,1,4690,PLOT: Pseudo-Labeling via Object Tracking for Monocular 3D Object Detection,unreviewed,,"Official personal CV, institutional profile, ORCID, then official proceedings or publisher metadata",2026-03-05T23:00:00+01:00,0,not_started,
cai_1yx3xks,Seonghak Lee,Chung-Ang University,KOREAN_UNIVERSITY_GRAD_SCIENCE_INSTITUTE,1,4747,URHead: A Unified UV-Space Representation for Joint Mesh–3DGS Optimization in Head Avatars,unreviewed,,"Official personal CV, institutional profile, ORCID, then official proceedings or publisher metadata",2026-03-05T23:00:00+01:00,0,not_started,
cai_19esvks,Seonghwan Park,Korea Electronics Technology Institute (KETI),KOREAN_RESEARCH_INSTITUTE,1,5630,Exploiting Local Flatness for Efficient Out-of-Distribution Detection,unreviewed,,"Official personal CV, institutional profile, ORCID, then official proceedings or publisher metadata",2026-03-05T23:00:00+01:00,0,not_started,
cai_1a61p0s,Seonghyun Jin,Korea Advanced Institute of Science & Technology,KOREAN_UNIVERSITY_GRAD_SCIENCE_INSTITUTE,1,4732,FILT3R: Latent State Adaptive Kalman Filter for Streaming 3D Reconstruction,unreviewed,,"Official personal CV, institutional profile, ORCID, then official proceedings or publisher metadata",2026-03-05T23:00:00+01:00,0,not_started,
cai_12g2vk1,Seongmin Jung,Seoul National University,KOREAN_UNIVERSITY_GRAD_SCIENCE_INSTITUTE,1,4323,PanoGrounder: Bridging 2D and 3D with Panoramic Scene Representations for VLM-based 3D Visual Grounding,unreviewed,,"Official personal CV, institutional profile, ORCID, then official proceedings or publisher metadata",2026-03-05T23:00:00+01:00,0,not_started,
cai_z352tg,Seongyu Kim,KAIST,KOREAN_UNIVERSITY_GRAD_SCIENCE_INSTITUTE,1,4376,See & Sniff: Learning Visuo-Olfactory Representations,unreviewed,,"Official personal CV, institutional profile, ORCID, then official proceedings or publisher metadata",2026-03-05T23:00:00+01:00,0,not_started,
cai_1b0qrk4,Seonho Lee,Sogang university,KOREAN_UNIVERSITY_GRAD_SCIENCE_INSTITUTE,1,5958,Remembering Across Blocks: Topology-Conditioned Block-Progressive Memory for Skeleton-Based Action Recognition,unreviewed,,"Official personal CV, institutional profile, ORCID, then official proceedings or publisher metadata",2026-03-05T23:00:00+01:00,0,not_started,
cai_10dcrrm,Seonmi Park,Gwangju Institute of Science and Technology,KOREAN_UNIVERSITY_GRAD_SCIENCE_INSTITUTE,1,3674,Bridging Online and Offline Handwriting via Differentiable Physical Rendering,unreviewed,,"Official personal CV, institutional profile, ORCID, then official proceedings or publisher metadata",2026-03-05T23:00:00+01:00,0,not_started,
cai_1j0rfa6,Seulgi Jeong,SNOW Corporation,KOREAN_COMPANY,1,5686,"H-Adapter: Pose-Robust Hairstyle Transfer via Attention-Derived, Source-Aligned Hair Masks",unreviewed,,"Official personal CV, institutional profile, ORCID, then official proceedings or publisher metadata",2026-03-05T23:00:00+01:00,0,not_started,
cai_1lzj1na,Seunghun Baek,Pohang University of Science and Technology (POSTECH),KOREAN_UNIVERSITY_GRAD_SCIENCE_INSTITUTE,1,3678,Residual-Guided Expert Specialization for Incomplete Multimodal Learning,unreviewed,,"Official personal CV, institutional profile, ORCID, then official proceedings or publisher metadata",2026-03-05T23:00:00+01:00,0,not_started,
cai_1e8w2lv,Seunghyeon Kim,POSTECH,KOREAN_UNIVERSITY_GRAD_SCIENCE_INSTITUTE,1,5152,Activation Quantization of Vision Encoders Needs Prefixing Registers,unreviewed,,"Official personal CV, institutional profile, ORCID, then official proceedings or publisher metadata",2026-03-05T23:00:00+01:00,0,not_started,
cai_hebl81,Seunghyun Shin,"AI Graduate School, Gwangju Institute of Science and Technology(GIST)",KOREAN_UNIVERSITY_GRAD_SCIENCE_INSTITUTE,1,3398,TriMotion: Modality-Agnostic Camera Control for Video Generation,unreviewed,,"Official personal CV, institutional profile, ORCID, then official proceedings or publisher metadata",2026-03-05T23:00:00+01:00,0,not_started,
cai_mphq7f,SeungJun Tak,Sungkyunkwan University,KOREAN_UNIVERSITY_GRAD_SCIENCE_INSTITUTE,1,3180,Real-Time LiDAR Gaussian Splatting SLAM via Geometry-Aware Covariance Coupling,unreviewed,,"Official personal CV, institutional profile, ORCID, then official proceedings or publisher metadata",2026-03-05T23:00:00+01:00,0,not_started,
cai_1itydzn,Seungyeon Lee,Kyungpook National University,KOREAN_UNIVERSITY_GRAD_SCIENCE_INSTITUTE,1,4769,Direct Preference Optimization for Perceptual Alignment via Vision-Language Consistency,unreviewed,,"Official personal CV, institutional profile, ORCID, then official proceedings or publisher metadata",2026-03-05T23:00:00+01:00,0,not_started,
cai_1nugdnl,Shingeon Kim,Seoul National University,KOREAN_UNIVERSITY_GRAD_SCIENCE_INSTITUTE,1,4093,STARLINC: Satellite Trail Artifact Removal using Inter-Frame Correlation,unreviewed,,"Official personal CV, institutional profile, ORCID, then official proceedings or publisher metadata",2026-03-05T23:00:00+01:00,0,not_started,
cai_3e36ya,Siwoo Lim,KAIST,KOREAN_UNIVERSITY_GRAD_SCIENCE_INSTITUTE,1,5791,TanGO: Training-Free 3D Editing via Tangent-Space Guidance and Optimization,unreviewed,,"Official personal CV, institutional profile, ORCID, then official proceedings or publisher metadata",2026-03-05T23:00:00+01:00,0,not_started,
cai_9kzriy,Sojung An,Korea University,KOREAN_UNIVERSITY_GRAD_SCIENCE_INSTITUTE,1,5809,LoCA: Spatially-Aware Low-Rank Convolutional Adaptation of Vision Foundation Models,unreviewed,,"Official personal CV, institutional profile, ORCID, then official proceedings or publisher metadata",2026-03-05T23:00:00+01:00,0,not_started,
cai_r6mnbm,Soobin Park,Sookmyung Women's University,KOREAN_UNIVERSITY_GRAD_SCIENCE_INSTITUTE,1,4816,SA-V2V: Training-Free Subject-Aware Video-to-Video Personalization,unreviewed,,"Official personal CV, institutional profile, ORCID, then official proceedings or publisher metadata",2026-03-05T23:00:00+01:00,0,not_started,
cai_12jd1n6,Soyeon Kim,"Korea Advanced Institute of Science and Technology (KAIST), INEEJI Corp.",KOREAN_COMPANY_AND_ACADEMIC,1,5647,Diffusion Integrated Gradients: Controllable Path Generation for Flexible Feature Attribution,unreviewed,,"Official personal CV, institutional profile, ORCID, then official proceedings or publisher metadata",2026-03-05T23:00:00+01:00,0,not_started,
cai_1q5lcj,Suhyeon Ha,KAIST,KOREAN_UNIVERSITY_GRAD_SCIENCE_INSTITUTE,1,4048,APT: Anchor-aligned Perturbations for Tamper Localization in Fully Regenerated Images,unreviewed,,"Official personal CV, institutional profile, ORCID, then official proceedings or publisher metadata",2026-03-05T23:00:00+01:00,0,not_started,
cai_1yvzovh,Sung-Hoon Yoon,Daegu Gyeongbuk Institute of Science and Technology,KOREAN_UNIVERSITY_GRAD_SCIENCE_INSTITUTE,1,3756,DINOde: Continuous Vision-Text Alignment for Open-Vocabulary Semantic Segmentation,unreviewed,,"Official personal CV, institutional profile, ORCID, then official proceedings or publisher metadata",2026-03-05T23:00:00+01:00,0,not_started,
cai_t65o4r,Sunggu Kyung,"Asan Medical Center, University of Ulsan",KOREAN_UNIVERSITY_OR_HOSPITAL,1,5301,Region-Aware Multimodal Large Language Model via SlowFast Tokenization and Pseudo-Mask Guidance for 3D CT Report Generation,unreviewed,,"Official personal CV, institutional profile, ORCID, then official proceedings or publisher metadata",2026-03-05T23:00:00+01:00,0,not_started,
cai_1wmyvnw,SungHun Kim,Korea University,KOREAN_UNIVERSITY_GRAD_SCIENCE_INSTITUTE,1,4713,Q-TriM: Question-Guided Tri-Modal Attention for Audio–Visual Question Answering,unreviewed,,"Official personal CV, institutional profile, ORCID, then official proceedings or publisher metadata",2026-03-05T23:00:00+01:00,0,not_started,
cai_11rcyvl,Sungjune Kim,Korea University,KOREAN_UNIVERSITY_GRAD_SCIENCE_INSTITUTE,1,3528,Path-level Hindsight Instructions for Semantic Exploration in Vision-Language Navigation,unreviewed,,"Official personal CV, institutional profile, ORCID, then official proceedings or publisher metadata",2026-03-05T23:00:00+01:00,0,not_started,
cai_1qjm8mt,Sungwoong Yune,KAIST,KOREAN_UNIVERSITY_GRAD_SCIENCE_INSTITUTE,1,5679,FastSTAR: Spatiotemporal Token Pruning for Efficient Autoregressive Video Synthesis,unreviewed,,"Official personal CV, institutional profile, ORCID, then official proceedings or publisher metadata",2026-03-05T23:00:00+01:00,0,not_started,
cai_r292ys,Sunyoung Jung,Yonsei University,KOREAN_UNIVERSITY_GRAD_SCIENCE_INSTITUTE,1,3621,Controlling Motion Transfer in Diffusion Transformers via Attention Heads,unreviewed,,"Official personal CV, institutional profile, ORCID, then official proceedings or publisher metadata",2026-03-05T23:00:00+01:00,0,not_started,
cai_hwa1vk,Suwoong Yeom,Sogang University,KOREAN_UNIVERSITY_GRAD_SCIENCE_INSTITUTE,1,5074,TRiGS: Temporal Rigid-Body Motion for Scalable 4D Gaussian Splatting,unreviewed,,"Official personal CV, institutional profile, ORCID, then official proceedings or publisher metadata",2026-03-05T23:00:00+01:00,0,not_started,
cai_1054qqb,Suyoung Yang,Yonsei University,KOREAN_UNIVERSITY_GRAD_SCIENCE_INSTITUTE,1,5723,Attention-Logit Steering to Compositional Generalization for Continual VQA,unreviewed,,"Official personal CV, institutional profile, ORCID, then official proceedings or publisher metadata",2026-03-05T23:00:00+01:00,0,not_started,
cai_1cjlfph,Taeho Kang,Seoul National University,KOREAN_UNIVERSITY_GRAD_SCIENCE_INSTITUTE,1,4552,Cross-View Yaw Estimation in Location Uncertainty with Line-Aligning Yaw Scoring,unreviewed,,"Official personal CV, institutional profile, ORCID, then official proceedings or publisher metadata",2026-03-05T23:00:00+01:00,0,not_started,
cai_kxnc4p,Taehoon Kim,Chung-Ang University,KOREAN_UNIVERSITY_GRAD_SCIENCE_INSTITUTE,1,4132,Preserving Knowledge across Space and Time for Continual Video Deepfake Detection,unreviewed,,"Official personal CV, institutional profile, ORCID, then official proceedings or publisher metadata",2026-03-05T23:00:00+01:00,0,not_started,
cai_1ek7qzh,Taehun Kong,LG Electronics,KOREAN_COMPANY,1,5016,STVFocus: Query-guided Spatio-Temporal Visual Focusing for Video LLMs,unreviewed,,"Official personal CV, institutional profile, ORCID, then official proceedings or publisher metadata",2026-03-05T23:00:00+01:00,0,not_started,
cai_pp6710,Taeryung Lee,Seoul National University,KOREAN_UNIVERSITY_GRAD_SCIENCE_INSTITUTE,1,4313,SIGNER: Temporally Grounded Sign Language Generation via Time-Resolved Conditioning,unreviewed,,"Official personal CV, institutional profile, ORCID, then official proceedings or publisher metadata",2026-03-05T23:00:00+01:00,0,not_started,
cai_1q7jif8,Taewon Seo,Daegu Gyeongbuk Institute of Science and Technology,KOREAN_UNIVERSITY_GRAD_SCIENCE_INSTITUTE,1,4845,Unified Prediction and Planning via Conflict-Aware Disjoint Parameter Training,unreviewed,,"Official personal CV, institutional profile, ORCID, then official proceedings or publisher metadata",2026-03-05T23:00:00+01:00,0,not_started,
cai_jh8r6a,Taewook Kang,Seoul National University,KOREAN_UNIVERSITY_GRAD_SCIENCE_INSTITUTE,1,4444,Domain Arithmetic: One-Shot VLA Adaptation under Environmental Shifts,unreviewed,,"Official personal CV, institutional profile, ORCID, then official proceedings or publisher metadata",2026-03-05T23:00:00+01:00,0,not_started,
cai_1s5beor,Taeyeon Kim,Korea Advanced Institute of Science & Technology,KOREAN_UNIVERSITY_GRAD_SCIENCE_INSTITUTE,1,4778,MorphGS: Morphology-Adaptive Articulated Motion Transfer from Videos,unreviewed,,"Official personal CV, institutional profile, ORCID, then official proceedings or publisher metadata",2026-03-05T23:00:00+01:00,0,not_started,
cai_wa4xuq,Tomislav Dobrički,Chung-Ang University,KOREAN_UNIVERSITY_GRAD_SCIENCE_INSTITUTE,1,3364,Source-Agnostic Image Translation Based on Latent Aware Adaptive Masking,unreviewed,,"Official personal CV, institutional profile, ORCID, then official proceedings or publisher metadata",2026-03-05T23:00:00+01:00,0,not_started,
cai_1ojpzxs,Wongyun Yu,POSTECH,KOREAN_UNIVERSITY_GRAD_SCIENCE_INSTITUTE,1,5090,WristMimic: Full-Body Humanoid Control with Wrist-Guided Manipulation,unreviewed,,"Official personal CV, institutional profile, ORCID, then official proceedings or publisher metadata",2026-03-05T23:00:00+01:00,0,not_started,
cai_3qeim2,Wonjin Cho,Seoul National University,KOREAN_UNIVERSITY_GRAD_SCIENCE_INSTITUTE,1,4699,Accurate Zero-shot Quantization via Hierarchical Teacher-Assistant Distillation,unreviewed,,"Official personal CV, institutional profile, ORCID, then official proceedings or publisher metadata",2026-03-05T23:00:00+01:00,0,not_started,
cai_1x65kxi,WonJun Moon,Sungkyunkwan University,KOREAN_UNIVERSITY_GRAD_SCIENCE_INSTITUTE,1,3321,Selective Synergistic Learning for Video Object-Centric Learning,unreviewed,,"Official personal CV, institutional profile, ORCID, then official proceedings or publisher metadata",2026-03-05T23:00:00+01:00,0,not_started,
cai_7bajau,Woo Jae Kim,Korea Advanced Institute of Science and Technology,KOREAN_UNIVERSITY_GRAD_SCIENCE_INSTITUTE,1,5012,RoME: Robust Mixture of Low-Rank Experts against Multiple Adversarial Perturbations,unreviewed,,"Official personal CV, institutional profile, ORCID, then official proceedings or publisher metadata",2026-03-05T23:00:00+01:00,0,not_started,
cai_6zg8qo,Wooseok Jang,Korea Advanced Institute of Science & Technology,KOREAN_UNIVERSITY_GRAD_SCIENCE_INSTITUTE,1,3136,Repurposing Geometric Foundation Models for Multi-view Diffusion,unreviewed,,"Official personal CV, institutional profile, ORCID, then official proceedings or publisher metadata",2026-03-05T23:00:00+01:00,0,not_started,
cai_1tvgayn,Xiangyu Sun,Sung Kyun Kwan University,KOREAN_UNIVERSITY_GRAD_SCIENCE_INSTITUTE,1,4942,Raymap-Guided Coupling for Drift-Robust Unposed Feed-Forward 3D Reconstruction,unreviewed,,"Official personal CV, institutional profile, ORCID, then official proceedings or publisher metadata",2026-03-05T23:00:00+01:00,0,not_started,
cai_9o9eef,Yeeun Choi,Yonsei University,KOREAN_UNIVERSITY_GRAD_SCIENCE_INSTITUTE,1,5468,Keep It Simple: Multi-Key Episodic Memory Retrieval for Ultra-Long Video Understanding,unreviewed,,"Official personal CV, institutional profile, ORCID, then official proceedings or publisher metadata",2026-03-05T23:00:00+01:00,0,not_started,
cai_jx2bx,Yeeun Seong,Korea Advanced Institute of Science & Technology,KOREAN_UNIVERSITY_GRAD_SCIENCE_INSTITUTE,1,4156,RainODE: Continuous-Time Precipitation Forecasting with Latent Neural ODEs,unreviewed,,"Official personal CV, institutional profile, ORCID, then official proceedings or publisher metadata",2026-03-05T23:00:00+01:00,0,not_started,
cai_14sbmjs,Yejee Shin,Yonsei University,KOREAN_UNIVERSITY_GRAD_SCIENCE_INSTITUTE,1,5224,Unified Multi-plane Autoregressive Diffusion for 3D Multi-Contrast MRI Synthesis,unreviewed,,"Official personal CV, institutional profile, ORCID, then official proceedings or publisher metadata",2026-03-05T23:00:00+01:00,0,not_started,
cai_1vznhth,Yeobin Hong,KAIST,KOREAN_UNIVERSITY_GRAD_SCIENCE_INSTITUTE,1,4456,InverseCrafter: Efficient Video ReCapture as a Latent Domain Inverse Problem,unreviewed,,"Official personal CV, institutional profile, ORCID, then official proceedings or publisher metadata",2026-03-05T23:00:00+01:00,0,not_started,
cai_zv9xh,Yeonghwan Song,GIST,KOREAN_UNIVERSITY_GRAD_SCIENCE_INSTITUTE,1,3308,Anti-Prompt: Image Protection against Text-Guided Image-to-Video Generation,unreviewed,,"Official personal CV, institutional profile, ORCID, then official proceedings or publisher metadata",2026-03-05T23:00:00+01:00,0,not_started,
cai_2nl7la,YeonGyu Han,Seoul National University Hospital,KOREAN_UNIVERSITY_OR_HOSPITAL,1,3700,DRPO: Disentangling Demographic Bias from Rewards for Fair Diffusion Alignment,unreviewed,,"Official personal CV, institutional profile, ORCID, then official proceedings or publisher metadata",2026-03-05T23:00:00+01:00,0,not_started,
cai_xr8msq,Yeonkyeong Lee,Kakao,KOREAN_COMPANY,1,5142,Keep-or-Drop? Adaptive Tokenizer for Compact Video Representation,unreviewed,,"Official personal CV, institutional profile, ORCID, then official proceedings or publisher metadata",2026-03-05T23:00:00+01:00,0,not_started,
cai_ghq2dv,Yeonwoo Cha,KAIST,KOREAN_UNIVERSITY_GRAD_SCIENCE_INSTITUTE,1,3225,Training-Free Refinement of Flow Matching with Divergence-based Sampling,unreviewed,,"Official personal CV, institutional profile, ORCID, then official proceedings or publisher metadata",2026-03-05T23:00:00+01:00,0,not_started,
cai_kvpogs,Yewon Han,Seoul National University,KOREAN_UNIVERSITY_GRAD_SCIENCE_INSTITUTE,1,4820,"Two Birds, One Projection: Harmonizing Safety and Utility in LVLMs via Inference-time Feature Projection",unreviewed,,"Official personal CV, institutional profile, ORCID, then official proceedings or publisher metadata",2026-03-05T23:00:00+01:00,0,not_started,
cai_5z4jk6,Yihalem Yimolal Tiruneh,Ulsan National Institute of Science and Technology,KOREAN_UNIVERSITY_GRAD_SCIENCE_INSTITUTE,1,3675,FlexiAvatar: Unified 3D Gaussian Human Avatars Under Arbitrary Body Visibility,unreviewed,,"Official personal CV, institutional profile, ORCID, then official proceedings or publisher metadata",2026-03-05T23:00:00+01:00,0,not_started,
cai_1q2hmkp,Yirum Kim,GIST,KOREAN_UNIVERSITY_GRAD_SCIENCE_INSTITUTE,1,4307,OP3DSG: Open-vocabulary Part-aware 3D Scene Graph Generation for Real-world Environments,unreviewed,,"Official personal CV, institutional profile, ORCID, then official proceedings or publisher metadata",2026-03-05T23:00:00+01:00,0,not_started,
cai_wf4ulq,YongHoon Kang,Sungkyunkwan University,KOREAN_UNIVERSITY_GRAD_SCIENCE_INSTITUTE,1,4293,Prevention over Correction: Learning Aligned Representations in One-shot Federated Learning,unreviewed,,"Official personal CV, institutional profile, ORCID, then official proceedings or publisher metadata",2026-03-05T23:00:00+01:00,0,not_started,
cai_9prqnf,Yoonhyung Park,Ewha Womans University,KOREAN_UNIVERSITY_GRAD_SCIENCE_INSTITUTE,1,5669,Wake up for Touch! Mask-isolated Tactile Alignment Learning in MLLMs,unreviewed,,"Official personal CV, institutional profile, ORCID, then official proceedings or publisher metadata",2026-03-05T23:00:00+01:00,0,not_started,
cai_tbnw12,Yoonseok Choi,Yonsei University,KOREAN_UNIVERSITY_GRAD_SCIENCE_INSTITUTE,1,3862,DRIFT: Difficulty-aware Rectified Flows for Through-plane MRI Super-Resolution,unreviewed,,"Official personal CV, institutional profile, ORCID, then official proceedings or publisher metadata",2026-03-05T23:00:00+01:00,0,not_started,
cai_1yvwds7,Youbin Kim,Sung Kyun Kwan University,KOREAN_UNIVERSITY_GRAD_SCIENCE_INSTITUTE,1,4759,Group3D: MLLM-Guided Semantic Grouping for Open-Vocabulary 3D Object Detection,unreviewed,,"Official personal CV, institutional profile, ORCID, then official proceedings or publisher metadata",2026-03-05T23:00:00+01:00,0,not_started,
cai_13hpuu3,Youngho Kim,Korea Advanced Institute of Science & Technology,KOREAN_UNIVERSITY_GRAD_SCIENCE_INSTITUTE,1,4118,GoStop: Reinforcement Learning for Adaptive Temporal Aggregation in Event-Based Feature Tracking,unreviewed,,"Official personal CV, institutional profile, ORCID, then official proceedings or publisher metadata",2026-03-05T23:00:00+01:00,0,not_started,
cai_14hrbwy,Youngjun Lee,KAIST,KOREAN_UNIVERSITY_GRAD_SCIENCE_INSTITUTE,1,5036,CURE: Cumulative Knowledge Reuse for Efficient Device-Server Hybrid Inference in Vision-Language Models,unreviewed,,"Official personal CV, institutional profile, ORCID, then official proceedings or publisher metadata",2026-03-05T23:00:00+01:00,0,not_started,
cai_112zspb,Youngsik Yun,Yonsei University,KOREAN_UNIVERSITY_GRAD_SCIENCE_INSTITUTE,1,3745,Do Flat Minima Improve Sparse Novel View Synthesis?,unreviewed,,"Official personal CV, institutional profile, ORCID, then official proceedings or publisher metadata",2026-03-05T23:00:00+01:00,0,not_started,
cai_uw6q6r,Youngwan Lee,ETRI,KOREAN_RESEARCH_INSTITUTE,1,5663,MultihopSpatial: Multi-hop Compositional Spatial Reasoning Benchmark for Vision-Language Model,unreviewed,,"Official personal CV, institutional profile, ORCID, then official proceedings or publisher metadata",2026-03-05T23:00:00+01:00,0,not_started,
cai_12ozdml,Yu-Ji Kim,POSTECH,KOREAN_UNIVERSITY_GRAD_SCIENCE_INSTITUTE,1,4036,Enhancing Embodied Reasoning and Grounding by Novel View Synthesis,unreviewed,,"Official personal CV, institutional profile, ORCID, then official proceedings or publisher metadata",2026-03-05T23:00:00+01:00,0,not_started,
cai_12hulj8,Yuhwan Jeong,KAIST,KOREAN_UNIVERSITY_GRAD_SCIENCE_INSTITUTE,1,3978,FrozenDrive: Zero-Shot Text-Guided Driving Scene Generation and Data Augmentation with Parameter-Free Frozen Diffusion Model,unreviewed,,"Official personal CV, institutional profile, ORCID, then official proceedings or publisher metadata",2026-03-05T23:00:00+01:00,0,not_started,
cai_4y45ro,Yujin Bae,Korea Advanced Institute of Science & Technology,KOREAN_UNIVERSITY_GRAD_SCIENCE_INSTITUTE,1,5287,Ego-Human Motion Prediction with 3D-Aware LLM,unreviewed,,"Official personal CV, institutional profile, ORCID, then official proceedings or publisher metadata",2026-03-05T23:00:00+01:00,0,not_started,
cai_1p4okou,Yunkyu Lee,POSTECH,KOREAN_UNIVERSITY_GRAD_SCIENCE_INSTITUTE,1,5065,CLDefocus: Physically Grounded Compound-Lens Defocus Blur Synthesis,unreviewed,,"Official personal CV, institutional profile, ORCID, then official proceedings or publisher metadata",2026-03-05T23:00:00+01:00,0,not_started,
cai_1f7fb09,Yunseo Yang,KAIST,KOREAN_UNIVERSITY_GRAD_SCIENCE_INSTITUTE,1,4019,PriSplat: Propagating Reliable Multi-view Information for Distractor-Free 3DGS,unreviewed,,"Official personal CV, institutional profile, ORCID, then official proceedings or publisher metadata",2026-03-05T23:00:00+01:00,0,not_started,
cai_19fod1y,Yunseok Yang,Jeonbuk National University,KOREAN_UNIVERSITY_GRAD_SCIENCE_INSTITUTE,1,4884,PDF-Omni: Poincaré Dual Disk Distortion Field-based Recurrent Update for Omnidirectional Stereo Matching,unreviewed,,"Official personal CV, institutional profile, ORCID, then official proceedings or publisher metadata",2026-03-05T23:00:00+01:00,0,not_started,
cai_1r1aqg,Yunsung Lee,Maum AI,KOREAN_COMPANY,1,4934,Not All Prediction Targets Keep Training-Free Diffusion Guidance on the Manifold,unreviewed,,"Official personal CV, institutional profile, ORCID, then official proceedings or publisher metadata",2026-03-05T23:00:00+01:00,0,not_started,
