canonical_organization,organization_country_code,organization_country_name,evidence_url,evidence_note
Roblox Corporation,US,United States,https://en.help.roblox.com/hc/en-us/articles/203313370-Roblox-Company-Information,"Roblox states its main headquarters are in San Mateo, California."
Roboflow Inc.,US,United States,https://roboflow.com/terms,"Roboflow terms identify Roboflow, Inc.; contact address is Des Moines, Iowa, and terms reference Delaware/United States law."
RoentGen Health,US,United States,https://www.roentgenhealth.com/,"Official site lists contact location San Francisco, CA."
Runway,US,United States,https://runway.com/big-pitch-contest/terms,"Official contest rules identify sponsor as Runway AI, Inc. and give New York, NY address."
SANY,CN,China,https://www.sanyglobal.com/contact_us/,"SANY official contact page lists global headquarters in Changsha, Hunan, China."
SF Technology,KR,South Korea,https://www.sftechnology.co.kr/default/eng/company/company_1.php?sub=01&tit=01,"Official company page lists address in Seoul, Korea."
SK Telecom,KR,South Korea,https://www.sktelecom.com/en/about/overview.do,SK Telecom is a Korean corporation; official company overview.
STMicroelectronics,NL,Netherlands,https://www.st.com/content/st_com/en/about/terms-of-use.html,Official terms identify STMicroelectronics International N.V. as incorporated under Netherlands law.
Salesforce,US,United States,https://www.salesforce.com/company/locations/,"Salesforce official locations page lists worldwide corporate headquarters in San Francisco, California."
Salesforce AI Research,US,United States,https://www.salesforce.com/company/locations/,"Generic Salesforce research brand; parent Salesforce worldwide headquarters are in San Francisco, California."
Salesforce Research,US,United States,https://www.salesforce.com/company/locations/,"Generic Salesforce research brand; parent Salesforce worldwide headquarters are in San Francisco, California."
Salesforce.com,US,United States,https://www.salesforce.com/news/press-releases/2014/04/11/salesforce-com-unveils-salesforce-tower-dramatically-expanding-its-worldwide-headquarters-in-san-francisco/,Salesforce official press release identifies worldwide headquarters in San Francisco.
Samsung,KR,South Korea,https://www.samsung.com/sec/ir/reports-disclosures/public-disclosure/3753/,"Samsung Electronics official filing lists principal office in Suwon, Gyeonggi-do, Korea."
Samsung Electronics,KR,South Korea,https://www.samsung.com/sec/ir/reports-disclosures/public-disclosure/3753/,"Samsung Electronics official filing lists principal office in Suwon, Gyeonggi-do, Korea."
Samsung Electronics Co. Ltd.,KR,South Korea,https://www.samsung.com/sec/ir/reports-disclosures/public-disclosure/3753/,"Samsung Electronics official filing lists principal office in Suwon, Gyeonggi-do, Korea."
Samsung AI Cambridge,GB,United Kingdom,https://research.samsung.com/aicentre_cambridge,"Samsung Research official page states AI Center-Cambridge is located in Cambridge, UK."
Samsung AI Center Cambridge,GB,United Kingdom,https://research.samsung.com/aicentre_cambridge,"Samsung Research official page states AI Center-Cambridge is located in Cambridge, UK."
Samsung AI Center Toronto,CA,Canada,https://research.samsung.com/aicentre_toronto,"Samsung Research official page states AI Center Toronto is located in Toronto, Canada."
Samsung AI Centre Toronto,CA,Canada,https://research.samsung.com/aicentre_toronto,"Samsung Research official page states AI Center Toronto is located in Toronto, Canada."
