comparison_key,canonical_ror_id,canonical_organization,country_code,country_name,parent_organization,resolution_method,evidence_url,evidence_note
korea university,https://ror.org/047dqcg40,Korea University,KR,South Korea,,context_verified_eccv26,https://www.korea.ac.kr/en/index.do,"ECCV 2026 occurrences are supported by recurrent Korean co-affiliations; this is scoped to the local event and does not alter the separate Japanese Korea University."
southeast university,https://ror.org/04ct4d772,Southeast University,CN,China,,context_verified_eccv26,https://www.seu.edu.cn/english/GeneralInformation/list.htm,"ECCV 2026 occurrences have Chinese co-affiliations and explicit China context; scoped to this event."
university college london,https://ror.org/02jx3x895,University College London,GB,United Kingdom,,context_verified_eccv26,https://www.ucl.ac.uk/,"ECCV 2026 occurrences use UCL/University of London and London research context; scoped to this event."
chang an university,https://ror.org/05mxya461,Chang'an University,CN,China,,context_verified_eccv26,https://en.chd.edu.cn/,"ECCV 2026 Chang'an spelling variants occur with Chinese co-affiliations; scoped to this event."
york university,https://ror.org/05fq50484,York University,CA,Canada,,context_verified_eccv26,https://www.yorku.ca/,"ECCV 2026 occurrences have Toronto and Canadian research context; scoped to this event."
northwestern university,https://ror.org/000e0be47,Northwestern University,US,United States,,context_verified_eccv26,https://www.northwestern.edu/,"ECCV 2026 occurrences have U.S. university and industry collaborator context; scoped to this event."
concordia university,https://ror.org/0420zvk78,Concordia University,CA,Canada,,context_verified_eccv26,https://www.concordia.ca/,"ECCV 2026 occurrences include explicit Montreal and Canadian research context; scoped to this event."
soochow university,https://ror.org/05t8y2r12,Soochow University,CN,China,,context_verified_eccv26,https://www.suda.edu.cn/eng/,"ECCV 2026 occurrences have Chinese university and CAS co-affiliations; scoped to this event."
university of georgia,https://ror.org/00te3t702,University of Georgia,US,United States,,context_verified_eccv26,https://www.uga.edu/about/,"ECCV 2026 occurrences have U.S. university and research-hospital context; scoped to this event."
institute of automation,https://ror.org/022c3hy66,"Institute of Automation, Chinese Academy of Sciences",CN,China,,context_verified_eccv26,https://english.ia.cas.cn/rd/,"ECCV 2026 occurrences are paired with CAS wording and Chinese research context; scoped to this event."
university of science and technology,https://ror.org/000qzf213,Korea University of Science and Technology,KR,South Korea,,context_verified_eccv26,https://career.ust.ac.kr/eng/index.do,"The sole ECCV 2026 occurrence is paired with ETRI and Korean context; scoped to this event."
cmu,https://ror.org/05x2bcf33,Carnegie Mellon University,US,United States,,context_verified_eccv26,https://www.cmu.edu/,"ECCV 2026 posters 5130, 4659, 4772, 3572, and 3594 include the full Carnegie Mellon University form; scoped to this event."
hku,https://ror.org/02zhqgq86,University of Hong Kong,HK,Hong Kong,,context_verified_eccv26,https://www.hku.hk/en/about-hku/university-identity/introduction,"ECCV 2026 posters 5098, 4190, and 3900 include the full University of Hong Kong form; scoped to this event."
nus,https://ror.org/01tgyzw49,National University of Singapore,SG,Singapore,,context_verified_eccv26,https://nus.edu.sg/about,"ECCV 2026 posters 5144, 5086, 3615, and 4650 include the full National University of Singapore form; scoped to this event."
tum,https://ror.org/02kkvpp62,Technical University of Munich,DE,Germany,,context_verified_eccv26,https://www.tum.de/en/about-tum,"ECCV 2026 posters 5482, 3250, and 4521 include TU Munich/full-name evidence; scoped to this event."
ucla,https://ror.org/046rm7j60,"University of California, Los Angeles",US,United States,,context_verified_eccv26,https://www.ucla.edu/about,"ECCV 2026 posters 3812, 3837, and 3762 include the full University of California Los Angeles form; scoped to this event."
kist,https://ror.org/05kzfa883,Korea Institute of Science and Technology,KR,South Korea,,context_verified_eccv26,https://www.kist.re.kr/kist_school_eng/aboutusIntroduce.do,"ECCV 2026 posters 4690 and 4249 include the full KIST form; scoped to this event."
mit,https://ror.org/042nb2s44,Massachusetts Institute of Technology,US,United States,,context_verified_eccv26,https://www.mit.edu/about/,"ECCV 2026 poster 5929 includes the full Massachusetts Institute of Technology form; scoped to this event."
sfu,https://ror.org/0213rcc28,Simon Fraser University,CA,Canada,,context_verified_eccv26,https://www.sfu.ca/about.html,"ECCV 2026 poster 3583 includes the full Simon Fraser University form; scoped to this event."
cea,https://ror.org/00jjx8s55,Commissariat à l’Énergie Atomique et aux Énergies Alternatives,FR,France,,context_verified_eccv26,https://www.cea.fr/english,"ECCV 2026 posters 5196 and 5389 include CEA-LIST/CEA List evidence; scoped to this event."
gbu,https://ror.org/01hdgge16,Great Bay University,CN,China,,context_verified_eccv26,https://www.gbu.edu.cn/en/,"ECCV 2026 posters 3916 and 3964 include the full Great Bay University form; scoped to this event."
knu,https://ror.org/040c17130,Kyungpook National University,KR,South Korea,,context_verified_eccv26,https://en.knu.ac.kr/,"ECCV 2026 poster 5646 includes the full Kyungpook National University form; scoped to this event."
tii,https://ror.org/001kv2y39,Technology Innovation Institute,AE,United Arab Emirates,,context_verified_eccv26,https://www.tii.ae/,"ECCV 2026 poster 5487 includes the full Technology Innovation Institute form; scoped to this event."
ucsd,https://ror.org/0168r3w48,University of California San Diego,US,United States,,context_verified_eccv26,https://ucsd.edu/about/index.html,"ECCV 2026 posters 3535 and 4743 include the full UC San Diego form; scoped to this event."
umd,https://ror.org/047s2c258,"University of Maryland, College Park",US,United States,,context_verified_eccv26,https://www.umd.edu/about, "ECCV 2026 poster 5985 includes the full University of Maryland College Park form; scoped to this event."
vector institute,https://ror.org/03kqdja62,Vector Institute,CA,Canada,,context_verified_eccv26,https://vectorinstitute.ai/,"ECCV 2026 occurrences have Toronto/UHN/Sunnybrook/UBC Canadian research context; scoped to this event."
cas,https://ror.org/034t30j35,Chinese Academy of Sciences,CN,China,,context_verified_eccv26,https://english.cas.cn/,"ECCV 2026 same-paper Institute of Computing Technology Chinese Academy of Sciences context proves CAS; scoped to this event."
dji,https://ror.org/04fmkfb67,Dà-Jiāng Innovations Science and Technology,CN,China,,context_verified_eccv26,https://www.dji.com/company,"ECCV 2026 same-paper DJI Technology Co. Ltd. context proves DJI; scoped to this event."
georgia tech,https://ror.org/01zkghx44,Georgia Institute of Technology,US,United States,,context_verified_eccv26,https://www.gatech.edu/about, "ECCV 2026 poster 5956 includes the full Georgia Institute of Technology form; scoped to this event."
jhu,https://ror.org/00za53h95,Johns Hopkins University,US,United States,,context_verified_eccv26,https://www.jhu.edu/about/,"ECCV 2026 poster 4591 includes the full Johns Hopkins University form; scoped to this event."
kit,https://ror.org/04t3en479,Karlsruhe Institute of Technology,DE,Germany,,context_verified_eccv26,https://www.kit.edu/kit/english/index.php,"ECCV 2026 same-paper Karlsruher Institut für Technologie context proves KIT; scoped to this event."
hit,https://ror.org/01yqg2h08,Harbin Institute of Technology,CN,China,,context_verified_eccv26,https://en.hit.edu.cn/,"ECCV 2026 poster 4748 includes the full Harbin Institute of Technology form and Shenzhen Graduate School context; scoped to this event."
ustc,https://ror.org/04c4dkn09,University of Science and Technology of China,CN,China,,context_verified_eccv26,https://www.ustc.edu.cn/,"The ECCV 2026 occurrence appears with Shanghai AI Lab and its raw long form elsewhere in the local snapshot; scoped to this event because the bare acronym is not a reusable global alias."
m university,https://ror.org/01f5ytq51,Texas A&M University,US,United States,,context_verified_eccv26,https://www.tamu.edu/,"The local ECCV snapshot records an HTML-entity-corrupted Texas A&M University affiliation; scoped to this event because m university is not a reusable global alias."
mais,https://ror.org/022c3hy66,"Institute of Automation, Chinese Academy of Sciences",CN,China,,context_verified_eccv26,https://mais.ia.ac.cn/,"The sole ECCV 2026 MAIS occurrence is corroborated by same-snapshot MAIS/CASIA affiliations; official MAIS material identifies it as a CASIA laboratory, so this acronym decision remains event-scoped."
eth,https://ror.org/05a28rw58,ETH Zurich,CH,Switzerland,,context_verified_eccv26,https://ethz.ch/en.html,"ECCV 2026 uses the ETH shorthand alongside ETH Zurich and ETH AI Center forms; this is event-scoped to avoid applying the ambiguous acronym globally."
professor nyu,https://ror.org/0190ak572,New York University,US,United States,,context_verified_eccv26,https://www.nyu.edu/about.html,"The ECCV 2026 source labels an author Professor NYU; same-string surrounding roles identify the well-known U.S. research context, so this acronym decision remains event-scoped rather than a global NYU alias."
ieee,https://ror.org/01n002310,Institute of Electrical and Electronics Engineers,US,United States,,context_verified_eccv26,https://www.ieee.org/,Local ECCV context and the pinned ROR record identify IEEE as the Institute of Electrical and Electronics Engineers; scoped to this event.
bit,https://ror.org/01skt4w74,Beijing Institute of Technology,CN,China,,context_verified_eccv26,https://english.bit.edu.cn/,Same-paper ECCV affiliations spell out Beijing Institute of Technology; scoped to this event.
city university,https://ror.org/03q8dnn23,City University of Hong Kong,HK,Hong Kong,,context_verified_eccv26,https://www.cityu.edu.hk/about,Same-paper ECCV affiliations repeatedly spell out City University of Hong Kong; scoped to this event.
cnrs,https://ror.org/02feahw73,Centre National de la Recherche Scientifique,FR,France,,context_verified_eccv26,https://www.cnrs.fr/en,Same-paper LIGM and French university context identifies French CNRS; scoped to this event.
enpc,https://ror.org/02nwvxz07,École nationale des ponts et chaussées,FR,France,,context_verified_eccv26,https://www.ecoledesponts.fr/,Same-paper ECCV affiliations spell out École des Ponts and IP Paris; scoped to this event.
institute of physics,https://ror.org/05cvf7v30,Institute of Physics,CN,China,,context_verified_eccv26,https://english.iop.cas.cn/au/,Same-paper ECCV affiliations include Institute of Physics Chinese Academy of Sciences; scoped to this event.
nii,https://ror.org/04ksd4g47,National Institute of Informatics,JP,Japan,,context_verified_eccv26,https://www.nii.ac.jp/en/,Same-paper NII and University of Tokyo context identifies National Institute of Informatics; scoped to this event.
ntu,https://ror.org/02e7b5302,Nanyang Technological University,SG,Singapore,,context_verified_eccv26,https://www.ntu.edu.sg/about-us,Same-paper ECCV affiliations identify Nanyang Technological University Singapore; scoped to this event.
ruc,https://ror.org/041pakw92,Renmin University of China,CN,China,,context_verified_eccv26,https://en.ruc.edu.cn/,Same-paper ECCV affiliations identify Renmin University of China; scoped to this event.
saint francis university,https://ror.org/01wcz2f33,Saint Francis University,HK,Hong Kong,,context_verified_eccv26,https://www.sfu.edu.hk/en/,Same-paper Hong Kong context identifies Saint Francis University Hong Kong; scoped to this event.
ucas,https://ror.org/05qbk4x57,University of Chinese Academy of Sciences,CN,China,,context_verified_eccv26,https://english.ucas.ac.cn/,Same-paper Institute of Automation and Chinese Academy of Sciences context identifies UCAS; scoped to this event.
ucsc,https://ror.org/03s65by71,University of California Santa Cruz,US,United States,,context_verified_eccv26,https://www.ucsc.edu/,Same-paper ECCV affiliations spell out University of California Santa Cruz; scoped to this event.
usc,https://ror.org/03taz7m60,University of Southern California,US,United States,,context_verified_eccv26,https://www.usc.edu/,Same-paper ECCV affiliations spell out University of Southern California and USC Institute for Creative Technologies; scoped to this event.
ellis institute,https://ror.org/036z3g533,ELLIS Institute Tübingen,DE,Germany,,context_verified_eccv26,https://tuebingen.ellis.eu/about,The same raw affiliation pairs ELLIS Institute with Max Planck Institute for Intelligent Systems; official ELLIS Tübingen material verifies the event-scoped site decision.
sysu,https://ror.org/0064kty71,Sun Yat-sen University,CN,China,,context_verified_eccv26,https://www.sysu.edu.cn/en/,Same-paper source context spells out Sun Yat-sen University; this acronym decision remains event-scoped.
swiss federal institute of technology,https://ror.org/05a28rw58,ETH Zurich,CH,Switzerland,,context_verified_eccv26,https://ethz.ch/en/the-eth-zurich.html,"Same-paper source context includes ETHZ and ETH Zurich, so the bare phrase is resolved only for ECCV 2026."
princeton,https://ror.org/00hx57361,Princeton University,US,United States,,context_verified_eccv26,https://www.princeton.edu/,Same-paper source context contains multiple explicit Princeton University affiliations; this short form is event-scoped.
gm lab,https://ror.org/040g1y854,Guangdong Laboratory of Artificial Intelligence and Digital Economy,CN,China,,context_verified_eccv26,https://www.gml.ac.cn/about,Same-paper source context spells out Guangming Laboratory; official GML material identifies its canonical institution.
genova,https://ror.org/0107c5v14,University of Genoa,IT,Italy,,context_verified_eccv26,https://unige.it/en,Same-paper source context contains University of Genova; this place-name form is event-scoped.
eyeline,https://ror.org/036g7zh91,Netflix Eyeline Studios,US,United States,Netflix,context_verified_eccv26,https://about.netflix.com/en/news/bringing-the-best-in-vfx-and-virtual-production-together-as-eyeline,Same-paper source context contains Netflix Eyeline Studios; this short form is event-scoped.
inistro inc,https://ror.org/02evt3n51,insitro Inc.,US,United States,,context_verified_eccv26,https://www.insitro.com/,Same-paper source context contains Stanford University and the source spelling is an insitro typo; event-scoped.
university of north carolina,https://ror.org/0130frc33,University of North Carolina at Chapel Hill,US,United States,,context_verified_eccv26,https://www.unc.edu/,Same-paper source context separately names the Chapel Hill computer-science department; event-scoped.
university of newcastle,https://ror.org/00eae9z71,University of Newcastle,AU,Australia,,context_verified_eccv26,https://www.newcastle.edu.au/,Same-paper affiliations are otherwise Australian and identify this event-scoped Newcastle occurrence.
university of massachusetts,https://ror.org/0072zz521,University of Massachusetts Amherst,US,United States,,context_verified_eccv26,https://www.umass.edu/,Same-paper source context contains multiple explicit Amherst variants; event-scoped.
max planck institute,https://ror.org/04fq9j139,Max Planck Institute for Intelligent Systems,DE,Germany,,context_verified_eccv26,https://is.mpg.de/ps/person/nathanasiou,Same-paper author context and official profile identify the otherwise generic Max Planck institute; event-scoped.
indian institute of technology,https://ror.org/01j4v3x97,Indian Institute of Technology Hyderabad,IN,India,,context_verified_eccv26,https://people.iith.ac.in/vineethnb/students.html,Same-paper context includes IIT Hyderabad and the official group page corroborates the author affiliation; event-scoped.
heidelberg university,https://ror.org/038t36y30,Heidelberg University,DE,Germany,,context_verified_eccv26,https://www.uni-heidelberg.de/en,"The same ECCV 2026 paper explicitly gives Ruprecht-Karls-Universität Heidelberg for a coauthor; this generic occurrence is event-scoped."
northwest university,https://ror.org/00z3td547,Northwest University,CN,China,,context_verified_eccv26,https://en.nwu.edu.cn/,"The same ECCV 2026 paper gives Northwest University Xi'an for four coauthors; this generic occurrence is event-scoped."
