paper_uid,comparison_key,canonical_ror_id,canonical_organization,country_code,country_name,parent_organization,resolution_method,evidence_url,evidence_note
d2a10b0bd670e442b1d3caa3fbf9e695,embl,https://ror.org/03mstc592,European Molecular Biology Laboratory,DE,Germany,,paper_context_verified_eccv26,https://www.embl.org/groups/kreshuk/members/,Same-paper authors Joshua Talks and Anna Kreshuk are members of the EMBL Heidelberg Kreshuk Group.
ecb287ff763c169694f682af52c1f309,embl,https://ror.org/03mstc592,European Molecular Biology Laboratory,DE,Germany,,paper_context_verified_eccv26,https://www.embl.org/groups/kreshuk/members/,Same-paper authors Joshua Talks and Anna Kreshuk are members of the EMBL Heidelberg Kreshuk Group.
96f0a190986ed55124c246fd4c7e412f,ministry of culture,,Ministry of Culture of the Republic of Indonesia,ID,Indonesia,,paper_context_verified_eccv26,https://repositori.kemenbud.go.id/view/subjects/PED008.type.html,Official Indonesian Ministry of Culture repository identifies coauthor Brahmantara; this decision is scoped to this paper.
99cad265a1768cc2dd013f0e740300ae,nec,,NEC Laboratories America Inc.,US,United States,NEC Corporation,paper_context_verified_eccv26,https://www.nec-labs.com/research/media-analytics/people/ziyu-jiang/,The NEC author is Ziyu Jiang whose official profile gives NEC Laboratories America in San Jose California; same-paper coauthors use the full lab name.
23ce1851341ec1fa9e0c259de10bf87c,nio,,NIO Inc.,,,NIO Inc.,paper_context_verified_eccv26,https://www.nio.com/about,Same-paper authors use NIO Ltd.; official NIO material verifies the canonical company identity but not a research-site country for the abbreviated source string.
1138d90ef0a0848a542e57d1595f58ea,pcg,,Tencent Platform & Content Group,,,Tencent,paper_context_verified_eccv26,https://static.www.tencent.com/storage/uploads/2019/11/09/06f37108e5174fd8b3fcc88a2041fe0b.pdf,Same paper contains Tencent PCG AI and Tencent affiliations; the official Tencent announcement expands PCG. Research-site country is unstated.
65ded5353c5ee48d0b7d48c591b8f430,pico,,PICO,,,ByteDance,paper_context_verified_eccv26,https://www.bytedance.com/,Same-paper author Panwang Pan identifies PICO in his affiliation and ByteDance lists Pico among its products; research-site country is unstated.
532923f11ac97d3e7cb0130315b067dc,tau,https://ror.org/04mhzgx49,Tel Aviv University,IL,Israel,,paper_context_verified_eccv26,https://www.amirbar.net/,Same-paper author Amir Bar identifies his TAU and UC Berkeley PhD affiliation on his official profile.
b99f4242922cd10313630b0ecccda1dc,tau,https://ror.org/04mhzgx49,Tel Aviv University,IL,Israel,,paper_context_verified_eccv26,https://www.amirbar.net/,Same-paper author Amir Bar identifies his TAU and UC Berkeley PhD affiliation on his official profile.
d94fd74dcde1aa553be72c1006578b23,tau,https://ror.org/04mhzgx49,Tel Aviv University,IL,Israel,,paper_context_verified_eccv26,https://www.amirbar.net/,Same-paper author Amir Bar identifies his TAU and UC Berkeley PhD affiliation on his official profile.
692baebec3bb4b53d7ebc3b9fabac31b,tri,https://ror.org/04fpkc108,Toyota Research Institute,US,United States,,paper_context_verified_eccv26,https://www.tri.global/,Same paper gives Toyota Research Institute for the other TRI authors; the local ROR record identifies the Palo Alto research institute.
85690f81aadc1749175c187784afc9ee,tri,https://ror.org/04fpkc108,Toyota Research Institute,US,United States,,paper_context_verified_eccv26,https://www.tri.global/,Paper author Pavel Tokmakov is identified with TRI and the local ROR record identifies Toyota Research Institute in Palo Alto.
1e5186bca8f75fca53960e8cb4a3b973,trinity university,https://ror.org/00t8gz605,Trinity University,US,United States,,paper_context_verified_eccv26,https://trinity.edu/directory/davalosedu515,Official Trinity University profile identifies same-paper author Eduardo Davalos.
1e5186bca8f75fca53960e8cb4a3b973,st mary s university,https://ror.org/03fvnza37,"St. Mary's University, Texas",US,United States,,paper_context_verified_eccv26,https://www.stmarytx.edu/academics/faculty/yike-zhang/,Official St. Mary's University Texas profile identifies same-paper author Yike Zhang.
097fdff1eefae7180f5ec716a83dd3a3,ucb,https://ror.org/01an7q238,"University of California, Berkeley",US,United States,,paper_context_verified_eccv26,https://bcbp.berkeley.edu/use-name-policy,UC Berkeley official naming policy lists UCB as a campus abbreviation.
4b97b5ad9d466de90e5d901c0557b21a,universidad de los andes,https://ror.org/03v0qd864,"Universidad de Los Andes, Chile",CL,Chile,,paper_context_verified_eccv26,https://investigadores.uandes.cl/es/publications/powering-prescription-mitochondria-as-living-drugs-definition-cli/fingerprints/,Official Universidad de los Andes Chile research portal identifies same-paper author Paola Robayo.
220bd44f67edd4f311c6c06436cf9a65,western university,https://ror.org/02grkyz14,Western University,CA,Canada,,paper_context_verified_eccv26,https://www.uwo.ca/events/2026/04/doctoral-public-lecture-pengcheng-xu.html,Official Western University event identifies same-paper author Pengcheng Xu in its Computer Science program.
b0e2ff951d07b244a06800304fb423f0,wuyi university,https://ror.org/059djzq42,Wuyi University,CN,China,,paper_context_verified_eccv26,https://pubmed.ncbi.nlm.nih.gov/41440427/,Same-paper author Hanjuan Huang is listed at Wuyi University in Wuyishan China which selects the corresponding local ROR record.
ac1dd209cbcc5e5d1c6e28598e8cbbe8,aisphere inc,,Beijing AIsphere Technology Co. Ltd.,,,,paper_context_verified_eccv26,https://aisphere.tech/,Official AIsphere site verifies the organization; raw suffix variation does not establish a research-site country.
dfeb9598fbfb97cc6bbcc0aff2c785d6,aisphere,,Beijing AIsphere Technology Co. Ltd.,,,,paper_context_verified_eccv26,https://aisphere.tech/,Same-paper author profile identifies AIsphere (爱诗科技); raw capitalization does not establish a research-site country.
dfeb9598fbfb97cc6bbcc0aff2c785d6,aisphere inc,,Beijing AIsphere Technology Co. Ltd.,,,,paper_context_verified_eccv26,https://aisphere.tech/,Same-paper author profile identifies AIsphere (爱诗科技); raw capitalization and suffix variation do not establish a research-site country.
394868456436dbe743e4380554c0493a,ebtech co ltd,,EBTECH Co. Ltd.,,,,paper_context_verified_eccv26,https://ebtech.co.kr/,Official EBTECH site verifies the named company; raw affiliation does not identify a research-site country.
b219f59c2dd596abfadbcecfc2277659,ebtech co ltd,,EBTECH Co. Ltd.,,,,paper_context_verified_eccv26,https://ebtech.co.kr/,Official EBTECH site verifies the named company; raw affiliation does not identify a research-site country.
8fd7f981e10b41330b618129afcaab2d,everex,,EverEx Co. Ltd.,,,,paper_context_verified_eccv26,https://everex.ai/about-us,Official EverEx site verifies the named AI rehabilitation company; raw affiliation does not identify a research-site country.
f60bb6bb4c96d4df93c51bd69dcc15a0,everex,,EverEx Co. Ltd.,,,,paper_context_verified_eccv26,https://everex.ai/about-us,Official EverEx site verifies the named AI rehabilitation company; raw affiliation does not identify a research-site country.
c1502ae5a4d514baec129f72948c266e,rawmantic ai,,Rawmantic AI,,,,paper_context_verified_eccv26,https://raw3d.xyz/,Official Rawmantic site verifies the named organization; raw affiliation does not identify a research-site country.
8a146f1a3da4700cbf03cdc55e2daae6,vbot,,Vbot,,,,paper_context_verified_eccv26,https://vbot.cn/,Official Vbot site verifies the named robotics brand; raw affiliation does not identify a research-site country.
3323fe11e9595c09af38fe67567a9394,northeastern university,https://ror.org/04t5xt781,Northeastern University,US,United States,,paper_context_verified_eccv26,https://www.khoury.northeastern.edu/people/raymond-yun-fu/,Same-paper author Yun Fu has an official Northeastern University profile.
4e62e752ae53fb6a6eebd0f6146aa702,northeastern university,https://ror.org/04t5xt781,Northeastern University,US,United States,,paper_context_verified_eccv26,https://coe.northeastern.edu/events/list/page/70/?tribe-bar-date=2022-05-23,Same-paper author Yanyu Li is identified by an official Northeastern University event page.
67606d48e361ce176ca71fd54fcf4286,northeastern university,https://ror.org/04t5xt781,Northeastern University,US,United States,,paper_context_verified_eccv26,https://www.khoury.northeastern.edu/people/ehsan-elhamifar/,Same-paper author Ehsan Elhamifar has an official Northeastern University profile.
702cafa3bb4c9c86e4a3b6834b45aedd,northeastern university,https://ror.org/04t5xt781,Northeastern University,US,United States,,paper_context_verified_eccv26,https://www.khoury.northeastern.edu/people/raymond-yun-fu/,Same-paper author Yun Fu has an official Northeastern University profile.
751d51528afe5e6f7fe95dece4ed32ba,northeastern university,https://ror.org/04t5xt781,Northeastern University,US,United States,,paper_context_verified_eccv26,https://coe.northeastern.edu/events/list/page/70/?tribe-bar-date=2022-05-23,Same-paper author Yanyu Li is identified by an official Northeastern University event page.
beb3c650aaae598375f60df2c6063269,northeastern university,https://ror.org/03awzbc87,Northeastern University,CN,China,,paper_context_verified_eccv26,https://www.neu.edu.cn/zhxx1.htm,Same-paper source explicitly gives Northeastern University at Qinhuangdao Campus.
ca8155f4d27f205953f9d3d7974bdd70,northeastern university,https://ror.org/03awzbc87,Northeastern University,CN,China,,paper_context_verified_eccv26,https://english.neu.edu.cn/About_NEU/About_NEU.htm,Same-paper source explicitly gives Northeastern University China.
dc6e224a8d74ce03bf301152d6e33e97,northeastern university,https://ror.org/03awzbc87,Northeastern University,CN,China,,paper_context_verified_eccv26,https://english.neu.edu.cn/About_NEU/About_NEU.htm,Same-paper source explicitly gives Northeastern University China.
0d2b2061826a5df3221116a5085a6052,northeastern university,https://ror.org/03awzbc87,Northeastern University,CN,China,,paper_context_verified_eccv26,https://sairlab.org/zuntaol/,Same-paper author Zuntao Liu states that his masters education is at Northeastern University China.
38ccdf8d538de2d6a6deb2ed17d1f873,northeastern university,https://ror.org/03awzbc87,Northeastern University,CN,China,,paper_context_verified_eccv26,https://10-oasis-01.github.io/,Same-paper author Yibin Liu states that his BEng is at Northeastern University China.
246a3c5544feb054f3ea718f61adfa16,northeastern university,https://ror.org/04t5xt781,Northeastern University,US,United States,,paper_context_verified_eccv26,https://ai.northeastern.edu/news/ai-system-predicts-aggressive-behavior-in-children-with-autism,Official Northeastern page identifies same-paper author Ashutosh Singh as a Northeastern University PhD candidate.
512c5cad6c37edb98ae91c8a76c3a291,northeastern university,https://ror.org/04t5xt781,Northeastern University,US,United States,,paper_context_verified_eccv26,https://www.khoury.northeastern.edu/people/shih-po-lee/,Official Northeastern profile identifies same-paper author Shih-Po Lee as a Boston doctoral student.
5e6eda66654df2e17f1bc2d6b73ef245,northeastern university,https://ror.org/04t5xt781,Northeastern University,US,United States,,paper_context_verified_eccv26,https://yiwenchen1999.github.io/,Same-paper author Yiwen Chen identifies herself as a Northeastern University Boston PhD student.
d4ca950da1d6fd954520c45ab19fef1c,northeastern university,https://ror.org/04t5xt781,Northeastern University,US,United States,,paper_context_verified_eccv26,https://sentry.northeastern.edu/research-project/real-time-video-for-threat-detection-and-mitigation/,Official Northeastern SENTRY page identifies same-paper author Rahul Chowdhury as a Northeastern student.
e2eabaf96372e20a9e3d4b5f83723a61,northeastern university,https://ror.org/04t5xt781,Northeastern University,US,United States,,paper_context_verified_eccv26,https://sentry.northeastern.edu/research-project/real-time-video-for-threat-detection-and-mitigation/,Official Northeastern SENTRY page identifies same-paper author Sakib Reza as a Northeastern student.
e57c6b956a6521b28495f2886ca0977a,northeastern university,https://ror.org/04t5xt781,Northeastern University,US,United States,,paper_context_verified_eccv26,https://insi.northeastern.edu/people/students/,Official Northeastern page identifies same-paper author Lin Zhao as a PhD student.
ebb71045453f38676c40deb9864f811d,northeastern university,https://ror.org/04t5xt781,Northeastern University,US,United States,,paper_context_verified_eccv26,https://xzgroup.sites.northeastern.edu/our-team/,Official Northeastern group page identifies same-paper author Xiaomeng Yang as a Northeastern PhD student.
ed4227734ed75d343320b6a5fd16ce57,northeastern university,https://ror.org/04t5xt781,Northeastern University,US,United States,,paper_context_verified_eccv26,https://www.khoury.northeastern.edu/people/dakuo-wang/,Official Northeastern profile identifies same-paper author Dakuo Wang as a Boston associate professor.
ee3dd1c2669f11eabe41d99571167c74,northeastern university,https://ror.org/04t5xt781,Northeastern University,US,United States,,paper_context_verified_eccv26,https://www.khoury.northeastern.edu/home/lsw/grail.html,Official Northeastern GRAIL page identifies same-paper author Yu Qi as a PhD student.
03924fb32bcc6248036e209a716e3339,vast,,VAST,CN,China,,paper_context_verified_eccv26,https://yanpei.me/,Same-paper author Yanpei Cao identifies himself as VAST co-founder and head of research in Beijing.
3ad7c2ebb96fcba7cda0cf54a2e802f5,vast,,VAST,CN,China,,paper_context_verified_eccv26,https://yanpei.me/,VAST is the same Beijing research organization established by the ECCV author-affiliation corpus and VAST co-founder profile.
4e8eaf897c638d519710b1691121f8cb,yangtze river delta hit robot technology research institute,,Yangtze River Delta HIT Robot Technology Research Institute,CN,China,,paper_context_verified_eccv26,https://xk.sia.cn/article/doi/10.13976/j.cnki.xk.2025.2973?viewType=HTML,Published affiliation identifies the Yangtze River Delta HIT Robot Technology Research Institute in Wuhu Anhui China.
c24f4c5eef7ec01c46e003a9296c8645,yangtze river delta hit robot technology research institute,,Yangtze River Delta HIT Robot Technology Research Institute,CN,China,,paper_context_verified_eccv26,https://xk.sia.cn/article/doi/10.13976/j.cnki.xk.2025.2973?viewType=HTML,Published affiliation identifies the Yangtze River Delta HIT Robot Technology Research Institute in Wuhu Anhui China.
7ce3284b743aefde80ffd9aec500e085,ace robotics,,ACE Robotics,CN,China,,paper_context_verified_eccv26,https://www.acerobotics.com/,Official ACE Robotics site identifies the Shanghai robotics company; same-paper author Liang Pan is associated with the organization.
9713faa264b94e2bf346a1bb52587fd8,manifolda ai,,Manifolda.Ai,GB,United Kingdom,,paper_context_verified_eccv26,https://aaai.org/conference/aaai/aaai-26/2026-program-committee/,Official AAAI program listing gives the same-paper organization Manifolda.Ai in the United Kingdom.
0e1ebad68af7f0ae4830b7ac92bc3c6f,northeastern university,https://ror.org/03awzbc87,Northeastern University,CN,China,,paper_context_verified_eccv26,https://10-oasis-01.github.io/,Same-paper author Yibin Liu states that his BEng is at Northeastern University China.
17c3433fecc21b57000debdf7ad5c930,northeastern university,https://ror.org/04t5xt781,Northeastern University,US,United States,,paper_context_verified_eccv26,https://www.xiaolinxu.com/,Official Northeastern profile identifies same-paper author Xiaolin Xu as a Boston associate professor and Xiaocheng Zou as a group PhD student.
5a45828dead8c065099cb653a2185df1,northeastern university,https://ror.org/04t5xt781,Northeastern University,US,United States,,paper_context_verified_eccv26,https://www.khoury.northeastern.edu/people/lorenzo-torresani/,Official Northeastern profile identifies same-paper author Lorenzo Torresani as a Boston professor.
b24b1810f41d38b55728a9f56b043d35,northeastern university,https://ror.org/04t5xt781,Northeastern University,US,United States,,paper_context_verified_eccv26,https://tongzhou0101.github.io/,Same-paper author Tong Zhou identifies himself as a Northeastern University Boston PhD student.
cd0cbcc668fe4bc58e0af3cc7e0a653d,northeastern university,https://ror.org/03awzbc87,Northeastern University,CN,China,,paper_context_verified_eccv26,https://faculty.neu.edu.cn/duanpeibo1/en/index/153040/list/index.htm,Official Northeastern University Shenyang page identifies same-paper author Zhipeng Liu as a current student.
f044bd02e4fe1aa3315ace7645f8597a,northeastern university,https://ror.org/03awzbc87,Northeastern University,CN,China,,paper_context_verified_eccv26,https://faculty.neu.edu.cn/wanglu1/en/lwcg/133587/content/37655.htm,Official Northeastern University Shenyang page lists the exact ECCV paper and its Northeastern authors.
9f1f64b519d20e2ccc36e1589a8f7555,northeastern university,https://ror.org/04t5xt781,Northeastern University,US,United States,,paper_context_verified_eccv26,https://lin-zhao-resolve.github.io/,Same-paper author Lin Zhao identifies himself as a Northeastern University College of Engineering PhD candidate with a Northeastern email.
d20f6cbf98b2efd688d5e33c2920b586,aiv co,,"AIV Co., Ltd.",KR,South Korea,,paper_context_verified_eccv26,https://aiv.ai/pdfs/aiv_interview_vol_1.pdf,Official AIV company material and a Korean R&D-center listing identify AIV Co. Ltd. at a Seoul research address.
0d8f8313c83e69d101e8997d3065fbff,anhui kaiyang technology co ltd,,"Anhui Kaiyang Technology Co., Ltd.",,,,paper_context_source_literal_eccv26,,Named organization in the immutable ECCV source snapshot; no ROR or research-site country is asserted.
b6417f112bd27848533e54885b66c288,bac tencent,,Tencent Basic Algorithm Center (BAC),,,Tencent,paper_context_verified_eccv26,https://github.com/Tencent-BAC,Official Tencent-BAC repository identifies the Basic Algorithm Center; the raw affiliation does not establish a research-site country.
8d3bba7425e7c98c50f52ca1b52d3735,daerwen ai,,Daerwen AI,,,,paper_context_source_literal_eccv26,,Named organization in the immutable ECCV source snapshot; no ROR or research-site country is asserted.
fef6f971605336724b5e6c0c12dc2534,graph origin,,Graph Origin,,,,paper_context_source_literal_eccv26,,Named organization in the immutable ECCV source snapshot; no ROR or research-site country is asserted.
ca793d8b79c1b6665cf109d6077a8277,mathmagical group,,Mathmagical Group,,,,paper_context_source_literal_eccv26,,Named organization in the immutable ECCV source snapshot; no ROR or research-site country is asserted.
523df5a6db0544f3600434b9ffe68367,prometheus,,Prometheus,,,,paper_context_source_literal_eccv26,,Named organization in the immutable ECCV source snapshot; no ROR or research-site country is asserted.
0bcd25b83e703478c74c9f575039f3f1,sapien,,Sapien,US,United States,,paper_context_verified_eccv26,https://sapien.ai/careers,Official Sapien careers page identifies a New York City Flatiron office and the official Sapien post identifies same-paper author Atin Pothiraj as a founding engineer.
18d10dc6e666eab6de9215ae5b3d54df,shanghai intelligent institute,,Shanghai Intelligent Institute,,,,paper_context_source_literal_eccv26,,Named organization in the immutable ECCV source snapshot; no ROR or research-site country is asserted.
e7a8f1d8b045098d76172897a21d6373,shenzhen lianmeng technology co ltd,,"Shenzhen Lianmeng Technology Co., Ltd.",,,,paper_context_source_literal_eccv26,,Named organization in the immutable ECCV source snapshot; no ROR or research-site country is asserted.
fb2697869f56484404c8ceee2985b01d,spatialtemporal ai,,Spatialtemporal AI,,,,paper_context_source_literal_eccv26,,Named organization in the immutable ECCV source snapshot; no ROR or research-site country is asserted.
3000311ca56a1cb93397bc676c0b7fff,sudo inc,,Sudo Inc,,,,paper_context_source_literal_eccv26,,Named organization in the immutable ECCV source snapshot; no ROR or research-site country is asserted.
4589b8b6a21b964025a84f6499070b83,vertex lab,,Vertex Lab Technology Limited,,,,paper_context_verified_eccv26,https://www.linkedin.com/company/vertex-lab-technology-limited,Official company profile and same-paper author Yifu Wang's project profiles establish the organization identity; research-site country remains unstated.
766e428d1e232bbdd58664b41346196c,yuanxingguangnian,,Yuanxingguangnian Robotics,,,,paper_context_verified_eccv26,https://github.com/yu2hi13/RoboStream,The authors' public project source lists same-paper author Chenglei Wu at YuanxingGuangnian Robotics and says the work was completed during an internship there; research-site country is unstated.
1d01bd2e16f57892f0954902899f0692,northeastern university,https://ror.org/000e0be47,Northwestern University,US,United States,,paper_context_verified_eccv26,https://openreview.net/pdf?id=fTVNleoQ2i,The paper's author-affiliation block identifies Manling Li with Northwestern University; the ECCV source's Northeastern label is a source typo.
3b5dca501ee1e6d8cd7b905f4e1bf723,northeastern university,https://ror.org/04t5xt781,Northeastern University,US,United States,,paper_context_inferred_eccv26,https://www.signalhire.com/profiles/dexu-yu/221013382,Public author profile lists Dexu Yu as a Northeastern University teaching assistant with an @northeastern.edu address; no primary institutional profile was located.
6e2eec9ca19c076736d19ac5426473af,northeastern university,https://ror.org/03awzbc87,Northeastern University,CN,China,,paper_context_inferred_eccv26,https://journals.sagepub.com/doi/10.3233/ATDE250760,Published author record identifies Heyuan Xu with Software College Northeastern University Shenyang China; same-paper coauthors are predominantly Zhejiang University.
6ea9ab1baa0efb9e19094440c317e21b,northeastern university,https://ror.org/03awzbc87,Northeastern University,CN,China,,paper_context_inferred_eccv26,https://www.researchgate.net/profile/Run-Ling,Run Ling's public profile lists a verified institutional email and Software College Northeastern University Shenyang China; JD.com and Chinese coauthors corroborate this.
9d38e6eab92b2aeb0a83b570188d5a1a,northeastern university,https://ror.org/000e0be47,Northwestern University,US,United States,,paper_context_verified_eccv26,https://openreview.net/pdf?id=fTVNleoQ2i,The paper's author-affiliation block identifies Manling Li with Northwestern University; the ECCV source's Northeastern label is a source typo.
9823c9091899dc6f227f9133ba2dfd30,south china university,,South China University,CN,China,,paper_context_inferred_eccv26,https://www.scut.edu.cn/en/,The source literal is not a unique official institution name; its Chinese country is retained while no ROR or exact South China university is claimed.
