comparison_key,component_index,canonical_ror_id,canonical_organization,country_code,country_name,parent_organization,resolution_method,evidence_url,evidence_note
hong kong university of science and technology guangzhou hong kong university of science and technology,1,https://ror.org/050h0vm43,The Hong Kong University of Science and Technology (Guangzhou),CN,China,,context_decomposed_eccv26,https://hkust.edu.hk/news/hkustgz-formally-established,Literal first institution from the ECVA source segment; official HKUST source identifies the legally independent Guangzhou institution.
hong kong university of science and technology guangzhou hong kong university of science and technology,2,https://ror.org/00q4vv597,Hong Kong University of Science and Technology,HK,Hong Kong,,context_decomposed_eccv26,https://hkust.edu.hk/about,Literal second institution from the ECVA source segment; official HKUST source identifies the Hong Kong institution.
university of tuebingen tubingen ai center max planck institute for informatics,1,https://ror.org/03a1kwz48,University of Tübingen,DE,Germany,,context_decomposed_eccv26,https://uni-tuebingen.de/en/university/profile/,Literal university component from the ECVA source segment.
university of tuebingen tubingen ai center max planck institute for informatics,2,https://ror.org/0107nyd78,Tübingen AI Center,DE,Germany,,context_decomposed_eccv26,https://tuebingen.ai/,Literal institute component from the ECVA source segment.
university of tuebingen tubingen ai center max planck institute for informatics,3,https://ror.org/01w19ak89,Max Planck Institute for Informatics,DE,Germany,,context_decomposed_eccv26,https://www.mpi-inf.mpg.de/home,Literal institute component from the ECVA source segment.
university of tubingen and eth zurich,1,https://ror.org/03a1kwz48,University of Tübingen,DE,Germany,,context_decomposed_eccv26,https://uni-tuebingen.de/en/university/profile/,Literal university component from the ECVA source segment.
university of tubingen and eth zurich,2,https://ror.org/05a28rw58,ETH Zurich,CH,Switzerland,,context_decomposed_eccv26,https://ethz.ch/en/the-eth-zurich.html,Literal university component from the ECVA source segment.
fudan university and microsoft research asia,1,https://ror.org/013q1eq08,Fudan University,CN,China,,context_decomposed_eccv26,https://www.fudan.edu.cn/en/,Literal university component from the ECVA source segment.
fudan university and microsoft research asia,2,,Microsoft Research Asia,,,,context_decomposed_eccv26,https://www.microsoft.com/en-us/research/lab/microsoft-research-asia/,Literal corporate research component; country is not inferred from the brand.
ibm research and graz university of technology,1,,IBM Research,,,,context_decomposed_eccv26,https://research.ibm.com/about,Literal corporate research component; country is not inferred from the brand.
ibm research and graz university of technology,2,https://ror.org/00d7xrm67,Graz University of Technology,AT,Austria,,context_decomposed_eccv26,https://www.tugraz.at/en/home,Literal university component from the ECVA source segment.
mcgill university and mila,1,https://ror.org/01pxwe438,McGill University,CA,Canada,,context_decomposed_eccv26,https://www.mcgill.ca/about/,Literal university component from the ECVA source segment.
mcgill university and mila,2,https://ror.org/05c22rx21,Mila - Quebec Artificial Intelligence Institute,CA,Canada,,context_decomposed_eccv26,https://mila.quebec/en/,Literal nonprofit institute component from the ECVA source segment.
meta and university of california san diego,1,,Meta,,,,context_decomposed_eccv26,https://about.meta.com/,Literal corporate component; country is not inferred from the brand.
meta and university of california san diego,2,https://ror.org/0168r3w48,University of California San Diego,US,United States,,context_decomposed_eccv26,https://ucsd.edu/about/index.html,Literal university component from the ECVA source segment.
safe intelligence and imperial college london,1,,Safe Intelligence,,,,context_decomposed_eccv26,https://safeintelligence.ai/,Literal company component; country is not inferred from the brand.
safe intelligence and imperial college london,2,https://ror.org/041kmwe10,Imperial College London,GB,United Kingdom,,context_decomposed_eccv26,https://www.imperial.ac.uk/about/,Literal university component from the ECVA source segment.
tianjin university and city university of hong kong,1,https://ror.org/012tb2g32,Tianjin University,CN,China,,context_decomposed_eccv26,https://www.tju.edu.cn/english/,Literal university component from the ECVA source segment.
tianjin university and city university of hong kong,2,https://ror.org/03q8dnn23,City University of Hong Kong,HK,Hong Kong,,context_decomposed_eccv26,https://www.cityu.edu.hk/about,Literal university component from the ECVA source segment.
tti chicago and university of chicago,1,https://ror.org/02sn5gb64,Toyota Technological Institute at Chicago,US,United States,,context_decomposed_eccv26,https://www.ttic.edu/about/,Literal institute component from the ECVA source segment.
tti chicago and university of chicago,2,https://ror.org/024mw5h28,University of Chicago,US,United States,,context_decomposed_eccv26,https://www.uchicago.edu/,Literal university component from the ECVA source segment.
tu darmstadt and deutsche telekom ag,1,https://ror.org/05n911h24,Technische Universität Darmstadt,DE,Germany,,context_decomposed_eccv26,https://www.tu-darmstadt.de/universitaet/index.en.jsp,Literal university component from the ECVA source segment.
tu darmstadt and deutsche telekom ag,2,,Deutsche Telekom AG,,,,context_decomposed_eccv26,https://www.telekom.com/en/company,Literal corporate component; country is not inferred from the brand.
ustc and shanghai ai lab,1,https://ror.org/04c4dkn09,University of Science and Technology of China,CN,China,,context_decomposed_eccv26,https://en.ustc.edu.cn/,Literal university component from the ECVA source segment.
ustc and shanghai ai lab,2,https://ror.org/03wkvpx79,Shanghai Artificial Intelligence Laboratory,CN,China,,context_decomposed_eccv26,https://www.shlab.org.cn/,Literal laboratory component from the ECVA source segment.
university of technology nuremberg and robert bosch gmbh,1,https://ror.org/02sv65x64,University of Technology Nuremberg,DE,Germany,,context_decomposed_eccv26,https://www.utn.de/en/,Literal university component from the ECVA source segment.
university of technology nuremberg and robert bosch gmbh,2,,Robert Bosch GmbH,,,,context_decomposed_eccv26,https://www.bosch.com/company/,Literal corporate component; country is not inferred from the brand.
irisa universite bretagne sud,1,https://ror.org/00myn0z94,Institut de Recherche en Informatique et Systèmes Aléatoires,FR,France,,context_decomposed_eccv26,https://www.irisa.fr/,Literal research institute component from the ECVA source segment.
irisa universite bretagne sud,2,https://ror.org/04ed7fw48,Université de Bretagne Sud,FR,France,,context_decomposed_eccv26,https://www.univ-ubs.fr/,Literal university component from the ECVA source segment.
university of amsterdam ku leuven,1,https://ror.org/04dkp9463,University of Amsterdam,NL,Netherlands,,context_decomposed_eccv26,https://www.uva.nl/en,Literal university component from the ECVA source segment.
university of amsterdam ku leuven,2,https://ror.org/05f950310,KU Leuven,BE,Belgium,,context_decomposed_eccv26,https://www.kuleuven.be/english,Literal university component from the ECVA source segment.
eth zurich and max planck institute,1,https://ror.org/05a28rw58,ETH Zurich,CH,Switzerland,,context_decomposed_eccv26,https://ethz.ch/en/the-eth-zurich.html,Literal ETH component from the source segment.
eth zurich and max planck institute,2,https://ror.org/01w19ak89,Max Planck Institute for Informatics,DE,Germany,,context_decomposed_eccv26,https://alexdelitzas.github.io/,The author profile identifies the abbreviated source affiliation as Max Planck Institute for Informatics.
ligm ecole des ponts univ gustave eiffel cnrs marne la valle france,1,,Laboratoire d'Informatique Gaspard-Monge,FR,France,,context_decomposed_eccv26,https://www.ligm.univ-gustave-eiffel.fr/,Literal LIGM laboratory component; no local ROR record is assigned.
ligm ecole des ponts univ gustave eiffel cnrs marne la valle france,2,https://ror.org/02nwvxz07,École nationale des ponts et chaussées,FR,France,,context_decomposed_eccv26,https://www.ecoledesponts.fr/,Literal Ecole des Ponts component from the source segment.
ligm ecole des ponts univ gustave eiffel cnrs marne la valle france,3,https://ror.org/03x42jk29,Université Gustave Eiffel,FR,France,,context_decomposed_eccv26,https://www.univ-gustave-eiffel.fr/,Literal Université Gustave Eiffel component from the source segment.
ligm ecole des ponts univ gustave eiffel cnrs marne la valle france,4,https://ror.org/02feahw73,Centre National de la Recherche Scientifique,FR,France,,context_decomposed_eccv26,https://www.cnrs.fr/en,Literal CNRS component from the source segment.
state key laboratory of multimodal artificial intelligence systems institute of automation chinese academy of sciences,1,,State Key Laboratory of Multimodal Artificial Intelligence Systems (MAIS),CN,China,Institute of Automation Chinese Academy of Sciences,context_decomposed_eccv26,https://english.ia.cas.cn/ju/,Official CASIA material identifies MAIS as the named State Key Laboratory.
state key laboratory of multimodal artificial intelligence systems institute of automation chinese academy of sciences,2,https://ror.org/022c3hy66,Institute of Automation Chinese Academy of Sciences,CN,China,,context_decomposed_eccv26,https://english.ia.cas.cn/au/bi/,Literal host institute component from the source segment.
national laboratory of pattern recognition nlpr institute of automation chinese academy of sciences,1,,National Laboratory of Pattern Recognition,CN,China,Institute of Automation Chinese Academy of Sciences,context_decomposed_eccv26,https://nlpr.ia.ac.cn/en/news/1381.html,The stated NLPR laboratory is retained as a CASIA unit.
national laboratory of pattern recognition nlpr institute of automation chinese academy of sciences,2,https://ror.org/022c3hy66,Institute of Automation Chinese Academy of Sciences,CN,China,,context_decomposed_eccv26,https://english.ia.cas.cn/au/bi/,Literal host institute component from the source segment.
zhejiang university alibaba amap,1,https://ror.org/00a2xv884,Zhejiang University,CN,China,,context_decomposed_eccv26,https://www.zju.edu.cn/english/,Literal university component from the source segment.
zhejiang university alibaba amap,2,,Alibaba Amap,,,,context_decomposed_eccv26,https://www.alibabagroup.com/en-US/about-businesses,Literal Alibaba business component; country is not inferred from the brand.
waymo uc berkeley,1,,Waymo,,,,context_decomposed_eccv26,https://waymo.com/,Literal corporate component; country is not inferred from the brand.
waymo uc berkeley,2,https://ror.org/01an7q238,University of California Berkeley,US,United States,,context_decomposed_eccv26,https://www.berkeley.edu/about/,Literal university component from the source segment.
thinking machines lab,1,,Thinking Machines Lab,,,,context_decomposed_eccv26,https://thinkingmachines.ai/,Literal company component; country is not inferred from the brand.
thinking machines lab,2,https://ror.org/00jmfr291,University of Michigan,US,United States,,context_decomposed_eccv26,https://umich.edu/about/,Literal university component from the source segment.
petuum inc,1,https://ror.org/0168r3w48,University of California San Diego,US,United States,,context_decomposed_eccv26,https://ucsd.edu/about/index.html,Literal university component from the source segment.
petuum inc,2,,Snowflake,,,,context_decomposed_eccv26,https://www.snowflake.com/en/company/,Literal corporate component; country is not inferred from the brand.
petuum inc,3,,Petuum Inc.,,,,context_decomposed_eccv26,https://www.petuum.com/,Literal company component; country is not inferred from the brand.
petuum inc,4,https://ror.org/02qk1xq87,Carnegie Mellon University,US,United States,,context_decomposed_eccv26,https://www.cmu.edu/about/,Literal university component from the source segment.
intelligent science and technology academy of casic,1,,Intelligent Science and Technology Academy,CN,China,China Aerospace Science and Industry Corporation,context_decomposed_eccv26,https://www.casic.com.cn/,The literal academy component is retained; no child ROR is selected.
intelligent science and technology academy of casic,2,https://ror.org/0523vvf33,China Aerospace Science and Industry Corporation,CN,China,,context_decomposed_eccv26,https://www.casic.com.cn/,Literal CASIC parent component from the source segment.
the second academy of china aerospace science and industry corp,1,,Second Academy,CN,China,China Aerospace Science and Industry Corporation,context_decomposed_eccv26,https://www.casic.com.cn/,The literal academy component is retained; no child ROR is selected.
the second academy of china aerospace science and industry corp,2,https://ror.org/0523vvf33,China Aerospace Science and Industry Corporation,CN,China,,context_decomposed_eccv26,https://www.casic.com.cn/,Literal CASIC parent component from the source segment.
university of cape town frogiraffe inc,1,https://ror.org/03p74gp79,University of Cape Town,ZA,South Africa,,context_decomposed_eccv26,https://uct.ac.za/,Literal university component from the source segment.
university of cape town frogiraffe inc,2,,Frogiraffe Inc.,,,,context_decomposed_eccv26,https://frogiraffe.com/,Literal company component; country is not inferred from the brand.
university of aberdeen fogsphere redev ai ltd,1,https://ror.org/016476m91,University of Aberdeen,GB,United Kingdom,,context_decomposed_eccv26,https://www.abdn.ac.uk/about/,Literal university component from the source segment.
university of aberdeen fogsphere redev ai ltd,2,,Fogsphere (Redev.AI Ltd.),,,,context_decomposed_eccv26,https://fogsphere.com/company/,Literal company component; country is not inferred from the brand.
national key laboratory of advanced guidance and control technology,1,,National Key Laboratory of Advanced Guidance and Control Technology,CN,China,Hangzhou Dianzi University,context_decomposed_eccv26,https://www.hdu.edu.cn/,The literal laboratory component is retained under its named university host.
national key laboratory of advanced guidance and control technology,2,https://ror.org/0576gt767,Hangzhou Dianzi University,CN,China,,context_decomposed_eccv26,https://www.hdu.edu.cn/,Literal university component from the source segment.
visual analysis and perception laboratory aalborg university and pioneer centre for ai denmark,1,,Visual Analysis and Perception Laboratory,DK,Denmark,Aalborg University,context_decomposed_eccv26,https://www.en.aau.dk/,Literal laboratory component retained under the named university host.
visual analysis and perception laboratory aalborg university and pioneer centre for ai denmark,2,https://ror.org/04m5j1k67,Aalborg University,DK,Denmark,,context_decomposed_eccv26,https://www.en.aau.dk/,Literal university component from the source segment.
visual analysis and perception laboratory aalborg university and pioneer centre for ai denmark,3,,Pioneer Centre for AI,DK,Denmark,University of Copenhagen,context_decomposed_eccv26,https://www.aicentre.dk/,Literal research-centre component retained with its official host; no ROR is selected for the centre.
national innovation institute of defense technology academy of military sciences,1,,National Innovation Institute of Defense Technology,CN,China,PLA Academy of Military Sciences,context_decomposed_eccv26,https://www.ams.ac.cn/,The literal institute component is retained; no child ROR is selected.
national innovation institute of defense technology academy of military sciences,2,https://ror.org/05ct4s596,PLA Academy of Military Sciences,CN,China,,context_decomposed_eccv26,https://www.ams.ac.cn/,Literal parent academy component from the source segment.
national innovation institute of defense technology chinese academy of military science,1,,National Innovation Institute of Defense Technology,CN,China,PLA Academy of Military Sciences,context_decomposed_eccv26,https://www.ams.ac.cn/,The literal institute component is retained; no child ROR is selected.
national innovation institute of defense technology chinese academy of military science,2,https://ror.org/05ct4s596,PLA Academy of Military Sciences,CN,China,,context_decomposed_eccv26,https://www.ams.ac.cn/,Literal parent academy component from the source segment.
artificial intelligence institute of cetc,1,,Artificial Intelligence Institute,CN,China,China Electronics Technology Group Corporation,context_decomposed_eccv26,https://en.cetc.com.cn/zgdk/1593046/1593049/index.html,The literal institute component is retained; no child ROR is selected.
artificial intelligence institute of cetc,2,https://ror.org/0098hst83,China Electronics Technology Group Corporation,CN,China,,context_decomposed_eccv26,https://en.cetc.com.cn/zgdk/1593046/1593049/index.html,Literal CETC parent component from the source segment.
center for big data and intelligent medicine the first affiliated hospital of chongqing medical uni,1,,Center for Big Data and Intelligent Medicine,CN,China,The First Affiliated Hospital of Chongqing Medical University,context_decomposed_eccv26,https://www.fahcqmu.cn/ENGLISH_DEVE_About_us,Literal center component retained under the named hospital.
center for big data and intelligent medicine the first affiliated hospital of chongqing medical uni,2,,The First Affiliated Hospital of Chongqing Medical University,CN,China,Chongqing Medical University,context_decomposed_eccv26,https://www.fahcqmu.cn/ENGLISH_DEVE_About_us,Literal hospital component retained under the named university.
center for big data and intelligent medicine the first affiliated hospital of chongqing medical uni,3,https://ror.org/017z00e58,Chongqing Medical University,CN,China,,context_decomposed_eccv26,https://www.cqmu.edu.cn/english/,Literal university component from the source segment.
tu munich zeiss meditec,1,https://ror.org/02kkvpp62,Technical University of Munich,DE,Germany,,context_decomposed_eccv26,https://www.tum.de/en/about-tum,Literal university component from the source segment.
tu munich zeiss meditec,2,,Carl Zeiss Meditec AG,,,,context_decomposed_eccv26,https://www.zeiss.com/meditec-ag/en/about-us.html,Literal company component; country is not inferred from the brand.
tu darmstadt ellis,1,https://ror.org/05n911h24,Technische Universität Darmstadt,DE,Germany,,context_decomposed_eccv26,https://www.tu-darmstadt.de/universitaet/index.en.jsp,Literal university component from the source segment.
tu darmstadt ellis,2,,ELLIS,,,,context_decomposed_eccv26,https://ellis.eu/,Literal ELLIS component is retained without choosing a specific site.
traton ab kth,1,,TRATON AB,,,,context_decomposed_eccv26,https://traton.de/en/company/about-us.html,Literal company component; country is not inferred from the brand.
traton ab kth,2,https://ror.org/026vcq606,KTH Royal Institute of Technology,SE,Sweden,,context_decomposed_eccv26,https://www.kth.se/en,Literal university component from the source segment.
sorbonne universite valeo,1,https://ror.org/02en5vm52,Sorbonne Université,FR,France,,context_decomposed_eccv26,https://www.sorbonne-universite.fr/en,Literal university component from the source segment.
sorbonne universite valeo,2,,Valeo,,,,context_decomposed_eccv26,https://www.valeo.com/en/,Literal company component; country is not inferred from the brand.
snap inc university of oxford,1,,Snap Inc.,,,,context_decomposed_eccv26,https://snap.com/en-US/,Literal company component; country is not inferred from the brand.
snap inc university of oxford,2,https://ror.org/052gg0110,University of Oxford,GB,United Kingdom,,context_decomposed_eccv26,https://www.ox.ac.uk/about,Literal university component from the source segment.
smart centre mit,1,https://ror.org/05yb3w112,Singapore-MIT Alliance for Research and Technology (SMART),SG,Singapore,,context_decomposed_eccv26,https://portal.smart.mit.edu/,Official SMART page verifies the centre.
smart centre mit,2,https://ror.org/042nb2s44,Massachusetts Institute of Technology,US,United States,,context_decomposed_eccv26,https://www.mit.edu/about/,Literal MIT component from the source segment.
iaic a star,1,https://ror.org/01eczt548,Institute of Advanced Intelligence and Computing,SG,Singapore,,context_decomposed_eccv26,https://www.sgdi.gov.sg/ministries/mti/statutory-boards/a-star/departments/re/departments/iaic,Official Singapore Government directory verifies IAIC.
iaic a star,2,https://ror.org/036wvzt09,Agency for Science Technology and Research (A*STAR),SG,Singapore,,context_decomposed_eccv26,https://www.a-star.edu.sg/about,Official A*STAR page verifies the parent agency.
iaic a star singapore,1,https://ror.org/01eczt548,Institute of Advanced Intelligence and Computing,SG,Singapore,,context_decomposed_eccv26,https://www.sgdi.gov.sg/ministries/mti/statutory-boards/a-star/departments/re/departments/iaic,Official Singapore Government directory verifies IAIC.
iaic a star singapore,2,https://ror.org/036wvzt09,Agency for Science Technology and Research (A*STAR),SG,Singapore,,context_decomposed_eccv26,https://www.a-star.edu.sg/about,Official A*STAR page verifies the parent agency.
virginia tech linkedin corporation,1,https://ror.org/02smfhw86,Virginia Polytechnic Institute and State University,US,United States,,context_decomposed_eccv26,https://jobs.vt.edu/content/vt_edu/en/about.html,Same-paper context independently spells out Virginia Polytechnic Institute and State University.
virginia tech linkedin corporation,2,,LinkedIn Corporation,,,,context_decomposed_eccv26,https://brand.linkedin.com/business-books-and-media-usage,Literal corporate component; country is not inferred from the brand.
mila northeastern,1,https://ror.org/05c22rx21,Mila - Quebec Artificial Intelligence Institute,CA,Canada,,context_decomposed_eccv26,https://mila.quebec/en/,Literal Mila component from the source segment.
mila northeastern,2,https://ror.org/04t5xt781,Northeastern University,US,United States,,context_decomposed_eccv26,https://www.khoury.northeastern.edu/,Literal Northeastern component from the source segment.
sun yat sen university sagenic tech guangzhou technology co ltd,1,https://ror.org/0064kty71,Sun Yat-sen University,CN,China,,context_decomposed_eccv26,https://www.sysu.edu.cn/en/,Literal university component from the source segment.
sun yat sen university sagenic tech guangzhou technology co ltd,2,,Sagenic Tech Guangzhou Technology Co. Ltd.,,,,context_decomposed_eccv26,,Literal company component retained without a canonical identity because no official organization evidence was found.
ororatech nasa jpl,1,,OroraTech GmbH,,,,context_decomposed_eccv26,https://ororatech.com/company/about-us,Official OroraTech material identifies the literal company component; country is not inferred from the raw affiliation.
ororatech nasa jpl,2,https://ror.org/027k65916,Jet Propulsion Laboratory,US,United States,National Aeronautics and Space Administration,context_decomposed_eccv26,https://www.jpl.nasa.gov/,Literal NASA JPL component is normalized to the named NASA laboratory.
fraunhofer hhi humboldt university,1,https://ror.org/02tbr6331,"Fraunhofer Institute for Telecommunications, Heinrich Hertz Institute",DE,Germany,,context_decomposed_eccv26,https://www.hhi.fraunhofer.de/en,Literal research institute component from the ECVA source segment.
fraunhofer hhi humboldt university,2,https://ror.org/01hcx6992,Humboldt-Universität zu Berlin,DE,Germany,,context_decomposed_eccv26,https://www.hu-berlin.de/,Literal university component from the ECVA source segment.
universidad de zaragoza i3a spain caltech usa,1,https://ror.org/012a91z28,Universidad de Zaragoza,ES,Spain,,context_decomposed_eccv26,https://i3a.unizar.es/es/el-instituto,I3A is a university unit and is rolled up to Universidad de Zaragoza.
universidad de zaragoza i3a spain caltech usa,2,https://ror.org/05dxps055,California Institute of Technology,US,United States,,context_decomposed_eccv26,https://www.caltech.edu/about/at-a-glance,Literal Caltech component from the ECVA source segment.
foundation model research center institute of automation chinese academy of sciences beijing china and school of artificial intelligence university of chinese academy of sciences beijing ch,1,https://ror.org/022c3hy66,"Institute of Automation, Chinese Academy of Sciences",CN,China,,context_decomposed_eccv26,https://english.ia.cas.cn/,The Foundation Model Research Center is a unit of CASIA and is rolled up to its named parent.
foundation model research center institute of automation chinese academy of sciences beijing china and school of artificial intelligence university of chinese academy of sciences beijing ch,2,https://ror.org/05qbk4x57,University of Chinese Academy of Sciences,CN,China,,context_decomposed_eccv26,https://english.ucas.ac.cn/,The School of Artificial Intelligence is rolled up to its named university parent.
new laboratory of pattern recognition nlpr state key laboratory of multimodal artificial intelligence systems mais institute of automation chinese academy of sciences casia,1,https://ror.org/02aztsv52,State Key Laboratory of Pattern Recognition,CN,China,,context_decomposed_eccv26,https://english.ia.cas.cn/rd/200908/t20090807_27604.html,NLPR is retained as the literal research laboratory component.
new laboratory of pattern recognition nlpr state key laboratory of multimodal artificial intelligence systems mais institute of automation chinese academy of sciences casia,2,https://ror.org/022c3hy66,"Institute of Automation, Chinese Academy of Sciences",CN,China,,context_decomposed_eccv26,https://english.ia.cas.cn/rd/,MAIS is a CASIA subunit and is rolled up to its named parent.
shanghai ailab sjtu,1,https://ror.org/03wkvpx79,Shanghai Artificial Intelligence Laboratory,CN,China,,context_decomposed_eccv26,https://www.shlab.org.cn/,Literal laboratory component from the ECVA source segment.
shanghai ailab sjtu,2,https://ror.org/0220qvk04,Shanghai Jiao Tong University,CN,China,,context_decomposed_eccv26,https://en.sjtu.edu.cn/,Literal university component from the ECVA source segment.
shanghai innovation institute southeast university,1,,Shanghai Innovation Institute,CN,China,,context_decomposed_eccv26,https://www.sii.edu.cn/,Literal institute component with no pinned ROR record.
shanghai innovation institute southeast university,2,https://ror.org/04ct4d772,Southeast University,CN,China,,context_decomposed_eccv26,https://www.seu.edu.cn/english/,Literal university component from the ECVA source segment.
university of science and technology of china and shanghai innovation institute,1,https://ror.org/04c4dkn09,University of Science and Technology of China,CN,China,,context_decomposed_eccv26,https://en.ustc.edu.cn/,Literal university component from the ECVA source segment.
university of science and technology of china and shanghai innovation institute,2,,Shanghai Innovation Institute,CN,China,,context_decomposed_eccv26,https://www.sii.edu.cn/,Literal institute component with no pinned ROR record.
zhongguancun laboratory beijing,1,https://ror.org/00wk2mp56,Beihang University,CN,China,,context_decomposed_eccv26,https://ev.buaa.edu.cn/,Literal university component from the ECVA source segment.
zhongguancun laboratory beijing,2,,Zhongguancun Laboratory,CN,China,,context_decomposed_eccv26,https://www.zgc-lab.com/,Literal laboratory component with no pinned ROR record.
ai robot association,1,https://ror.org/04ma40g91,Japan Robot Association,JP,Japan,,context_decomposed_eccv26,https://www.jara.jp/,Literal association component from the ECVA source segment.
ai robot association,2,https://ror.org/057zh3y96,The University of Tokyo,JP,Japan,,context_decomposed_eccv26,https://www.u-tokyo.ac.jp/en/,Literal university component from the ECVA source segment.
zhejiang university shanghai institute for advanced study of zhejiang university shanghai ai laboratory,1,https://ror.org/00a2xv884,Zhejiang University,CN,China,,context_decomposed_eccv26,https://www.zju.edu.cn/english/,The named Shanghai institute is a Zhejiang University unit and is rolled up to its parent.
zhejiang university shanghai institute for advanced study of zhejiang university shanghai ai laboratory,2,https://ror.org/03wkvpx79,Shanghai Artificial Intelligence Laboratory,CN,China,,context_decomposed_eccv26,https://www.shlab.org.cn/,Literal laboratory component from the ECVA source segment.
university of verona university of genova,1,https://ror.org/039bp8j42,University of Verona,IT,Italy,,context_decomposed_eccv26,https://www.univr.it/en/home,Literal university component from the ECVA source segment.
university of verona university of genova,2,https://ror.org/0107c5v14,University of Genoa,IT,Italy,,context_decomposed_eccv26,https://unige.it/en,Literal university component from the ECVA source segment.
institute of physics and univ of the chinese academy of sciences,1,https://ror.org/05cvf7v30,Institute of Physics,CN,China,,context_decomposed_eccv26,https://english.iop.cas.cn/au/,Literal Institute of Physics component in the Chinese Academy context.
institute of physics and univ of the chinese academy of sciences,2,https://ror.org/05qbk4x57,University of Chinese Academy of Sciences,CN,China,,context_decomposed_eccv26,https://english.ucas.ac.cn/index.php/about-ucas/introduction,Literal UCAS component from the ECVA source segment.
carnegie mellon university meta,1,https://ror.org/05x2bcf33,Carnegie Mellon University,US,United States,,context_decomposed_eccv26,https://www.cmu.edu/,Literal university component from the ECVA source segment.
carnegie mellon university meta,2,,Meta,,,Meta,context_decomposed_eccv26,https://ai.meta.com/,Literal corporate component; research-site country is unstated.
meta ai university of oxford,1,,Meta AI,,,Meta,context_decomposed_eccv26,https://ai.meta.com/,Literal corporate research component; research-site country is unstated.
meta ai university of oxford,2,https://ror.org/052gg0110,University of Oxford,GB,United Kingdom,,context_decomposed_eccv26,https://www.ox.ac.uk/,Literal university component from the ECVA source segment.
tuebingen ai center university of tuebingen,1,https://ror.org/0107nyd78,Tübingen AI Center,DE,Germany,,context_decomposed_eccv26,https://tuebingen.ai,Literal center component from the ECVA source segment.
tuebingen ai center university of tuebingen,2,https://ror.org/03a1kwz48,University of Tübingen,DE,Germany,,context_decomposed_eccv26,https://www.uni-tuebingen.de/en/,Literal university component from the ECVA source segment.
cispa and sprintml,1,https://ror.org/02njgxr09,Helmholtz Center for Information Security,DE,Germany,,context_decomposed_eccv26,https://cispa.de/en,Literal CISPA component from the ECVA source segment.
cispa and sprintml,2,,SprintML,,,,context_decomposed_eccv26,https://sprintml.org,Literal company component with no pinned ROR record.
bosch university of lubeck,1,,Bosch,,,Bosch,context_decomposed_eccv26,https://www.bosch.com/company/,Literal corporate component; research-site country is unstated.
bosch university of lubeck,2,https://ror.org/00t3r8h32,University of Lübeck,DE,Germany,,context_decomposed_eccv26,https://www.uni-luebeck.de/,Literal university component from the ECVA source segment.
tu munich karlsruhe university of applied sciences,1,https://ror.org/02kkvpp62,Technical University of Munich,DE,Germany,,context_decomposed_eccv26,https://www.tum.de/en/,Literal university component from the ECVA source segment.
tu munich karlsruhe university of applied sciences,2,https://ror.org/01c0m1t63,Karlsruhe University of Applied Sciences,DE,Germany,,context_decomposed_eccv26,https://www.h-ka.de/en,Literal university component from the ECVA source segment.
shandong artificial intelligence institute,1,https://ror.org/04hyzq608,Qilu University of Technology,CN,China,,context_decomposed_eccv26,https://en.qlu.edu.cn/,Literal university component from the ECVA source segment.
shandong artificial intelligence institute,2,,Shandong Artificial Intelligence Institute,CN,China,,context_decomposed_eccv26,https://www.saii.ac.cn/,Literal institute component with no pinned ROR record.
usc institute for creative technologies university of southern california,1,https://ror.org/03hjhvn29,USC Institute for Creative Technologies,US,United States,,context_decomposed_eccv26,https://ict.usc.edu/,Literal institute component from the ECVA source segment.
usc institute for creative technologies university of southern california,2,https://ror.org/03taz7m60,University of Southern California,US,United States,,context_decomposed_eccv26,https://www.usc.edu/,Literal university component from the ECVA source segment.
institute for creative technologies university of southern california,1,https://ror.org/03hjhvn29,USC Institute for Creative Technologies,US,United States,,context_decomposed_eccv26,https://ict.usc.edu/,Literal institute component from the ECVA source segment.
institute for creative technologies university of southern california,2,https://ror.org/03taz7m60,University of Southern California,US,United States,,context_decomposed_eccv26,https://www.usc.edu/,Literal university component from the ECVA source segment.
lancaster university singapore university of technology and design,1,https://ror.org/04f2nsd36,Lancaster University,GB,United Kingdom,,context_decomposed_eccv26,https://www.lancaster.ac.uk/about-us/,Literal university component from the ECVA source segment.
lancaster university singapore university of technology and design,2,https://ror.org/05j6fvn87,Singapore University of Technology and Design,SG,Singapore,,context_decomposed_eccv26,https://www.sutd.edu.sg/About,Literal university component from the ECVA source segment.
harvard university and mit,1,https://ror.org/03vek6s52,Harvard University,US,United States,,context_decomposed_eccv26,https://www.harvard.edu/about/,Literal university component from the ECVA source segment.
harvard university and mit,2,https://ror.org/042nb2s44,Massachusetts Institute of Technology,US,United States,,context_decomposed_eccv26,https://www.mit.edu/about/,Literal university component from the ECVA source segment.
hong kong university of science and technology shenzhen research institute,1,https://ror.org/00q4vv597,Hong Kong University of Science and Technology,HK,Hong Kong,,context_decomposed_eccv26,https://hkust.edu.hk/about,Literal university component from the ECVA source segment.
hong kong university of science and technology shenzhen research institute,2,https://ror.org/00sz56h79,HKUST Shenzhen Research Institute,CN,China,,context_decomposed_eccv26,https://hkust.edu.hk/eng/about/campus/hkust-sri.html,Literal research-institute component from the ECVA source segment.
bosch research north america and bosch center for artificial intelligence bcai,1,,Bosch Research North America,,,Robert Bosch GmbH,context_decomposed_eccv26,https://www.bosch.com/research/about-bosch-research/research-locations/,Literal Bosch Research North America component; the raw string does not state a research-site country.
bosch research north america and bosch center for artificial intelligence bcai,2,,Bosch Center for Artificial Intelligence,,,Robert Bosch GmbH,context_decomposed_eccv26,https://www.bosch.com/research/bcai/,Literal BCAI component; the raw string does not state a research-site country.
snap inc northeastern university,1,,Snap Inc.,,,Snap Inc.,context_decomposed_eccv26,https://snap.com/en-US/,Literal corporate component; the source does not state a research-site country.
snap inc northeastern university,2,https://ror.org/04t5xt781,Northeastern University,US,United States,,context_decomposed_eccv26,https://www.northeastern.edu/about/,Literal U.S. Northeastern University component.
center for artificial intelligence and robotics new york university abu dhabi and embodied ai and robotics air lab new york university,1,https://ror.org/00e5k0821,New York University Abu Dhabi,AE,United Arab Emirates,,context_decomposed_eccv26,https://cair.nyuad.nyu.edu/,CAIR is a named NYU Abu Dhabi research center and is rolled up to its explicit host university.
center for artificial intelligence and robotics new york university abu dhabi and embodied ai and robotics air lab new york university,2,https://ror.org/00e5k0821,New York University Abu Dhabi,AE,United Arab Emirates,,context_decomposed_eccv26,https://nyuad.nyu.edu/en/research/faculty-labs-and-projects/multimedia-and-visual-computing-lab.html,AIR Lab is a named NYU Abu Dhabi research laboratory and is rolled up to its explicit host university.
eth zurich ctu in prague,1,https://ror.org/05a28rw58,ETH Zurich,CH,Switzerland,,context_decomposed_eccv26,https://ethz.ch/en/the-eth-zurich.html,Literal ETH Zurich component.
eth zurich ctu in prague,2,https://ror.org/03kqpb082,Czech Technical University in Prague,CZ,Czechia,,context_decomposed_eccv26,https://www.cvut.cz/en,Literal CTU in Prague component.
national yang ming chiao tung university nvidia,1,https://ror.org/00se2k293,National Yang Ming Chiao Tung University,TW,Taiwan,,context_decomposed_eccv26,https://www.nycu.edu.tw/nycu/en,Literal university component.
national yang ming chiao tung university nvidia,2,,NVIDIA,,,NVIDIA,context_decomposed_eccv26,https://www.nvidia.com/en-us/about-nvidia/,Literal corporate component; the source does not state an NVIDIA research site country.
sony group corporation the univ of tokyo,1,,Sony Group Corporation,,,Sony Group Corporation,context_decomposed_eccv26,https://www.sony.com/en/SonyInfo/CorporateInfo/,Literal corporate component; the source does not state a research-site country.
sony group corporation the univ of tokyo,2,https://ror.org/057zh3y96,The University of Tokyo,JP,Japan,,context_decomposed_eccv26,https://www.u-tokyo.ac.jp/en/,Literal university component.
technion nvidia,1,https://ror.org/03qryx823,Technion – Israel Institute of Technology,IL,Israel,,context_decomposed_eccv26,https://www.technion.ac.il/en/,Literal Technion component.
technion nvidia,2,,NVIDIA,,,NVIDIA,context_decomposed_eccv26,https://www.nvidia.com/en-us/about-nvidia/,Literal corporate component; the source does not state an NVIDIA research-site country.
zhejiang university bytedance seed,1,https://ror.org/00a2xv884,Zhejiang University,CN,China,,context_decomposed_eccv26,https://www.zju.edu.cn/english/,Literal Zhejiang University component.
zhejiang university bytedance seed,2,,ByteDance Seed,,,ByteDance,context_decomposed_eccv26,https://seed.bytedance.com/en/research,Literal ByteDance research-unit component; the source does not state a research-site country.
adobe northeastern university,1,,Adobe,,,Adobe,context_decomposed_eccv26,https://www.adobe.com/about-adobe.html,Literal corporate component; the source does not state an Adobe research-site country.
adobe northeastern university,2,https://ror.org/04t5xt781,Northeastern University,US,United States,,context_decomposed_eccv26,https://www.northeastern.edu/about/,Literal U.S. Northeastern University component.
ai center toronto samsung electronics,1,,Samsung AI Center Toronto,CA,Canada,Samsung Electronics,context_decomposed_eccv26,https://research.samsung.com/global-rnd-network,Official Samsung R&D network identifies the Toronto AI Center; canonical site country follows the explicit Toronto research-center label rather than Samsung's South Korean parent ROR.
archimedes ai and ntua,1,https://ror.org/0576by029,Athena Research and Innovation Center In Information Communication and Knowledge Technologies,GR,Greece,Athena Research Center,context_decomposed_eccv26,https://archimedesai.gr/en,ARCHIMEDES is an Athena Research Center unit.
archimedes ai and ntua,2,https://ror.org/03cx6bg69,National Technical University of Athens,GR,Greece,,context_decomposed_eccv26,https://www.ntua.gr/en/,Literal NTUA component.
armines minesparis psl,1,https://ror.org/00dcrfk74,ARMINES,FR,France,,context_decomposed_eccv26,https://www.armines.net/en,Literal ARMINES research organization.
armines minesparis psl,2,https://ror.org/013cjyk83,Université Paris Sciences et Lettres,FR,France,Mines Paris,context_decomposed_eccv26,https://www.minesparis.psl.eu/,Mines Paris PSL is represented by the active PSL parent ROR in the local index.
asu adobe,1,https://ror.org/03efmqc40,Arizona State University,US,United States,,context_decomposed_eccv26,https://www.asu.edu/about,Literal ASU component.
asu adobe,2,,Adobe,,,Adobe,context_decomposed_eccv26,https://www.adobe.com/about-adobe.html,Literal corporate component; the source does not state an Adobe research-site country.
atr riken,1,https://ror.org/01pe1d703,Advanced Telecommunications Research Institute International,JP,Japan,,context_decomposed_eccv26,https://www.atr.jp/,Literal ATR component.
atr riken,2,https://ror.org/01sjwvz98,RIKEN,JP,Japan,,context_decomposed_eccv26,https://www.riken.jp/en/,Literal RIKEN component.
china citic bank citic group,1,,China CITIC Bank,CN,China,CITIC Group,context_decomposed_eccv26,https://www.citicbank.com/en/,Literal China CITIC Bank component with no matching pinned local ROR record.
china citic bank citic group,2,https://ror.org/037b6wy35,CITIC Group (China),CN,China,,context_decomposed_eccv26,https://www.citic.com/en/,Literal CITIC Group component.
huanjiang laboratory zhejiang university,1,,Huanjiang Laboratory,CN,China,,context_decomposed_eccv26,https://huanjianglab.zju.edu.cn/,Literal research-laboratory component from the source affiliation; the official site identifies Huanjiang Laboratory.
huanjiang laboratory zhejiang university,2,https://ror.org/00a2xv884,Zhejiang University,CN,China,,context_decomposed_eccv26,https://www.zju.edu.cn/english/,Literal Zhejiang University component from the source affiliation.
enpc ip paris,1,https://ror.org/02nwvxz07,École nationale des ponts et chaussées,FR,France,,context_decomposed_eccv26,https://www.ecoledesponts.fr/,Literal ENPC component from the source affiliation.
enpc ip paris,2,https://ror.org/042tfbd02,Institut Polytechnique de Paris,FR,France,,context_decomposed_eccv26,https://www.ip-paris.fr/en,Literal Institut Polytechnique de Paris component from the source affiliation.
hust and pcl,1,https://ror.org/00p991c53,Huazhong University of Science and Technology,CN,China,,context_decomposed_eccv26,https://english.hust.edu.cn/,Literal HUST component from the source affiliation.
hust and pcl,2,https://ror.org/03qdqbt06,Peng Cheng Laboratory,CN,China,,context_decomposed_eccv26,https://www.pcl.ac.cn/,Literal Peng Cheng Laboratory component from the source affiliation.
insait sofia university st kliment ohridski,1,,"Institute for Computer Science, Artificial Intelligence and Technology (INSAIT)",BG,Bulgaria,"Sofia University ""St. Kliment Ohridski""",context_decomposed_eccv26,https://insait.ai/sofia-university/,Literal INSAIT component; official source identifies it as a Sofia University unit and no pinned ROR record exists.
insait sofia university st kliment ohridski,2,https://ror.org/02jv3k292,"Sofia University ""St. Kliment Ohridski""",BG,Bulgaria,,context_decomposed_eccv26,https://insait.ai/sofia-university/,Literal Sofia University component from the source affiliation.
inria google,1,https://ror.org/02kvxyf05,Institut national de recherche en sciences et technologies du numérique,FR,France,,context_decomposed_eccv26,https://www.inria.fr/en,Literal Inria component from the source affiliation.
inria google,2,,Google,,,Google,context_decomposed_eccv26,https://about.google/,Literal corporate component; the source does not state a research-site country.
nanyang technological university a star,1,https://ror.org/02e7b5302,Nanyang Technological University,SG,Singapore,,context_decomposed_eccv26,https://www.ntu.edu.sg/about-us,Literal university component from the source affiliation.
nanyang technological university a star,2,https://ror.org/036wvzt09,"Agency for Science, Technology and Research",SG,Singapore,,context_decomposed_eccv26,https://www.a-star.edu.sg/,Literal A*STAR component from the source affiliation.
new york university tsinghua university,1,https://ror.org/0190ak572,New York University,US,United States,,context_decomposed_eccv26,https://www.nyu.edu/,Literal NYU component from the source affiliation.
new york university tsinghua university,2,https://ror.org/03cve4549,Tsinghua University,CN,China,,context_decomposed_eccv26,https://www.tsinghua.edu.cn/en/,Literal Tsinghua University component from the source affiliation.
microsoft university of washington,1,,Microsoft,,,Microsoft,context_decomposed_eccv26,https://www.microsoft.com/en-us/about,Literal corporate component; the source does not state a research-site country.
microsoft university of washington,2,https://ror.org/00cvxb145,University of Washington,US,United States,,context_decomposed_eccv26,https://www.washington.edu/about/,Literal university component from the source affiliation.
qualcomm auto ltd sweden filial linkoping university,1,,Qualcomm Auto Ltd Sweden Filial,SE,Sweden,Qualcomm,context_decomposed_eccv26,https://www.qualcomm.com/company,Literal Qualcomm Sweden entity component from the source affiliation.
qualcomm auto ltd sweden filial linkoping university,2,https://ror.org/05ynxx418,Linköping University,SE,Sweden,,context_decomposed_eccv26,https://liu.se/en,Literal university component from the source affiliation.
samsung university of surrey,1,,Samsung,,,Samsung,context_decomposed_eccv26,https://www.samsung.com/global/about-us/,Literal corporate component; the source does not state a research-site country.
samsung university of surrey,2,https://ror.org/00ks66431,University of Surrey,GB,United Kingdom,,context_decomposed_eccv26,https://www.surrey.ac.uk/about,Literal university component from the source affiliation.
posts and telecommunications institute of technology and vinai research,1,https://ror.org/0363rtq22,Posts and Telecommunications Institute of Technology,VN,Vietnam,,context_decomposed_eccv26,https://english.ptit.edu.vn/,Literal university component from the source affiliation.
posts and telecommunications institute of technology and vinai research,2,,VinAI,,,Vingroup,context_decomposed_eccv26,https://vinai.io/,Literal research-company component; the source does not state a research-site country.
new york university and amazon,1,https://ror.org/0190ak572,New York University,US,United States,,context_decomposed_eccv26,https://www.nyu.edu/,Literal university component from the source affiliation.
new york university and amazon,2,,Amazon,,,Amazon,context_decomposed_eccv26,https://www.aboutamazon.com/,Literal corporate component; the source does not state a research-site country.
tu graz eth zurich,1,https://ror.org/00d7xrm67,Graz University of Technology,AT,Austria,,context_decomposed_eccv26,https://www.tugraz.at/en/home,Literal TU Graz component from the source affiliation.
tu graz eth zurich,2,https://ror.org/05a28rw58,ETH Zurich,CH,Switzerland,,context_decomposed_eccv26,https://ethz.ch/en/the-eth-zurich.html,Literal ETH Zurich component from the source affiliation.
uc berkeley caltech,1,https://ror.org/01an7q238,"University of California, Berkeley",US,United States,,context_decomposed_eccv26,https://www.berkeley.edu/,Literal UC Berkeley component from the source affiliation.
uc berkeley caltech,2,https://ror.org/05dxps055,California Institute of Technology,US,United States,,context_decomposed_eccv26,https://www.caltech.edu/,Literal Caltech component from the source affiliation.
uni bonn eth zurich,1,https://ror.org/041nas322,University of Bonn,DE,Germany,,context_decomposed_eccv26,https://www.uni-bonn.de/en,Literal University of Bonn component from the source affiliation.
uni bonn eth zurich,2,https://ror.org/05a28rw58,ETH Zurich,CH,Switzerland,,context_decomposed_eccv26,https://ethz.ch/en/the-eth-zurich.html,Literal ETH Zurich component from the source affiliation.
usc jhu,1,https://ror.org/03taz7m60,University of Southern California,US,United States,,context_decomposed_eccv26,https://www.usc.edu/,Literal USC component from the source affiliation.
usc jhu,2,https://ror.org/00za53h95,Johns Hopkins University,US,United States,,context_decomposed_eccv26,https://www.jhu.edu/about/,Literal Johns Hopkins University component from the source affiliation.
nii sokendai,1,https://ror.org/04ksd4g47,National Institute of Informatics,JP,Japan,,context_decomposed_eccv26,https://www.nii.ac.jp/en/,Literal NII component from the source affiliation.
nii sokendai,2,https://ror.org/0516ah480,"The Graduate University for Advanced Studies, SOKENDAI",JP,Japan,,context_decomposed_eccv26,https://www.soken.ac.jp/en/,Literal SOKENDAI component from the source affiliation.
institute of deep perception technology jitri,1,,Institute of Deep Perception Technology,CN,China,,context_decomposed_eccv26,https://www.jitri.cn/en/zys,Literal JITRI institute component with no matching pinned ROR record.
institute of deep perception technology jitri,2,,Jiangsu Industrial Technology Research Institute,CN,China,,context_decomposed_eccv26,https://www.jitri.cn/en/zys,Literal JITRI parent component with no matching pinned ROR record.
cuhk and nvidia,1,https://ror.org/00t33hh48,Chinese University of Hong Kong,HK,Hong Kong,,context_decomposed_eccv26,https://cuhk.edu.hk/english/aboutus/university-intro.html,Literal Chinese University of Hong Kong component.
cuhk and nvidia,2,,NVIDIA,,,NVIDIA,context_decomposed_eccv26,https://www.nvidia.com/en-us/about-nvidia/,Literal corporate component; the source does not state an NVIDIA research-site country.
cuhk google deepmind,1,https://ror.org/00t33hh48,Chinese University of Hong Kong,HK,Hong Kong,,context_decomposed_eccv26,https://cuhk.edu.hk/english/aboutus/university-intro.html,Literal Chinese University of Hong Kong component.
cuhk google deepmind,2,,Google DeepMind,,,Google,context_decomposed_eccv26,https://deepmind.google/,Literal corporate research component; the source does not state a research-site country.
cyberagent hokkaido u,1,,CyberAgent,,,CyberAgent,context_decomposed_eccv26,https://www.cyberagent.co.jp/en/,Literal corporate component; the source does not state a research-site country.
cyberagent hokkaido u,2,https://ror.org/02e16g702,Hokkaido University,JP,Japan,,context_decomposed_eccv26,https://www.global.hokudai.ac.jp/,Literal Hokkaido University component.
deepmind ucl,1,,Google DeepMind,,,Google,context_decomposed_eccv26,https://deepmind.google/,Literal corporate research component; the source does not state a research-site country.
deepmind ucl,2,https://ror.org/02jx3x895,University College London,GB,United Kingdom,,context_decomposed_eccv26,https://www.ucl.ac.uk/,Literal University College London component.
deepmind uiuc,1,,Google DeepMind,,,Google,context_decomposed_eccv26,https://deepmind.google/,Literal corporate research component; the source does not state a research-site country.
deepmind uiuc,2,https://ror.org/047426m28,University of Illinois Urbana-Champaign,US,United States,,context_decomposed_eccv26,https://illinois.edu/about/,Literal university component.
epfl google,1,https://ror.org/02s376052,École Polytechnique Fédérale de Lausanne,CH,Switzerland,,context_decomposed_eccv26,https://www.epfl.ch/about/,Literal EPFL component.
epfl google,2,,Google,,,Google,context_decomposed_eccv26,https://about.google/,Literal corporate component; the source does not state a research-site country.
eth zurich uzh,1,https://ror.org/05a28rw58,ETH Zurich,CH,Switzerland,,context_decomposed_eccv26,https://ethz.ch/en.html,Literal ETH Zurich component.
eth zurich uzh,2,https://ror.org/02crff812,University of Zurich,CH,Switzerland,,context_decomposed_eccv26,https://www.uzh.ch/en.html,Literal University of Zurich component.
georgia tech university of washington,1,https://ror.org/01zkghx44,Georgia Institute of Technology,US,United States,,context_decomposed_eccv26,https://www.gatech.edu/about,Literal Georgia Institute of Technology component.
georgia tech university of washington,2,https://ror.org/00cvxb145,University of Washington,US,United States,,context_decomposed_eccv26,https://www.washington.edu/about/,Literal University of Washington component.
google deepmind and imagine lab enpc,1,,Google DeepMind,,,Google,context_decomposed_eccv26,https://deepmind.google/,Literal corporate research component; the source does not state a research-site country.
google deepmind and imagine lab enpc,2,https://ror.org/02nwvxz07,École nationale des ponts et chaussées,FR,France,,context_decomposed_eccv26,https://imagine-lab.enpc.fr/,IMAGINE Lab is an École des Ponts ParisTech-hosted research group and is rolled up to its host institution.
hust university xiaomi corporation,1,https://ror.org/00p991c53,Huazhong University of Science and Technology,CN,China,,context_decomposed_eccv26,https://english.hust.edu.cn/,Literal HUST component.
hust university xiaomi corporation,2,,Xiaomi Corporation,,,Xiaomi,context_decomposed_eccv26,https://www.mi.com/global/about/,Literal corporate component; the source does not state a research-site country.
korea university lg uplus corp,1,https://ror.org/047dqcg40,Korea University,KR,South Korea,,context_decomposed_eccv26,https://www.korea.ac.kr/en/index.do,Literal Korean Korea University component evidenced by the Sejong-campus affiliation context.
korea university lg uplus corp,2,,LG Uplus Corp.,,,LG Uplus,context_decomposed_eccv26,https://www.lguplus.com/eng/main,Literal corporate component; the source does not state a research-site country.
kth zenseact,1,https://ror.org/026vcq606,KTH Royal Institute of Technology,SE,Sweden,,context_decomposed_eccv26,https://www.kth.se/en,Literal KTH component.
kth zenseact,2,,Zenseact,,,Zenseact,context_decomposed_eccv26,https://www.zenseact.com/,Literal corporate component; the source does not state a research-site country.
university of chinese academy of sciences shanghai astronomical observatory,1,https://ror.org/05qbk4x57,University of Chinese Academy of Sciences,CN,China,,context_decomposed_eccv26,https://english.ucas.edu.cn/,Literal university component from the ECVA source segment.
university of chinese academy of sciences shanghai astronomical observatory,2,https://ror.org/003n8re58,Shanghai Astronomical Observatory,CN,China,,context_decomposed_eccv26,https://english.shao.cas.cn/,Literal observatory component from the ECVA source segment.
computer vision center universitat autonoma de barcelona,1,https://ror.org/00s0nnj93,Computer Vision Center,ES,Spain,,context_decomposed_eccv26,https://www.cvc.uab.es/about-us/,Literal independent research-center component from the ECVA source segment.
computer vision center universitat autonoma de barcelona,2,https://ror.org/052g8jq94,Universitat Autònoma de Barcelona,ES,Spain,,context_decomposed_eccv26,https://www.uab.cat/web/about-the-uab-1345667148996.html,Literal university component from the ECVA source segment.
certh iti,1,https://ror.org/03bndpq63,Centre for Research and Technology Hellas,GR,Greece,,context_decomposed_eccv26,https://www.certh.gr/5B4D1A98.en.aspx,Literal CERTH parent component from the ECVA source segment.
certh iti,2,https://ror.org/0069akp70,Information Technologies Institute,GR,Greece,,context_decomposed_eccv26,https://www.iti.gr/iti,Literal ITI institute component from the ECVA source segment.
eth zurich microsoft,1,https://ror.org/05a28rw58,ETH Zurich,CH,Switzerland,,context_decomposed_eccv26,https://ethz.ch/en/the-eth-zurich.html,Literal university component from the ECVA source segment.
eth zurich microsoft,2,,Microsoft,,,Microsoft,context_decomposed_eccv26,https://www.microsoft.com/en-us/about,Literal company component from the ECVA source segment; the research site is unstated.
mit nvidia,1,https://ror.org/042nb2s44,Massachusetts Institute of Technology,US,United States,,context_decomposed_eccv26,https://www.mit.edu/about/,Literal university component from the ECVA source segment.
mit nvidia,2,,NVIDIA,,,NVIDIA,context_decomposed_eccv26,https://www.nvidia.com/en-us/about-nvidia/,Literal company component from the ECVA source segment; the research site is unstated.
umass amherst ibm,1,https://ror.org/0072zz521,University of Massachusetts Amherst,US,United States,,context_decomposed_eccv26,https://www.umass.edu/brand/book/editorial-style-guide/university-massachusetts-amherst-our-name-print-and-online,Literal university component from the ECVA source segment.
umass amherst ibm,2,,IBM,,,IBM,context_decomposed_eccv26,https://research.ibm.com/about,Literal company component from the ECVA source segment; the research site is unstated.
university of bristol and google deepmind,1,https://ror.org/0524sp257,University of Bristol,GB,United Kingdom,,context_decomposed_eccv26,https://www.bristol.ac.uk/about/,Literal university component from the ECVA source segment.
university of bristol and google deepmind,2,,Google DeepMind,,,Google,context_decomposed_eccv26,https://deepmind.google/,Literal company component from the ECVA source segment; the research site is unstated.
university of oxford and google deepmind,1,https://ror.org/052gg0110,University of Oxford,GB,United Kingdom,,context_decomposed_eccv26,https://www.ox.ac.uk/about/how-we-are-run/governance-finance/university-as-charity,Literal university component from the ECVA source segment.
university of oxford and google deepmind,2,,Google DeepMind,,,Google,context_decomposed_eccv26,https://deepmind.google/,Literal company component from the ECVA source segment; the research site is unstated.
google deepmind and university of toronto,1,,Google DeepMind,,,Google,context_decomposed_eccv26,https://deepmind.google/,Literal company component from the ECVA source segment; the research site is unstated.
google deepmind and university of toronto,2,https://ror.org/03dbr7087,University of Toronto,CA,Canada,,context_decomposed_eccv26,https://www.utoronto.ca/about-u-of-t,Literal university component from the ECVA source segment.
google deepmind university of toronto,1,,Google DeepMind,,,Google,context_decomposed_eccv26,https://deepmind.google/,Literal company component from the ECVA source segment.
google deepmind university of toronto,2,https://ror.org/03dbr7087,University of Toronto,CA,Canada,,context_decomposed_eccv26,https://www.utoronto.ca/about-u-of-t,Literal university component from the ECVA source segment.
university of michigan voxel51,1,https://ror.org/00jmfr291,University of Michigan,US,United States,,context_decomposed_eccv26,https://umich.edu/about/,Literal university component from the ECVA source segment.
university of michigan voxel51,2,,Voxel51,,,Voxel51,context_decomposed_eccv26,https://voxel51.com/about,Literal company component from the ECVA source segment; the research site is unstated.
massachusetts general hospital harvard university,1,https://ror.org/002pd6e78,Massachusetts General Hospital,US,United States,,context_decomposed_eccv26,https://www.massgeneral.org/,Literal hospital component from the ECVA source segment.
massachusetts general hospital harvard university,2,https://ror.org/03vek6s52,Harvard University,US,United States,,context_decomposed_eccv26,https://www.harvard.edu/about/,Literal university component from the ECVA source segment.
insait sofia university,1,,Institute for Computer Science Artificial Intelligence and Technology,BG,Bulgaria,Sofia University "St. Kliment Ohridski",context_decomposed_eccv26,https://insait.ai/what-is-insait/,Literal INSAIT component from the ECVA source segment; INSAIT is a special Sofia University unit and has no pinned ROR record.
insait sofia university,2,https://ror.org/02jv3k292,"Sofia University ""St. Kliment Ohridski""",BG,Bulgaria,,context_decomposed_eccv26,https://www.uni-sofia.bg/index.php/eng/university,Literal university component from the ECVA source segment.
the swiss ai lab idsia usi supsi,1,https://ror.org/013355g38,Dalle Molle Institute for Artificial Intelligence Research,CH,Switzerland,,context_decomposed_eccv26,https://www.idsia.ch,Literal IDSIA research-institute component from the ECVA source segment.
the swiss ai lab idsia usi supsi,2,https://ror.org/03c4atk17,Università della Svizzera italiana,CH,Switzerland,,context_decomposed_eccv26,https://www.usi.ch/en/university/where-to-find-us,Literal USI university component from the ECVA source segment.
the swiss ai lab idsia usi supsi,3,https://ror.org/05ep8g269,University of Applied Sciences and Arts of Southern Switzerland,CH,Switzerland,,context_decomposed_eccv26,https://www.supsi.ch,Literal SUPSI university component from the ECVA source segment.
waabi university of toronto,1,,Waabi,,,Waabi,context_decomposed_eccv26,https://waabi.ai/company,Literal company component from the ECVA source segment; the research site is unstated.
waabi university of toronto,2,https://ror.org/03dbr7087,University of Toronto,CA,Canada,,context_decomposed_eccv26,https://www.utoronto.ca/about-u-of-t,Literal university component from the ECVA source segment.
university of british columbia and vector institute,1,https://ror.org/03rmrcq20,University of British Columbia,CA,Canada,,context_decomposed_eccv26,https://www.ubc.ca/about/,Literal university component from the ECVA source segment.
university of british columbia and vector institute,2,https://ror.org/03kqdja62,Vector Institute for Artificial Intelligence,CA,Canada,,context_decomposed_eccv26,https://vectorinstitute.ai/about/,Literal AI institute component from the ECVA source segment.
