paper_uid,author_name_raw,source_segment_raw,decision_status,canonical_organizations,canonical_ror_ids,country_codes,country_names,evidence_kind,evidence_url,evidence_note
1305f6c705349316360c3ccfe7cfe847,Mengcheng Lan,Lan Mengcheng,primary_source_resolved,ByteDance | Nanyang Technological University, | https://ror.org/02e7b5302,CN | SG,China | Singapore,primary_preprint,https://arxiv.org/html/2605.00809,"The preprint identifies Mengcheng Lan with ByteDance and Nanyang Technological University; the ECVA text contains only the name."
13bf4a96378f3854bcd9792d132eff9f,Jeongsoo Kim,Independent Researcher,confirmed_independent,,,,,primary_preprint,https://arxiv.org/html/2607.11088,"The paper explicitly describes Jeongsoo Kim as an Independent Researcher."
17b3c7061788dbe82de5abe9f6fe22b3,zhongyuan hu,China,paper_context_inferred,Tsinghua University,https://ror.org/03cve4549,CN,China,primary_preprint,https://arxiv.org/html/2603.13375,"The paper's author-affiliation block assigns Zhongyuan Hu to the Tsinghua/Peng Cheng/S-Lab affiliation set; the ECVA field has collapsed it to a country literal."
1e1d184167ca7676cf665225e236a3d2,Mou XiaoFeng,AI Innovation Center,primary_source_resolved,Midea AI Research Center,,CN,China,project_page,https://echo-midea-airc.github.io/,"The project page identifies Xiaofeng Mou and labels the affiliation AIRC, Midea Group."
2668a7105966cae6e23901495176b8f9,Yuheng Jia,China,primary_source_resolved,Southeast University,https://ror.org/04ct4d772,CN,China,author_homepage,https://jyh-learning.github.io/papers.html,"The author's publication page identifies Yuheng Jia with the School of Computer Science and Engineering, Southeast University and lists this paper."
30270b7a8f7d456b15e65e299b5bf199,Aleksandr Razin,Independent,source_artifact_no_assignment,,,,,source_snapshot,,"The same immutable source field explicitly names St. Petersburg State Polytechnical University; the Independent fragment is not a second institution."
30270b7a8f7d456b15e65e299b5bf199,Kazantsev Danil,Independent Researcher,primary_source_resolved,ITMO University,https://ror.org/04txgxn49,RU,Russia,primary_preprint,https://arxiv.org/html/2511.10629,"The paper lists Danil Kazantsev's niuitmo.ru address, supporting ITMO University despite the ECVA Independent Researcher literal."
3488330ba18d83e3d0ab177178ca66eb,Rong Qin,无,primary_source_resolved,Nankai University,https://ror.org/01y1kjr75,CN,China,author_homepage,https://qinrong-nku.github.io/,"The author's page identifies Rong Qin as a Nankai University PhD student and lists this ECCV paper."
34d94cf9ca228a78848313df32d668d1,Jun Huang,independent researcher,source_artifact_no_assignment,,,,,source_snapshot,,"Alibaba Group is already explicitly retained in the same source affiliation string; the independent fragment adds no distinct organization."
3521a3a5bcfea0fe1189f8bc13af1f99,Song Park,Individual,primary_source_resolved,NAVER AI Lab,,KR,South Korea,primary_preprint,https://arxiv.org/html/2609.10292,"The preprint gives Song Park's affiliation as NAVER AI Lab."
421b3ac5c24ee992edd6087611c60dbb,Hsien-Yi Wang,Independent Researcher,primary_source_resolved,University of Mannheim,https://ror.org/031bsb921,DE,Germany,primary_preprint,https://arxiv.org/html/2509.05441,"The preprint gives Hsien-Yi Wang's affiliation as the University of Mannheim."
58155fc7f528a19b9fc3599b65047290,Lingjing Kong,"Computer Science Department, School of Computer Science",primary_source_resolved,Carnegie Mellon University,https://ror.org/05x2bcf33,US,United States,primary_preprint,https://openreview.net/pdf/59b279f9c968a1d39accad76ae1bff818a0e569e.pdf,"The paper's author-affiliation block identifies first author Lingjing Kong with Carnegie Mellon University."
5eed6c6e569d984796ebca9c1169451e,Xingfu Yi,Independent Researcher,paper_context_inferred,Zhejiang University,https://ror.org/00a2xv884,CN,China,author_project_and_lab_page,https://rongpeng.info/team/,"The Fill2SR official repository is owned by Xingfu-Yi, and Rongpeng Li's Zhejiang University team page identifies Yi Xingfu as a master's student; the mapping is retained as inferred rather than paper-header verified."
695553c0c5ba292284a3e1e64da6ed47,Nuoye Xiong,Student,primary_source_resolved,Xidian University,https://ror.org/05s92vm98,CN,China,primary_preprint,https://arxiv.org/html/2606.26891,"The preprint identifies Nuoye Xiong with the School of Computer Science and Technology, Xidian University."
6be5336db2c119736cf48f475e051bfe,Artur Bekasov,Faculty,primary_source_resolved,Faculty,,GB,United Kingdom,primary_preprint_and_author_homepage,https://abksv.me/,"The DiTailed preprint uses Artur Bekasov's @faculty.ai address, and his homepage identifies him as Lead Research Scientist at Faculty; organization country follows Faculty's official London address."
6c351da15b5e8a743a21ee96a86e25df,Sidan DU,Nanjing,primary_source_resolved,Nanjing University,https://ror.org/01rxvg760,CN,China,primary_preprint,https://arxiv.org/html/2608.10500,"The DSAR preprint identifies Sidan Du with Nanjing University."
6e0e24295e8a86282cb559b860416812,Bo Yan,Independent,primary_source_resolved,Tsinghua University Shenzhen International Graduate School,https://ror.org/03cve4549,CN,China,primary_preprint,https://arxiv.org/html/2607.01990,"The preprint gives Bo Yan's affiliation as Shenzhen International Graduate School, Tsinghua University."
769675d7c11f336ae6573e7e533570ec,Chenghao Qian,SN4 APD 7EK,primary_source_resolved,University of Leeds,https://ror.org/024mrxd33,GB,United Kingdom,primary_preprint,https://arxiv.org/html/2606.29020,"The postcode-only ECVA fragment is resolved by the paper's author block, which identifies Chenghao Qian with the University of Leeds."
800d7c5998783ff37a6125f825db6247,Seung-Ah Lee,Technology,source_artifact_no_assignment,,,,,source_snapshot,,"Technology is a parser fragment of the already retained Ulsan National Institute of Science and Technology source text, not another affiliation."
81b073de9370ea873f548e31b8adc081,Fabio Maninchedda,Independent,primary_source_resolved,Apple,,US,United States,primary_preprint,https://arxiv.org/html/2605.04035,"The preprint's author block identifies Fabio Maninchedda with Apple."
81b073de9370ea873f548e31b8adc081,Alexey Artemov,Independent,primary_source_resolved,Apple,,US,United States,primary_preprint,https://arxiv.org/html/2605.04035,"The preprint's author block identifies Alexey Artemov with Apple."
9087b0efc7c7acd1ef7e153678809c77,Zhou Xiao,Pattern recognition center,primary_source_resolved,Tencent WeChat AI,,CN,China,primary_preprint,https://arxiv.org/html/2602.09934,"The paper lists Xiao Zhou (the ECVA name-order variant) with WeChat AI, Tencent Inc."
9713faa264b94e2bf346a1bb52587fd8,Yangfan He,N/A,paper_context_inferred,Nanyang Technological University,https://ror.org/02e7b5302,SG,Singapore,author_lab_page,https://jaehong31.github.io/people.html,"The NTU lab's people page identifies Yangfan He as an NTU PhD student beginning Fall 2026, consistent with this August 2026 ECCV paper; this remains an explicit inference."
97d98119037c5b8a9663cb21fb8ebf47,Sethuraman T V,Department of Computer Science,primary_source_resolved,University of Illinois Urbana-Champaign,https://ror.org/047426m28,US,United States,primary_preprint,https://arxiv.org/pdf/2604.18573,"The T-REN paper identifies Sethuraman T V with the University of Illinois Urbana-Champaign."
991d912445bd396599bbb31f697005bc,Yufei Zhang,Independent,confirmed_independent,,,,,primary_preprint,https://arxiv.org/html/2607.22355,"The SiPhy preprint explicitly lists Yufei Zhang as an Independent Researcher."
a376802c0811f1b9088828288eb0d3f0,Shijie Huang,Independent Reseacher,primary_source_resolved,Alibaba Group,,CN,China,project_page,https://liveavatar.github.io/,"The Live Avatar project page marks Shijie Huang with affiliation 2, Alibaba Group."
b0490b85e92b64dbb5db76bf8fca6a82,Yangfan He,N/A,primary_source_resolved,Nanyang Technological University,https://ror.org/02e7b5302,SG,Singapore,primary_preprint,https://arxiv.org/html/2603.10652,"The ROVA preprint identifies Yangfan He with Nanyang Technological University."
b670dfc593340027581047db105f3347,Ke Ni,/,source_artifact_no_assignment,,,,,source_snapshot,,"The slash is an empty placeholder after an already explicit Amazon affiliation."
b98249b38337c5088bbc660d8f872d6a,Chih-Hao Lin,Department of Computer Science,paper_context_inferred,University of Illinois Urbana-Champaign,https://ror.org/047426m28,US,United States,primary_preprint,https://arxiv.org/html/2512.16908,"The paper's affiliation block and the author's Illinois materials support UIUC; the ECVA string names only a department."
c3d96fbd5b1b45096ff04c04038fff5d,Sourabh Sharma,Independent Researcher,primary_source_resolved,Malaviya National Institute of Technology Jaipur,https://ror.org/0077k1j32,IN,India,primary_preprint,https://arxiv.org/html/2606.22158,"The preprint directly identifies Sourabh Sharma with Malaviya National Institute of Technology Jaipur."
d714d2c5a796d5814c565d78dd16188d,Rahim Entezari,Stealth,primary_source_resolved,Stability AI,,GB,United Kingdom,author_homepage,https://rahimentezari.github.io/,"The author's page identifies Rahim Entezari as a Stability AI research scientist and lists SD3.5 Flash. Organization country follows the audited Stability AI United Kingdom record."
d8bf84be3800d12f74d8b05e9b89836f,Zhijie Chen,independent,needs_more_evidence,,,,,source_snapshot,,"The available preprint author list does not include Zhijie Chen, so National University of Defense Technology coauthors cannot be assigned to this ECVA author record."
dbdc69ea6ccbdea0ca2d796e1af24ebf,Huan Ling,Stealth Startup / ex-NVIDIA,declared_undisclosed_organization,,,,,source_snapshot,,"The source declares an undisclosed startup rather than an organization; NVIDIA is historical employment and is not assigned as the paper affiliation."
dc6e224a8d74ce03bf301152d6e33e97,Zhiyao Zhang,College of Information Science and Engineering,paper_context_inferred,Northeastern University,https://ror.org/03awzbc87,CN,China,paper_context,https://english.neu.edu.cn/,"All named institutional coauthors on this paper are at Northeastern University China and this college label is its college; the mapping is marked inferred rather than directly verified."
ebad33b3c9fa1d10327bb55f9e79e2f3,Shijie Huang,Independent Reseacher,primary_source_resolved,Alibaba Qwen Applications Business Group,,CN,China,primary_preprint,https://arxiv.org/html/2605.25378,"The CollectionLoRA preprint identifies Shijie Huang with Alibaba's Qwen Applications Business Group."
f1b8b7b3ceb65c188dcdc0851634cadf,Yuan Gao,Stealth Startup,resolved_identity_country_pending,First Intelligence,,,,primary_preprint,https://arxiv.org/html/2511.22098,"The preprint identifies Yuan Gao with First Intelligence, but the primary source used here does not establish the organization's representative country."
f77ad541b6b5bc48c47d814b95491fbd,Sidan DU,Nanjing,primary_source_resolved,Nanjing University,https://ror.org/01rxvg760,CN,China,primary_preprint,https://arxiv.org/html/2511.11368,"The LaxMotion preprint identifies Sidan Du with Nanjing University."
fcc852ebf6cd4e2633e85d81cc3cab92,Sethuraman T V,Department of Computer Science,primary_source_resolved,University of Illinois Urbana-Champaign,https://ror.org/047426m28,US,United States,primary_preprint,https://arxiv.org/html/2609.00505,"The ViTAL-X preprint identifies Sethuraman T V with both UIUC and Adobe Research; this department-only source segment maps to UIUC while Adobe remains separately explicit."
fd69dbe29f156a7ef876a40a94f65599,Jian Han,China,primary_source_resolved,ByteDance,,CN,China,author_homepage,https://hellojianhan.github.io/,"The author's page identifies Jian Han with ByteDance Beijing and lists this ECCV paper."
febefe1cc5c87748ea02036dbe9e3d67,Junha Lee,South Korea,primary_source_resolved,Pohang University of Science and Technology | SqueezeBits,https://ror.org/04xysgw12 | ,KR | KR,South Korea | South Korea,primary_preprint,https://arxiv.org/html/2506.12009,"The Affogato preprint identifies Junha Lee with POSTECH and SqueezeBits; the ECVA field contains only South Korea."
ff450ba01b0ca2695d62525505dd80eb,Gan Liu,Independent Research,confirmed_independent,,,,,primary_preprint,https://arxiv.org/html/2606.26947,"The DyRef preprint explicitly lists Gan Liu as an Independent Researcher."
ff450ba01b0ca2695d62525505dd80eb,Yancheng He,Independent Research,source_artifact_no_assignment,,,,,source_snapshot,,"Tencent is already explicitly retained in Yancheng He's same source affiliation string; the independent fragment adds no distinct organization."
