comparison_key,canonical_ror_id,canonical_organization,country_code,country_name,resolution_method,evidence_url,evidence_note
anhuiuniversity,https://ror.org/05th6yx34,Anhui University,CN,China,ror_high_confidence_variant,https://www.ahu.edu.cn,ROR v2.12 official website plus a compacted exact institutional name support this variant.
great bay unversity,https://ror.org/01hdgge16,Great Bay University,CN,China,ror_high_confidence_variant,https://www.gbu.edu.cn,ROR v2.12 official website plus a single-character source typo support this variant.
hebei univerisity,https://ror.org/01p884a79,Hebei University,CN,China,ror_high_confidence_variant,https://hbu.edu.cn,ROR v2.12 official website plus a transposition typo support this variant.
henan agriculture university,https://ror.org/04eq83d71,Henan Agricultural University,CN,China,ror_high_confidence_variant,http://www.henau.edu.cn/,ROR v2.12 official website plus the singular agricultural word variant support this mapping.
hong kong university of science and technology guang zhou,https://ror.org/050h0vm43,The Hong Kong University of Science and Technology (Guangzhou),CN,China,ror_high_confidence_variant,https://www.hkust-gz.edu.cn,ROR v2.12 official website plus the compacted Guangzhou spelling support this variant.
huazh ong universityof science and technology,https://ror.org/00p991c53,Huazhong University of Science and Technology,CN,China,ror_high_confidence_variant,http://english.hust.edu.cn/,ROR v2.12 official website plus whitespace-only source errors support this variant.
iiitd,https://ror.org/03vfp4g33,Indraprastha Institute of Information Technology Delhi,IN,India,ror_high_confidence_variant,https://www.iiitd.ac.in/,ROR v2.12 official website records IIITD as this institution's acronym.
imperial collage london,https://ror.org/041kmwe10,Imperial College London,GB,United Kingdom,ror_high_confidence_variant,https://www.imperial.ac.uk,ROR v2.12 official website plus the College-to-Collage source typo support this variant.
jilin univerisity,https://ror.org/00js3aw79,Jilin University,CN,China,ror_high_confidence_variant,https://www.jlu.edu.cn/,ROR v2.12 official website plus a transposition typo support this variant.
kyunghee university,https://ror.org/01zqcg218,Kyung Hee University,KR,South Korea,ror_high_confidence_variant,http://www.kyunghee.edu/,ROR v2.12 official website plus the removed internal space support this variant.
leibniz universitat hannover,https://ror.org/0304hq317,Leibniz University Hannover,DE,Germany,ror_high_confidence_variant,https://www.uni-hannover.de,ROR v2.12 official website plus the German-language spelling support this variant.
lulea tekniska universitet,https://ror.org/016st3p78,Luleå University of Technology,SE,Sweden,ror_high_confidence_variant,https://www.ltu.se,ROR v2.12 official website plus the Swedish-language name support this variant.
macau univeristy of science and technology,https://ror.org/03jqs2n27,Macau University of Science and Technology,MO,Macao,ror_high_confidence_variant,https://www.must.edu.mo,ROR v2.12 official website plus a transposition typo support this variant.
martin luther universitat halle wittenberg,https://ror.org/05gqaka33,Martin Luther University Halle-Wittenberg,DE,Germany,ror_high_confidence_variant,http://www.uni-halle.de/?lang=en,ROR v2.12 official website plus the German-language name support this variant.
mohamed bin zayed university of artificial intelligence uae,https://ror.org/0258gkt32,Mohamed bin Zayed University of Artificial Intelligence,AE,United Arab Emirates,ror_high_confidence_variant,https://mbzuai.ac.ae/,ROR v2.12 official website plus an appended country label support this variant.
new york universiy,https://ror.org/0190ak572,New York University,US,United States,ror_high_confidence_variant,https://www.nyu.edu,ROR v2.12 official website plus a source typo support this variant.
northwesternpolytechnical university,https://ror.org/01y0j0j86,Northwestern Polytechnical University,CN,China,ror_high_confidence_variant,https://www.nwpu.edu.cn,ROR v2.12 official website plus the removed word boundary support this variant.
royal danish academy,https://ror.org/031gjxb79,"Royal Danish Academy – Architecture, Design, Conservation",DK,Denmark,ror_high_confidence_variant,https://royaldanishacademy.com,ROR v2.12 official website identifies the abbreviated source name.
sapienza universita di roma,https://ror.org/02be6w209,Sapienza University of Rome,IT,Italy,ror_high_confidence_variant,https://www.uniroma1.it,ROR v2.12 official website plus the Italian-language name support this variant.
shenyang institue of automation,https://ror.org/00ft6nj33,Shenyang Institute of Automation,CN,China,ror_high_confidence_variant,http://english.sia.cas.cn/,ROR v2.12 official website plus a source typo support this variant.
southern university for science and technology,https://ror.org/049tv2d57,Southern University of Science and Technology,CN,China,ror_high_confidence_variant,https://sustech.edu.cn,ROR v2.12 official website plus a preposition variant support this mapping.
technische universitat clausthal,https://ror.org/04qb8nc58,Clausthal University of Technology,DE,Germany,ror_high_confidence_variant,https://www.tu-clausthal.de,ROR v2.12 official website plus the German-language name support this variant.
technische universitat dortmund,https://ror.org/01k97gp34,TU Dortmund University,DE,Germany,ror_high_confidence_variant,https://www.tu-dortmund.de/en/,ROR v2.12 official website identifies the German source name as TU Dortmund University.
the catholic university of korea,https://ror.org/01fpnj063,Catholic University of Korea,KR,South Korea,ror_high_confidence_variant,https://www.catholic.ac.kr/,ROR v2.12 official website plus an article-only source variant support this mapping.
the manchester metropolitan university,https://ror.org/02hstj355,Manchester Metropolitan University,GB,United Kingdom,ror_high_confidence_variant,https://www.mmu.ac.uk,ROR v2.12 official website plus an article-only source variant support this mapping.
the queen s university belfast,https://ror.org/00hswnk62,Queen's University Belfast,GB,United Kingdom,ror_high_confidence_variant,https://www.qub.ac.uk,ROR v2.12 official website plus the encoded possessive/article variant support this mapping.
the university of nottingham ningbo china,https://ror.org/03y4dt428,University of Nottingham Ningbo China,CN,China,ror_high_confidence_variant,https://www.nottingham.edu.cn,ROR v2.12 official website plus an article-only source variant support this mapping.
tianjin research institute for water transport engineering m o t,https://ror.org/018ha0a04,Tianjin Research Institute of Water Transport Engineering,CN,China,ror_high_confidence_variant,http://tiwte.ac.cn/en/index.aspx,ROR v2.12 official website plus the source preposition and ministry acronym variant support this mapping.
univerity of maryland college park,https://ror.org/047s2c258,"University of Maryland, College Park",US,United States,ror_high_confidence_variant,https://umd.edu,ROR v2.12 official website plus a source typo and punctuation variant support this mapping.
universidad de santiago de compostela,https://ror.org/030eybx10,Universidade de Santiago de Compostela,ES,Spain,ror_high_confidence_variant,https://www.usc.gal,ROR v2.12 official website identifies this Spanish/Galician name variant.
universidad industrial de santander,https://ror.org/00xc1d948,Industrial University of Santander,CO,Colombia,ror_high_confidence_variant,https://uis.edu.co,ROR v2.12 official website identifies the Spanish source name.
universidad miguel hernandez de elche,https://ror.org/01azzms13,Universitat de Miguel Hernández d'Elx,ES,Spain,ror_high_confidence_variant,https://www.umh.es,ROR v2.12 official website identifies this Spanish-language source name.
universidad politecnica de valencia,https://ror.org/01460j859,Universitat Politècnica de València,ES,Spain,ror_high_confidence_variant,https://www.upv.es,ROR v2.12 official website identifies this Spanish-language source name.
universita degli studi di modena e reggio emilia,https://ror.org/02d4c4y02,University of Modena and Reggio Emilia,IT,Italy,ror_high_confidence_variant,https://www.unimore.it,ROR v2.12 official website identifies this Italian-language source name.
universita degli studi di padova,https://ror.org/00240q980,University of Padua,IT,Italy,ror_high_confidence_variant,https://www.unipd.it,ROR v2.12 official website identifies this Italian-language source name.
universitat mannheim,https://ror.org/031bsb921,University of Mannheim,DE,Germany,ror_high_confidence_variant,https://www.uni-mannheim.de/en/,ROR v2.12 official website identifies this German-language source name.
universitat osnabruck,https://ror.org/04qmmjx98,Osnabrück University,DE,Germany,ror_high_confidence_variant,https://www.uni-osnabrueck.de/en/home.html,ROR v2.12 official website identifies this German-language source name.
universitat paderborn,https://ror.org/058kzsd48,Paderborn University,DE,Germany,ror_high_confidence_variant,http://www.uni-paderborn.de/en/,ROR v2.12 official website identifies this German-language source name.
universitat potsdam,https://ror.org/03bnmw459,University of Potsdam,DE,Germany,ror_high_confidence_variant,https://www.uni-potsdam.de/en/,ROR v2.12 official website identifies this German-language source name.
university of arkansas fayetteville,https://ror.org/05jbt9m15,University of Arkansas at Fayetteville,US,United States,ror_high_confidence_variant,http://www.uark.edu/,ROR v2.12 official website plus a preposition variant support this mapping.
university of santiago de compostela,https://ror.org/030eybx10,Universidade de Santiago de Compostela,ES,Spain,ror_high_confidence_variant,https://www.usc.gal,ROR v2.12 official website identifies this English/Spanish source name.
university of science and techonology of china,https://ror.org/04c4dkn09,University of Science and Technology of China,CN,China,ror_high_confidence_variant,https://ustc.edu.cn,ROR v2.12 official website plus a source typo support this mapping.
university of strasbourg,https://ror.org/00pg6eq24,Université de Strasbourg,FR,France,ror_high_confidence_variant,https://www.unistra.fr,ROR v2.12 official website identifies this English/French source name.
university of texas at arlington,https://ror.org/019kgqr73,The University of Texas at Arlington,US,United States,ror_high_confidence_variant,http://www.uta.edu/uta/,ROR v2.12 official website plus an article-only source variant support this mapping.
university putra malaysia,https://ror.org/02e91jd64,Universiti Putra Malaysia,MY,Malaysia,ror_high_confidence_variant,https://upm.edu.my,ROR v2.12 official website identifies this English/Malay source name.
zhaw zurcher hochschule fur angewandte wissenschaften,https://ror.org/05pmsvm27,ZHAW Zurich University of Applied Sciences,CH,Switzerland,ror_high_confidence_variant,https://www.zhaw.ch,ROR v2.12 official website identifies this German-language source name.
